kata,vector_1,vector_2,vector_3,vector_4,vector_5
,-1.90122,0.22181016,-0.20716624,1.3442919,0.9513422
indonesia,-0.72364664,-1.5301676,-0.4047726,-0.03782823,1.0233334
-,-2.1720555,0.5228682,-0.020343179,0.8593154,1.1336418
jakarta,0.7067273,-0.40720138,-0.46786234,1.9496374,2.1558027
menteri,-0.11752599,0.87775826,-0.90649736,0.26214334,2.575064
rp,-0.32687792,-1.064377,0.6502627,2.131942,1.8770362
balap,-1.4251466,-0.5493192,-2.1038835,0.36461926,0.4261929
uang,-0.64385766,0.87053967,-0.4345078,-0.34260923,2.5888834
motogp,-2.511504,-0.2523778,-1.8485249,-0.03685069,0.5053306
ini,-0.63447803,-0.6157002,-0.656838,0.48498598,0.9619859
marquez,-2.2082076,-0.34654155,-2.480317,1.2061751,0.4505859
emas,-0.53911597,-1.9074695,-0.21830429,1.9460053,0.7528575
jalan,-0.22829446,-0.96814317,-0.946594,0.026865054,1.1973578
hasil,-1.0915782,-1.0160754,-1.1950892,0.07906655,0.4928617
usaha,-0.0042673964,-0.88781655,-0.96584404,-0.64210427,1.9374375
juara,-1.1468236,-1.5186349,-1.3653864,0.8413306,0.13257748
posisi,-1.1358969,0.046881754,-2.7102392,0.99153876,0.6737723
sebut,-0.08204219,-0.5738732,-0.29892322,0.41244057,1.7249979
kembang,0.07645589,-1.2273726,-0.34934428,-0.28230274,2.1673338
poin,-1.7112026,-0.9823502,-2.161059,0.7925532,0.13050571
atlet,-0.49286583,-2.1125422,-0.22210234,0.5653069,1.139561
dukung,-0.14742914,-1.4098443,-0.4630168,-0.5631658,1.8875123
itu,-0.4075624,-0.54366446,-0.55792046,0.46716473,1.1867881
kuat,-0.23664218,-1.0512996,-0.6909753,-0.43312868,1.5828156
purbaya,-0.5287878,1.3595155,-0.88482994,0.41419506,2.6262429
games,-1.5958853,-2.387452,0.5301152,0.85276717,0.93786776
main,-1.0200227,-1.8012052,-0.30523723,0.44341296,0.7112507
proses,0.09085505,-0.27610818,-1.0131879,0.048301816,1.7887945
sesuai,0.31778485,-0.7013455,-0.5323082,0.13726664,2.207142
tingkat,0.16536337,-1.6686721,-0.54475254,0.38325384,1.522984
asi,-1.5634644,-2.3738325,0.6274302,0.683086,1.0642214
latih,-1.0205626,-1.8013821,0.0013688527,0.5889958,0.84652907
jabat,-0.3429194,1.2673385,-1.3072927,0.30121756,2.6664727
marc,-1.8395487,-0.3557341,-2.9474685,1.0600402,0.5333159
perintah,-0.0040009967,-0.38956672,-0.21926233,0.14298671,2.2317245
selesai,0.13370399,-0.20663954,-1.6227883,0.27694362,1.4040664
lanjut,-0.072711974,-0.7239768,-0.76104707,0.24723458,1.3956339
milik,-0.21241587,-1.0634086,-0.94762826,0.05326431,1.1619339
nilai,-0.26146197,-0.7399851,-0.19590889,0.32474056,1.6022923
tim,-1.1254578,-1.51501,-0.5853608,0.6237897,0.406223
bezzecchi,-1.6411406,-0.15244098,-2.9062011,1.3775946,0.5012281
s,-3.935503,0.8891665,-0.30767265,2.3934002,1.8516196
butuh,0.042721298,-1.212809,-0.4491636,-0.59155196,2.2659323
harga,-0.26185265,-1.0127219,0.414729,1.9268627,1.6906396
september,-1.2679527,-0.32149807,0.42172018,0.51107466,1.2900234
nasional,-0.2608685,-1.1701816,-0.5089425,-0.40000233,1.6274592
suahasil,-0.38941526,1.1261631,-0.99803716,0.18692298,2.606173
capai,-0.35195115,-0.86273074,-0.17425951,1.2549667,1.202572
kerja,-0.34513733,-0.6010779,-0.2832604,-0.34746575,1.8094283
negara,-0.34698057,0.038228583,-0.13122024,0.28418317,1.9829816
salah,-0.38431552,-0.7275711,-0.8586747,0.034223765,1.1449758
harap,-0.36492443,-1.5566492,-0.46702033,-0.18396632,1.414636
baik,-0.16315553,-1.2231508,-1.0620081,0.16282901,1.0911267
menang,-1.6816574,-0.63503563,-1.7039832,0.43813246,0.36599115
martin,-2.0764294,-0.41465563,-2.5314088,1.6215761,0.41871276
pt,-0.72313064,-0.75628996,-0.49413767,-0.7464983,1.4107165
terima,-0.0467352,-0.3309139,-0.26128107,0.245687,2.0659633
prabowo,0.17954078,0.43863928,-0.4941728,0.9398109,2.4346378
layan,0.061896123,-0.687885,-0.39219394,-0.29550037,2.251992
dasar,-0.36191428,-0.1971303,-0.2436718,0.26751387,1.7727525
temu,-0.43713364,-0.55869454,-0.15392566,0.55350494,1.4396964
bangun,-0.08084313,-1.0209924,-0.6174847,-0.3885524,1.8031628
san,-2.6378846,-0.27844244,-2.5422256,0.15586619,0.58182025
lrt,0.72432077,-0.017225001,-0.6149483,1.5255548,2.6454809
putra,-1.421044,-2.0436947,0.2832809,1.5122399,0.604388
marino,-2.726926,-0.28662032,-2.3932788,0.14010891,0.6290461
laku,0.07822928,-0.5249125,-0.9924217,-0.20656437,1.8851893
kondisi,-0.21202013,-0.6674822,-0.6604219,-0.22680795,1.6454226
utama,-0.9995899,-0.5720377,-1.1515375,-0.34016675,0.8038479
tanding,-1.2179375,-1.3643832,-0.15763609,0.23674203,0.80732745
tumbuh,-0.09294648,-0.9078266,-0.11282231,-0.06394,2.031617
catat,-0.72207624,-0.22796224,-0.79397225,1.12538,0.84468436
ekonomi,0.07196237,-0.81513613,-0.5952658,-0.21743123,2.043068
masyarakat,0.05339825,-0.927073,-0.54256487,-0.29197386,2.0697641
ikut,-0.7969669,-0.7010396,-0.74934024,0.22885104,0.8767592
presiden,-0.28884614,0.28058434,-0.0048396653,0.33206943,2.3607647
kait,-0.2871159,-0.020422976,-0.46108314,-0.15693039,2.0466635
ya,-0.5750219,-0.9824331,-0.20719422,0.38785866,1.1669024
medali,-0.7972236,-2.5481567,-0.6005543,1.3570406,0.5184716
raih,-1.1344395,-2.1978455,-1.2604887,0.95084226,0.09729584
serta,-0.8499046,-0.83858025,-0.595405,0.47661653,0.7963915
pb,-0.78491074,-1.3283054,-0.05172243,1.5628653,0.8002231
jepang,-1.3403049,-1.4162736,0.07084013,0.30192402,0.83229375
tambah,-0.9321332,-1.2383562,-1.0643382,0.5629806,0.40304285
olahraga,-0.24523248,-1.6070973,-0.052996065,0.2337511,1.5438951
selasa,-0.51278234,0.6294709,0.045000594,1.4517206,2.044533
jaga,-0.39636806,-0.7842673,-0.8403413,-0.87733126,1.8008463
orang,-0.69212615,-1.0550038,0.28944528,0.7614897,1.2729264
penuh,0.21846162,-0.68056804,-0.6316989,0.07438367,2.0135462
motor,-1.1580085,-0.43281037,-1.1728204,0.032540217,0.68648314
dunia,-0.60491866,-1.3626765,-0.99124795,0.062470283,0.79392004
tentu,-0.013749722,-0.56032586,-0.89534456,0.24144855,1.5491208
kali,-1.0352603,-0.93494,-1.4214674,0.6365996,0.37043184
video,0.050319057,0.25341415,-0.505331,0.88466394,2.1099446
pimpin,-0.4256144,0.3723199,-1.6435478,0.14515471,1.3018808
terang,-0.34898415,0.05528839,0.03489273,1.1498626,1.7998353
kelola,0.020724228,-0.7014774,-0.72031474,-0.37180886,1.9370624
rabu,-0.4435123,0.095170476,0.32526425,1.8725089,1.8380481
industri,0.019436803,-1.4015968,-0.5182947,-0.53199047,2.1900709
putri,-1.0269644,-1.8423604,0.24638738,1.2002329,0.9261511
ducati,-2.9323823,0.4545806,-1.3530864,1.4600141,0.88343626
lap,-1.8099277,-0.041454572,-2.2119186,1.2037643,0.40485433
siap,-0.4085549,-1.2256227,-0.24087797,0.37496284,1.306597
tiga,-1.3894533,-0.022173585,-2.2189457,0.74729604,0.5654271
nomor,-0.91183686,-1.2117012,0.3201228,1.093967,1.0037748
buka,-0.39523184,-0.55066836,-0.2762786,0.00056513585,1.6192762
hadir,-0.49380118,-0.5047275,-0.81047785,-0.32987726,1.4125727
investasi,0.11313226,-0.6683762,-0.49645543,0.1015601,2.002722
gelar,-1.4261763,-0.9483041,-1.238433,0.3475263,0.31535244
tahan,-0.79643387,-1.1838396,-1.5753198,-0.089236006,0.5864042
beras,0.009006313,-0.48154616,0.4114858,0.99896485,2.5386395
langsung,-0.6124787,0.09852981,-1.0842587,0.28183603,1.1669691
bawa,-0.694582,-1.327103,-0.5186798,0.018075878,0.9552369
persero,-0.41198552,-0.7274169,-0.5278,-0.38203204,1.5406857
direktur,-0.19211635,-0.5853354,-0.58654565,-0.08982827,1.6430552
turun,-1.002416,-0.5008145,-0.49449423,1.1178334,0.68439347
sektor,-0.6128654,-1.3758779,0.005995366,-0.14102203,1.4172943
marco,-1.8952838,0.09724003,-2.5114627,1.4254502,0.6313625
depan,-0.7786494,-0.5490903,-1.6480236,0.47441426,0.57480466
triliun,-0.34995726,-0.35591727,0.48406753,1.6544155,2.0405743
stasiun,0.05604667,0.49092385,-0.4276165,1.3478163,2.3119044
pertamina,-1.1440892,0.05015485,-0.2031605,0.2942767,1.1433587
selatan,-0.41135904,-0.101295814,-0.50266266,1.5719953,1.2631487
dki,0.14122671,-0.7374138,-0.23814934,0.88039386,1.7220882
resmi,-0.00023179501,0.33887944,-0.49765408,0.9624843,2.046276
pusat,-0.3474221,-0.20806624,0.29365337,0.85512716,1.8954318
tampil,-1.3268849,-1.3697712,-0.5739136,0.49833533,0.36326206
mampu,-0.075903594,-1.2546846,-0.7716274,-0.2367592,1.5629535
bijak,-0.19029918,-0.20627573,-0.52123344,-0.3285547,2.2675824
ganda,-1.4448847,-1.9986358,0.36522946,0.91149366,0.7591422
cepat,-0.576739,-0.42689043,-1.5398465,0.113697976,0.813788
kapal,-0.5032593,-0.58845264,-0.3904269,-0.43244267,1.5995294
proyek,0.29262128,-0.24814814,-0.76567817,0.4999135,1.9265378
alam,-0.5254431,-1.1433908,-0.6247296,0.15213163,1.0304337
langgan,0.017740292,-0.89483684,-0.43246368,-0.2228466,2.0393174
energi,-0.030976208,-0.90961564,-0.8306865,-0.6311844,1.9661161
langkah,0.011212835,-1.0775431,-0.516409,-0.19673972,1.9057388
rencana,-0.30016154,-0.71644616,-0.24871027,0.2743357,1.5358615
sempat,-0.76514715,-1.5098155,-0.2419582,0.53155875,0.9382658
saing,-1.2743318,-0.9831964,-1.0992682,0.041204706,0.44921985
fortifikasi,0.090483025,-0.39063185,-0.014376674,0.8619326,2.3178082
wib,-2.6872404,0.7181256,-1.373876,0.8614074,0.91772956
miliar,-0.44793725,-0.8542316,0.40925893,1.6465151,1.5976886
kami,-0.5711051,-1.3970705,-0.3759426,0.2751472,1.06202
ajar,-0.41484106,-2.2118933,-0.11014645,0.45323357,1.420292
jorge,-2.3384335,0.017997315,-2.2043245,1.2423148,0.5385159
potensi,-0.10867368,-1.1435176,-0.16275321,0.20875053,1.7701212
tutup,-0.67107743,-0.2139111,-0.9671935,0.94411767,0.8689914
moto,-2.3899736,0.4051005,-1.475165,0.13406332,0.7711979
kepala,-0.49139422,-0.52302396,-0.13279147,0.23829596,1.4607813
besar,-0.46143746,-0.646908,-0.9348995,0.524449,0.8687059
saya,-0.81215906,-1.3681167,-0.56324124,0.4308338,0.7722133
hadap,-0.8496685,-1.0971273,-0.31285995,0.4375928,0.9091809
akhir,-0.955238,-0.039383322,-1.8162441,0.54745394,0.70887864
rider,-1.7379417,0.042766158,-2.1540594,0.6488533,0.5255083
alex,-2.5751348,0.42079586,-1.5662075,1.4628847,0.69716036
rumah,-0.5188009,-0.19427234,-0.72559977,0.21445999,1.3359592
pramono,0.3030283,-0.2818966,-0.26800147,1.0721966,2.093799
konsumen,0.016150603,-0.48121098,-0.4726797,0.6216996,1.8215837
manfaat,-0.25911567,-0.8620723,-0.46906817,-0.10957,1.580243
masuk,-0.7203627,-0.48781857,-0.93566877,0.38556415,0.83086765
ubah,-0.2982588,-0.6526825,-0.7051766,-0.011582773,1.4358815
seri,-1.8753377,-0.668063,-1.1633638,0.5116134,0.26273078
pajak,-0.00047340122,0.1268165,-0.6121836,0.6461973,2.0107658
bisnis,-0.051179085,-1.0349818,-0.46941224,-0.4538485,1.9850054
rc,-3.460944,0.31226307,0.21346329,2.3960176,1.711769
prestasi,-0.56249386,-2.0336792,-0.3782929,0.10336359,1.1402798
pasar,0.030329127,-0.7071224,-0.33853918,-0.10177082,2.0825937
musim,-1.8059311,-0.5707911,-1.400568,0.30502996,0.3902456
wakil,-0.52918327,-0.3246055,-0.29881516,0.095194876,1.5454537
gp,-2.9079578,0.76133096,-1.035092,1.6169631,1.0189086
alami,-0.85956883,-0.5036253,-1.342358,0.8392862,0.49673378
saham,-0.2214102,-0.46574435,-0.083386086,1.1959567,1.6249819
jadi,-0.7054077,-0.6468016,-1.0414629,0.14487319,0.8811196
produksi,-0.27587572,-1.3466784,-0.30182156,0.12908514,1.3719205
tahun,-0.59429944,-0.36271417,-0.20256403,0.7292704,1.2880889
daerah,-0.5440686,-0.5970358,-0.29978603,-0.17688982,1.6180369
juta,-0.4648135,-1.4725597,0.28940836,1.3504366,1.2716852
atur,-0.34982648,-0.14523958,-0.3369733,0.12804128,1.7915174
lain,-0.45676965,-0.38514218,-0.9998613,-0.18691571,1.2748648
djarum,-0.83852834,-1.7975284,0.034766298,1.0725698,0.89266753
simak,-0.13921012,0.25611043,-0.5032522,0.7617856,1.9593375
lihat,-0.28741387,-0.40745682,-0.6899997,0.6148454,1.2516811
percaya,-0.48647946,-0.89444447,-0.7038387,-0.2171167,1.2857478
unggul,-1.1993951,-0.44392294,-1.7047663,0.66720855,0.48716015
kota,-0.67985255,-0.43390653,-0.17614599,0.7903283,1.2396996
produk,0.06936177,-0.6116351,-0.24811606,0.30191743,2.0636806
daya,-0.11964782,-1.0360138,-0.79725367,-0.3804069,1.6315577
ajang,-0.97632265,-1.2585686,-0.28417662,0.57480776,0.7272145
lalu,-0.87742,-0.5406653,-0.8763381,0.4555142,0.7133785
bonus,-0.47464165,-2.0815535,-0.04462982,1.0222487,1.174129
hari,-0.36092493,-0.6327247,-0.48024425,0.4219264,1.2860205
aman,-0.5476168,-0.62684935,-0.5040099,0.2520456,1.2395703
barat,0.25400653,-1.0045135,-0.32218826,1.2346655,1.5281473
anak,-0.3935191,-0.7510552,-0.47569844,-0.14657502,1.388431
pertama,-1.3201871,-0.76546,-1.6702855,0.64602154,0.32096025
fiskal,-0.14213838,-0.5019487,-0.7681549,-0.43571588,2.1169424
duga,-0.020028556,-0.48270658,-0.09367443,0.6965758,1.9643373
aprilia,-2.390635,0.37284598,-1.7701937,1.6332093,0.7271128
total,-0.71514827,-0.508935,-0.7040922,0.8823259,0.84645325
juang,-0.48418245,-1.2942532,-0.7406686,0.48185107,0.90648097
dua,-0.9665432,-0.52053833,-1.0380863,0.70201504,0.6031633
tulis,-0.74265665,0.13458794,0.13767424,1.1006538,1.6348261
detik,-1.4326036,-0.13699792,-2.0868852,1.0108199,0.47285894
ganti,-0.608654,0.80453795,-0.9774419,0.25213474,1.9007727
tahap,-0.5408945,-1.035834,-0.36693695,0.14150226,1.2180847
ekosistem,-0.24731024,-1.2342579,-0.60592425,-0.5243254,1.780856
selenggara,-0.48124266,-0.5103806,-0.6052651,0.18020147,1.254829
tinggi,-0.5954808,-0.7152032,-0.40471587,0.48649228,1.148875
juga,-1.1489043,-0.7498013,-0.6417766,0.9717197,0.5338695
dagang,-0.45527795,-0.6631083,-0.14338776,0.77332073,1.3133419
sama,-0.62205863,-0.79497737,-0.5902595,0.19526443,1.0879
gagal,-1.0932161,-0.7533103,-1.6496817,0.5972916,0.40693423
baru,-0.53710455,-0.4229904,-0.63172114,-0.09253922,1.337745
minggu,-1.6315248,-0.115733065,-1.1355904,0.8526376,0.47302192
fokus,-0.7073562,-1.2131077,-0.43352637,0.15233321,1.004418
klasemen,-1.7319337,-0.45982042,-2.5183983,0.44218954,0.51395756
group,-0.13032529,-1.2662847,-0.5230219,-0.6519527,2.1064413
beli,-0.28139117,-0.8409489,-0.31555906,0.27819946,1.5643435
internasional,-0.67135686,-1.1503501,-0.16521837,0.13782398,1.2285959
kelas,-1.2661811,-0.92179424,-0.53336734,0.30499724,0.59895223
lengkap,-0.9797721,-0.39013386,-1.1244481,0.24411526,0.6949309
target,-0.5279429,-1.4160575,-0.17091031,0.629422,1.0896674
misano,-2.0498526,-0.1335463,-2.086679,0.54881734,0.48942637
menkeu,-0.5805454,1.051985,-0.8675751,0.28751674,2.4324987
informasi,-0.28722548,-0.091188684,-0.4164328,0.2723059,1.7859181
kantor,-0.37466112,0.036178067,-0.017065257,0.82617986,1.7615595
bantu,-0.18847276,-0.6838858,-0.55091816,-0.039232016,1.6581819
satu,-0.51374197,-0.793393,-0.61915666,0.35189983,1.066848
ktm,-2.8926287,0.49507573,-0.27908736,1.8081217,1.2799971
usia,-0.8662431,-0.80695796,-0.69668126,0.49148467,0.75596774
upaya,-0.35851884,-0.84034365,-0.6461179,0.16550043,1.2432032
arah,-0.23294006,-0.549414,-0.44863233,-0.092090584,1.8449022
world,-1.7093158,-0.74034524,-1.0374986,0.99348307,0.20607278
program,-0.19588757,-0.65216917,-0.6505775,-0.074798696,1.630377
serah,-0.27937317,-0.11774802,-0.592743,0.39053932,1.5580468
yamaha,-2.6843922,0.5741815,-0.13676852,1.6820471,1.3844463
apresiasi,-0.3818382,-1.6337034,-0.16866194,0.41907987,1.2950994
ke-,-1.3872646,-0.33361983,-2.0429566,0.81749797,0.42696995
aku,-0.76747984,-0.3600453,-0.72685134,0.48539916,0.88750345
awal,-0.2802701,-0.5698055,-0.88752383,0.29071984,1.2326628
muda,-0.42598078,-1.1936986,-0.3335604,0.1279923,1.2579879
transaksi,-0.23874667,-0.829869,-0.30852273,0.53809184,1.4221689
chandra,-0.1642916,-1.464677,-0.43012476,-0.6327704,2.0604734
jual,-0.31975123,-0.6857253,0.023967896,1.0688035,1.5245011
hubung,-0.06946942,-0.58465767,-0.5834297,-0.03337764,1.7771516
jenderal,-0.18282042,0.030687217,-0.40660134,0.3936562,1.9582407
riders,-1.1705656,-0.75395894,-1.3662177,-0.3909449,0.83095104
lawan,-1.1137962,-0.78422874,-0.83942384,0.41198677,0.66353846
koordinasi,-0.06243489,-0.32877225,-0.5657404,0.0023321777,1.9240433
wajib,-0.038581613,-0.51578766,-0.6334976,0.23891951,1.7256646
bea,-0.2929146,-0.16841254,-0.35089785,0.5547789,1.806845
nama,-0.56084955,-0.36426574,-0.77689016,0.17339446,1.1397375
honda,-2.8332899,0.11340837,0.027533017,1.9832252,1.1161234
sedia,-0.23019859,-0.6563087,-0.35931525,-0.004685034,1.6797303
tantang,-0.4577498,-0.55566317,-0.78278106,-0.050738055,1.3436474
putus,-0.31918293,0.33471683,-0.59978974,0.24795875,1.9517576
level,-0.89505166,-0.724883,-0.11171817,0.75669086,1.0738293
ada,-0.6547263,-0.7530903,-0.31557393,0.13305672,1.1834131
dorong,-0.3301429,-0.89416474,-0.4037012,-0.07494299,1.5608782
manggarai,0.17138818,0.012630399,-0.27616453,1.3703982,2.1819382
asri,-0.06437292,-1.4587356,-0.7207072,-0.8141352,2.0944593
v,-2.4418318,0.063587606,-0.14759053,1.9174321,1.0177863
jaring,-0.26575583,-0.73213667,-0.42581907,-0.029312382,1.5857468
sirkuit,-1.4075575,-0.2843864,-1.3736663,0.32408935,0.5425513
tinggal,-1.0096201,-0.23711239,-1.42462,0.36373746,0.6629157
tikung,-1.4437788,-0.26934862,-2.293437,0.9031088,0.48978618
kalah,-1.0957344,-1.03396,-0.88291204,0.73845786,0.43135864
oktober,-0.7776858,-0.8483831,-0.13820247,0.582914,0.97362244
tekan,-0.74183977,-0.28554863,-1.4082631,0.4221038,0.8116723
crash,-1.6466492,-0.3493215,-2.1541996,0.77627254,0.401823
race,-1.922482,-0.34900507,-2.2138195,0.23136273,0.4964458
lapang,-0.56318945,-1.0606413,-0.59528977,-0.21370673,1.295279
bayar,-0.38480797,-0.3648073,-0.66696465,0.4265031,1.3214236
operasional,-0.14439821,-0.7007367,-0.5351012,-0.21969333,1.7632283
ombak,-0.2811437,0.7428332,-0.8577877,0.53347737,2.3046303
us,-0.5769774,-1.0028965,-0.30532283,1.5194684,0.84956837
tni,-0.59752977,-0.55519617,-0.48849142,0.37389323,1.0227903
lintas,-0.8128586,-0.42680722,-0.92689794,-0.024624502,0.956353
finis,-1.6243777,-0.47269997,-2.0708518,0.49488476,0.36405593
luas,0.050804324,-1.0523567,-0.5724747,-0.23053059,1.8320092
angka,-1.1158795,-0.44913036,-0.8883831,0.4907863,0.622292
pasti,-0.5893374,-0.67609096,-0.7615244,0.07015805,1.1320031
beda,-0.5342228,-0.97322065,-0.47942448,0.3321689,1.1342465
kemenkeu,-0.24263085,0.51332605,-0.56572384,0.55710244,2.156983
negeri,-0.24819699,-0.79653347,-0.40832967,-0.120205864,1.7439162
cukai,-0.1433328,-0.17335181,-0.7077462,0.67833114,1.5958207
acosta,-2.5412762,0.3191719,-1.608819,1.174446,0.61779153
kata,-0.42382082,-0.4352595,-0.35250133,0.33205092,1.4326407
pasang,-1.0613333,-1.431001,0.12933011,0.64042264,0.87205565
namun,-0.7527405,-0.65713453,-1.0114532,0.20750459,0.8166209
aichi-nagoya,-1.4479656,-1.8235918,0.8322639,0.6339594,1.3058211
baca,-0.94851196,-0.34409672,-0.85151094,0.86122835,0.73414516
andal,-0.52353865,-1.2216753,-0.31602314,0.26569933,1.1014615
panjang,0.1310765,-0.47143057,-0.49834597,0.53640014,1.8159245
kelapa,0.34856257,-0.20616198,-0.5424204,0.9855149,2.109367
jalur,0.11671845,-0.57206565,-0.5219593,0.7678984,1.5902882
nggak,-0.390834,-0.34350163,-0.7396555,0.104825795,1.4071507
racing,-2.272918,0.42166606,-1.0699251,1.3844413,0.75505817
hitung,-0.5088345,-0.30984306,-0.18841583,0.5206005,1.4687548
periksa,-0.32042372,-0.2896552,-0.5652688,0.16496082,1.5275831
transportasi,-0.01664243,-0.36596355,-0.41673505,0.31897053,1.787868
red,-2.8477423,0.31708178,0.061594237,1.7342546,1.2510202
gresini,-2.2348268,0.5921483,-1.1953279,1.3043828,0.82150364
pasok,-0.100199364,-0.8287226,-0.6948543,-0.41220105,1.8789172
empat,-1.5258974,-0.45407817,-1.8223312,0.46381742,0.3564673
cari,-0.7073713,-1.4697411,-0.17632778,0.34976998,1.1017424
bagus,-0.8209435,-1.2842063,-0.57632285,0.27061853,0.78746676
utang,-0.24780019,-0.27615243,-0.7313271,0.46481344,1.4139369
rugi,-0.16361201,-0.55779535,-0.4749795,0.61885506,1.5710133
bold,-1.2987081,-0.24024971,-1.353749,-0.33064288,0.8883074
urus,-0.38350803,-0.4966089,-0.16328062,0.42271474,1.5400944
ketua,-0.32607445,-0.9807553,-0.30769774,0.5489914,1.2592791
fasilitas,-0.19268925,-0.7970967,-0.38774,-0.06787292,1.6770482
kualitas,-0.38021573,-1.1786476,-0.4004712,0.027031539,1.372695
kualifikasi,-1.824771,-0.38923022,-1.4341964,0.17448446,0.47831887
bull,-2.843013,0.31086263,0.109698504,1.7761678,1.347862
kilogram,-0.45533392,-0.70697635,-0.10764667,1.131355,1.3062544
kompetisi,-0.6500931,-1.2137579,-0.7328766,-0.0015177862,1.0681915
ambil,-0.84237224,-0.28058258,-1.0016873,0.24363638,0.90926325
tarik,-0.7625209,-0.64023817,-0.8151505,0.013549149,1.0047243
tbk,-0.44961944,-0.93005365,-0.5241366,-0.38626683,1.2825023
tindak,-0.34522367,-0.6258223,-0.558123,0.42920473,1.2976321
biaya,-0.4544775,-0.502448,-0.3116547,-0.12409616,1.7419647
sumber,-0.46373492,-0.6877648,-0.30539027,-0.41841483,1.6909705
bina,-0.24957964,-1.1686412,-0.3789375,0.13932827,1.5085
lindung,-0.13487656,-0.620174,-0.6660544,0.09068062,1.6270007
hak,-0.6046089,-0.22613695,-0.5975712,0.102297425,1.2735165
batas,-0.40140986,-0.71541095,-0.3292976,0.57710236,1.2903545
standar,-0.18682094,-0.5681861,-0.28312513,0.36390465,1.682959
sesi,-1.714547,-0.34723565,-1.794729,0.6325036,0.44817472
regu,-1.2499903,-1.4682375,0.432377,1.1105013,0.9773397
bulutangkis,-0.71663517,-1.6769536,-0.01781601,0.47165877,0.9880582
tujuh,-1.2423931,-0.86196816,-1.7132245,0.78911346,0.24819739
gram,-0.6834894,-0.90570754,0.08118662,2.3002024,1.4714204
kolaborasi,-0.062604725,-0.88425946,-0.6925781,0.009144296,1.5452213
menit,-0.9816503,-0.2624188,-1.6471713,0.85765916,0.5501468
global,-0.2861895,-1.0347923,-0.67816466,0.048712157,1.3225045
uji,-0.6474288,-0.55683607,-0.6828556,-0.04539784,1.1601111
kawasan,-0.021831917,-0.4405877,-0.465602,0.16325743,1.7761551
lantik,-0.57035077,0.5259375,-0.5217354,0.29688352,1.9323546
ruang,-0.41845936,-0.5780951,-0.44224134,-0.08831876,1.5266354
tuju,-0.43478644,-0.66837883,-0.26354283,0.04787953,1.5488129
podium,-1.5245988,-0.42214915,-1.8703207,0.21426134,0.4114652
bentuk,-0.4519075,-0.80417526,-0.3114974,0.28090578,1.3522466
pilih,-0.6496883,-0.84576267,-0.34470004,0.24092829,1.1788213
dana,-0.08464685,-0.4141526,-0.4397507,0.50379133,1.7975351
danantara,-0.16396259,-0.26158533,-0.6604433,0.413638,1.5774363
nazara,-0.5156997,0.813777,-0.93339914,-0.01127692,2.3314278
integrasi,0.016123252,-0.59079856,-0.6094401,-0.0046975953,1.7876581
naik,-0.48213685,-0.4835167,-0.16835494,0.8303904,1.309511
hukum,-0.46651444,-0.45998374,-0.6060727,0.13645557,1.34632
operasi,-0.19170587,-0.4392389,-0.5687245,0.38242486,1.4205775
sistem,-0.1536502,-0.6463752,-0.5817886,-0.04106076,1.6225898
jelas,-0.4589454,-0.42344353,-0.64199364,0.18103446,1.3655936
tetap,-0.48514804,-0.37869388,-0.5582267,0.09591942,1.3824488
kg,-1.1187147,-1.2895062,0.32470405,1.7481613,1.2852916
barang,-0.34699494,-0.78703207,-0.41136733,0.45161018,1.3519181
team,-1.728618,0.28786385,-0.8359793,1.0805194,0.70681214
laga,-1.3005893,-0.91255146,-0.4459874,0.41016984,0.61574095
mudah,-0.67177045,-0.9406938,-0.67261076,-0.038067207,1.0918641
oleh,-0.6046747,-0.83745116,-0.7957985,0.060648054,1.0359967
aldeguer,-2.2376604,0.4539064,-1.4518952,1.2806917,0.72141105
tahu,-0.62920207,-0.3434831,-0.5952819,0.043242514,1.3265728
badan,-0.29934978,-0.2399731,-0.35348272,0.21023506,1.7046986
nyata,-0.22905678,-0.5510269,-0.5666403,0.12227819,1.5728937
bbm,-0.48779044,-0.5902067,-0.55836606,-0.17968307,1.4731741
wilayah,-0.2277347,-0.58440226,-0.55058366,-0.10992116,1.6282374
bimo,-0.2333514,0.22204778,-0.35991207,0.63250554,1.8599498
fabio,-2.4938185,0.5337548,-0.92960465,1.6156182,0.8885898
peluang,-0.7113494,-0.89048755,-0.74732924,-0.3078182,1.1321727
tangan,-0.2970013,-0.468218,-0.48742995,0.3073361,1.4808936
rasa,-0.67281467,-0.437897,-1.2864895,0.34958354,0.8809488
open,-0.9851765,-1.0124081,-0.541519,0.52454984,0.6470875
kita,-0.5033508,-0.713936,-0.3441183,0.35636052,1.2480546
giat,-0.605691,-0.8899233,-0.28765765,0.017613009,1.3708395
bumn,-0.36397353,-0.34617153,-0.59922695,0.34287065,1.2904545
sadewa,-0.6808198,0.944387,-0.8543834,0.2063497,2.1674004
subianto,-0.13959801,0.06685828,-0.18932173,0.5898365,1.9842415
komitmen,-0.25284284,-0.6094703,-0.5655297,0.09849012,1.5848063
veda,-1.4908288,-0.31580445,-1.8262881,0.13872394,0.4808877
set,-1.3354748,-0.060115166,-1.1108782,0.38007918,0.708554
dampak,-0.3764815,-0.5045927,-0.6363003,0.06333695,1.5190501
strategis,-0.31424525,-0.87833405,-0.5986518,-0.13043632,1.4932712
komunitas,-0.9099931,-0.5131609,-0.6401361,0.07411681,1.1265091
adhi,-0.56474835,-0.57982635,-0.593019,-0.2560361,1.3804194
rapat,-0.50632715,-0.20481467,-0.3174467,0.19370154,1.5541292
basket,-0.7732517,-1.6212397,0.014057469,0.92853296,1.0447228
enam,-1.6030858,-0.54925346,-1.3775626,0.49051476,0.36705008
rebut,-1.4044981,-1.0987698,-1.5223615,0.5607021,0.20118947
pedro,-2.1032279,0.51092595,-1.5525086,1.4017392,0.71576625
umum,-0.7878995,-0.4583305,-0.5344705,0.3857294,0.99082947
berat,-0.40916723,-0.68460286,-0.61403036,0.95716625,1.130155
modal,-0.53911513,-1.2744315,-0.33500624,0.23692875,1.1220225
risiko,-0.390552,-0.5948691,-0.611594,-0.093118176,1.5310317
belum,-0.84115905,-0.39873728,-0.3862309,0.2821365,1.1062537
pekan,-1.1020948,-0.6153355,-1.3404547,0.34841543,0.51373786
yudhi,-0.5121038,0.9709411,-0.9960922,0.38791248,2.2877162
yzr-m,-2.3879728,0.5434618,0.006482265,1.9293926,1.5006784
sisi,-0.86975497,-0.3957634,-0.9317005,0.042230714,0.92239857
akibat,-0.47036982,-0.52746874,-0.8080109,0.259066,1.1088154
labuh,-0.51915234,-0.7547224,-0.3085802,-0.14737913,1.4631119
u-,-0.8950414,-1.3011166,-0.004719958,1.2049894,0.85094917
jadwal,-0.9039131,-0.5961108,-0.50213575,0.24487023,0.9916768
giannantonio,-2.226764,0.3432348,-1.6316699,1.3279595,0.6478293
tech,-2.311087,0.25298065,0.03904799,1.5407354,1.1432841
gabung,-0.6309664,-0.825099,-0.36713085,0.6140259,1.0159403
unit,-0.106320776,-0.1873961,-0.8088112,0.45798603,1.623278
tiket,-0.92771566,-1.130402,-0.46106693,0.70099807,0.7696376
keras,-0.42839295,-1.0034802,-0.7033603,0.21841606,1.1359277
tugas,-0.4148999,-0.5942362,-0.54452986,0.32251456,1.2889932
dapat,-0.62541455,-0.6256512,-0.35871384,0.4109829,1.2070707
ujar,-0.4674955,-0.68186814,-0.7366868,0.38267714,1.0630835
senang,-0.8866714,-1.207012,-0.35876474,0.47612005,0.8327693
puncak,-1.7947619,-0.4859705,-2.408129,0.2685633,0.5420086
jatuh,-1.3276043,-0.30352682,-1.7137172,0.62413347,0.49153656
maksimal,-0.6786175,-1.2638192,-0.57399786,0.44869626,0.8360966
sukses,-1.2655432,-0.38914984,-1.6917837,0.65135926,0.4340136
investor,-0.23745596,-0.85616815,-0.5644075,-0.1000145,1.6408045
amran,-0.31161985,-0.16424416,-0.048008937,0.90049446,1.8468035
sisa,-0.87767076,-0.16345234,-1.5788692,0.37295136,0.7183392
bahan,-0.48540288,-0.86499095,-0.44989628,-0.23429519,1.4159616
merah,-0.8078834,-0.61098784,-0.085765,0.5955645,1.1305966
data,-0.5104943,-0.3592232,-0.27345178,0.3044484,1.452503
p,-0.948735,0.16827089,-1.2822026,0.33497286,0.9276093
biasa,-0.73568463,-0.97810954,-0.40868616,0.34510466,1.0284786
lagi,-0.90396583,-0.40630385,-0.66531867,0.39030525,0.9584822
korea,-0.77884364,-0.5284944,-1.118905,0.8906226,0.8149105
olimpiade,-1.0203242,-1.1356763,-0.34911114,0.6263686,0.72841716
campur,-0.946141,-1.6053733,0.39231202,0.73196083,1.0140618
media,-0.72381675,-0.51718205,-0.20865263,0.16351159,1.2633842
guna,-0.46787587,-0.5909053,-0.4826384,0.08126384,1.3307648
senior,-0.58807486,-1.1166888,-0.6092753,0.3532464,0.969952
turnamen,-0.55116916,-1.0457702,-0.33232936,0.4991956,1.0974329
rangkai,-1.0007792,-0.45329118,-0.580235,0.30722,0.87050796
atas,-0.7939132,-0.48963976,-1.4028728,0.53136957,0.66448784
turut,-0.423661,-0.8023391,-0.64149606,0.24631326,1.2295285
cabang,-0.5711694,-1.5771267,-0.01124557,0.40539077,1.2260675
uln,-0.5338512,-0.7289426,-0.57472295,0.26976773,1.2748523
lng,-0.20436849,-0.9873565,-0.53700805,-0.20895663,1.7406297
apbn,-0.4809585,-0.67294514,-0.5489076,-0.009679471,1.4973445
jasa,-0.42757964,-0.60310894,-0.39917433,0.09649837,1.4631976
teknologi,-0.41059163,-0.7809148,-0.4801965,-0.27607977,1.5064704
anggar,-0.49805588,-0.5338042,-0.24929196,0.109510876,1.5473568
bank,-0.3021735,-0.9695141,-0.69381773,0.10955821,1.1697991
aktivitas,-0.43448633,-0.7056467,-0.41375023,-0.13667426,1.5674348
ri,-0.4960549,-0.40748647,-0.10867905,0.4722829,1.477205
periode,-0.5770502,-0.707261,-0.42601585,0.6378836,1.1641537
timnas,-0.8828525,-1.3945388,0.031011468,0.41280589,1.0805132
timur,-0.14296336,-0.1739815,-0.4402469,0.8591945,1.552284
pungkas,-0.45370853,-0.49039662,-0.52002054,0.34415442,1.324454
ketat,-0.7361018,-0.54795086,-1.118,0.18750139,0.87281376
alih,-0.7634181,-0.049732488,-0.9866287,0.3665863,1.0594636
perhati,-0.649787,-0.65869284,-0.48391593,0.06568452,1.187723
antam,-0.5286334,-0.93600327,-0.23117137,1.0686563,1.1219606
dony,-0.4349286,-0.29783824,-0.6443939,0.4337695,1.3666111
bandara,-0.4017065,-0.8844138,-0.3254246,0.7395657,1.189345
awas,-0.28710356,-0.20340447,-0.4757803,0.38920653,1.6871917
minyak,-0.40998912,-0.77474654,-0.40416148,0.4352572,1.2879983
infrastruktur,-0.16057402,-0.9639475,-0.5655058,-0.21312028,1.6255631
rok,-0.519832,-0.9999314,-0.47268286,-0.11218653,1.3524421
nathan,-1.2101061,-0.571238,-0.70115167,0.45380643,0.64859706
salip,-1.7297984,-0.45978177,-2.1653116,0.57100344,0.38658133
audisi,-0.86704856,-1.5162268,-0.15994558,0.8916274,0.86466813
sebab,-0.6172772,-0.5041627,-0.84907943,0.3185167,0.95222974
angkat,-0.65432084,-0.7566262,-0.5659536,0.20594294,1.014959
tanah,-0.5449508,-0.22476378,-0.41990426,0.33878776,1.3827689
momentum,-0.72084415,-0.64643025,-0.9759689,-0.12707701,0.958485
tunda,-0.40337536,-0.1803504,-0.44599587,0.3762105,1.5262232
tempat,-1.2545407,-0.20080295,-1.4090734,0.588616,0.55343914
selamat,-0.5514025,-0.5234929,-0.37035713,0.3308248,1.3504552
jangka,-0.31301323,-0.8989984,-0.5809088,0.14562,1.4344445
pensiun,-0.7032572,0.21437076,-0.6067899,0.19948132,1.5203367
listrik,-0.4696772,-0.6728892,-0.66008466,-0.32093644,1.434042
publik,-0.32949436,-0.3618097,-0.6388792,0.0849151,1.4945532
benar,-0.44795793,-0.7489653,-0.50683314,0.51271653,1.1984977
evaluasi,-0.6673432,-0.9759522,-0.41123363,0.07297268,1.2325232
grand,-1.1161063,-0.36966226,-1.450459,0.5527338,0.5813121
kendali,-0.71919143,-0.54754966,-0.84412706,0.17098206,1.0543711
hilang,-0.86802685,-0.3247027,-1.1031228,0.23777197,0.89986736
kabupaten,-0.88253254,-0.39914092,-0.16649579,0.5146006,1.2488338
timah,-0.47485098,-0.9303599,-0.6537413,-0.058002822,1.3084763
ojk,-0.4701419,-0.23878995,-0.33419824,0.38616988,1.4817637
tambang,-0.52321136,-0.8084344,-0.6257831,0.11776507,1.256997
bp,-0.45068756,-0.1923116,-0.5287646,0.42547652,1.3490331
mnk,-0.22872533,-1.2565248,-0.581602,-0.21888329,1.6402228
bahlil,-0.5246011,-0.14281647,-0.34094083,0.29313904,1.4541818
ton,-0.51614195,-0.9991051,-0.19593845,0.80066836,1.1839986
mitra,-0.31025833,-1.116951,-0.6401717,-0.32181177,1.6536915
tenis,-1.0329735,-0.4270677,-0.75418663,0.7077106,0.6831023
laksana,-0.2870091,-0.35843736,-0.69369936,0.23733453,1.4068458
terap,-0.42609224,-0.5316886,-0.47939488,0.034934036,1.5311403
ribu,-0.5719149,-0.8514738,-0.22894785,0.6214804,1.156881
disiplin,-0.523011,-0.8292897,-0.4753356,-0.1468705,1.3779858
anggota,-0.3902897,-0.84814835,-0.39696676,0.39168316,1.1836196
jumat,-1.3112688,-0.15625754,-0.9553044,0.7939498,0.5786268
tepat,-0.87461996,-0.47654232,-1.0281714,0.04492049,0.9269181
kasih,-0.41699517,-0.7515605,-0.558967,0.2814178,1.3690264
dekat,-0.73913854,-0.45855978,-0.75309664,0.14636086,1.0835047
kapasitas,-0.5899133,-0.6633954,-0.26723802,-0.0387398,1.4383622
strategi,-0.55593985,-1.0840229,-0.48634303,-0.009571908,1.2383415
pbsi,-1.0809003,-1.069715,0.20675425,0.777603,0.93456864
sehat,-0.486045,-0.6540278,-0.37772754,-0.03516789,1.5528452
insiden,-0.7258295,-0.2646996,-0.96082336,0.2167477,0.9694261
buruh,-0.7036957,-0.5477828,-0.36699286,0.35912886,1.0607294
kereta,-0.37917152,-0.25974816,-0.45869675,0.19154654,1.5188853
merek,-0.29528075,-0.18033683,-0.17705525,0.5797187,1.8921266
beban,-0.44117054,-1.0047582,-0.45929155,0.27140144,1.2729275
henti,-0.6478722,-0.34331596,-0.21721834,0.31589666,1.3801501
pasuk,-1.1053314,-0.18150295,-1.1138052,0.44959852,0.781703
kendara,-0.71012455,-0.44819635,-0.7543094,0.06388577,1.0905334
eko,-1.0105684,-0.77062535,-0.20250562,0.22927755,1.0403603
provinsi,-0.30334112,-0.75938886,-0.40331563,0.37382245,1.345684
kelompok,-0.52342373,-0.61599535,-0.29010013,0.18568392,1.480994
ganggu,-0.5357924,-0.34093252,-0.5652698,0.07356257,1.3024719
motivasi,-0.66092443,-1.6993685,-0.35341847,0.43759358,1.1767453
bagnaia,-1.8770397,0.19308197,-1.0866647,1.2445003,0.6886685
sambung,-0.4436097,-0.6227373,-0.673211,0.4477849,1.1773646
ukur,-0.63884145,-0.6912489,-0.35337397,0.15245152,1.3131396
papar,-0.46391192,-0.44009843,-0.1337981,0.6140859,1.4609159
penting,-0.4304589,-0.9271628,-0.5262842,0.051782746,1.3298804
bagi,-0.5316501,-0.4901373,-0.6907906,0.19882762,1.1616081
kamis,-0.6017851,0.051550202,-0.26246333,0.8835244,1.3381863
saja,-0.5684084,-0.67068094,-0.62411964,0.2810278,1.0433071
kutip,-0.7551671,-0.024055239,-0.5973894,0.89986134,1.0932395
bambang,-0.4482215,-0.2734937,-0.5218699,0.44502577,1.3241283
rkab,-0.37068352,-0.6076972,-0.4533456,0.07322273,1.5576663
bursa,-0.75674963,-0.61574227,-0.2875846,0.20732059,1.1638364
izin,-0.39993134,-0.5627983,-0.69075865,0.123093404,1.36515
akses,-0.3963331,-0.7063851,-0.3520668,0.0649864,1.4698316
salur,-0.4285809,-0.42085254,-0.4891828,-0.056607284,1.7454392
lapor,-0.44643804,-0.52165604,-0.55373013,0.41073596,1.2024503
kuarter,-1.0197202,-0.34997264,-1.428941,0.6256854,0.66783303
pratama,-1.1070359,-0.095848165,-1.5044265,-0.06346072,0.7661908
rs-gp,-2.2280283,0.63382083,-0.97255796,1.5900549,1.0463992
susul,-1.1698049,-0.045757905,-1.4090123,0.47163492,0.61211765
persen,-0.78527826,-0.5815787,-0.34963587,0.6886433,1.1556
alexander,-1.0523299,-0.60145104,-0.5787227,0.73910195,0.73130214
lepas,-0.6338755,0.070480496,-0.8971135,0.3799521,1.2160838
ungkap,-0.7199597,-0.64588386,-0.651353,0.26274127,0.9301028
untung,-0.5614378,-0.4474932,-0.89949775,0.63594276,1.0030465
terbit,-0.46744007,-0.28549817,-0.41522744,0.11804057,1.5565442
final,-1.1628208,-0.74504405,-0.66241676,0.55611044,0.6281705
a,-1.0543674,-1.0794938,-0.37346599,0.50723314,0.6448132
komunikasi,-0.38771227,-0.5250513,-0.47011474,0.19415273,1.4445205
daftar,-0.48180312,-0.32599294,-0.6550192,0.5184243,1.28311
rins,-1.9001471,0.14887068,-0.76418066,0.93939906,0.64043957
isi,-1.4496888,-0.24942303,-1.3307576,0.62854546,0.4718699
peringkat,-0.86736095,-0.76393217,-0.86431813,0.46799973,0.7207744
bukti,-0.6392104,-0.70505625,-0.40481412,0.16570625,1.2925048
asia,-0.80913925,-1.1782079,-0.2354834,0.40271297,0.9329704
foto,-0.90144145,-0.43613383,-0.8205906,0.378517,0.8358722
banding,-1.0819666,-0.6667059,-0.6922499,0.5402422,0.6455314
kenal,-0.6129186,-0.6616241,-0.44611406,0.13671702,1.2662127
semangat,-0.55425596,-0.9450367,-0.5956698,0.24894768,0.98626125
shinta,-0.44700345,-0.5022743,-0.4438671,-0.024904871,1.5046003
ops,-0.372831,-0.4769993,-0.3705732,-0.031911347,1.7034261
gading,0.044535972,-0.24965364,-0.5534892,0.62933576,1.7968277
rute,0.13319512,-0.46917757,-0.50854105,0.8224178,1.6250811
kpk,-0.40684718,-0.25728458,-0.44139448,0.5067475,1.345507
kurang,-0.5173399,-0.6678351,-0.39446506,0.044155296,1.3194653
ega,-1.1464944,-0.47422993,-1.8824755,0.400897,0.4249441
castrol,-2.3240077,0.09511898,0.0324672,2.0097408,1.2043233
inka,-0.5533081,-0.48320475,-0.3399624,0.039866667,1.4227774
kudus,-0.7333961,-0.9483149,-0.29533938,1.1857663,0.9101919
super,-0.7941146,-1.306961,-0.310673,0.76853687,0.895379
duduk,-0.93551654,-0.11013154,-1.2808584,0.49542183,0.75220513
yang,-0.44864526,-0.46233562,-0.66924614,0.087039135,1.5257673
esports,-0.38032314,-1.2895153,-0.280186,0.14981697,1.5276802
gerak,-0.7074605,-0.40561888,-0.37673822,0.3420328,1.2922679
saudi,-0.91525745,-0.6082147,-0.7856257,0.20605111,0.87545997
putih,-0.96994865,-0.6386649,-0.20091438,0.46470606,1.0359828
lembaga,-0.5753433,-0.31698844,-0.55068076,0.024280624,1.4934604
utara,-0.41162664,-0.22256458,-0.4455414,0.9234577,1.2567497
belakang,-1.3483523,-0.18704529,-1.1757451,0.3100053,0.6143401
coba,-0.9105266,-0.5054644,-0.6316941,0.62599796,0.9120465
dalam,-0.7889101,-0.5580221,-0.90385336,-0.010657396,0.9357568
fernandez,-2.0525577,0.49602452,-1.000282,1.1703585,0.8592278
tuan,-0.9154273,-0.632561,-0.5015359,0.42499983,0.98511684
acara,-0.58682185,-0.5980434,-0.43638852,0.4617935,1.1777114
tegas,-0.688554,-0.4014158,-0.45235577,0.33854952,1.1251855
lah,-0.59221435,-0.7464735,-0.29568735,0.16440716,1.2692748
aksi,-0.9282955,-0.51377934,-0.45025066,0.29800928,1.0286418
bersih,-0.96314836,-0.4457046,-0.71012336,0.5771607,0.75187963
lomba,-0.7012629,-0.38434246,-0.89647895,0.25000262,0.9200367
acd acd,-0.4721074,-0.3143287,-0.42891297,0.3031464,1.33723
warga,-0.36363977,-0.27389657,-0.48624364,0.42619845,1.438756
internal,-0.56940234,0.16271529,-0.5910856,0.35596845,1.6169353
throttle,-0.861197,-0.41480476,-0.71960753,-0.010634554,1.3042117
optimal,-0.55657583,-0.5796684,-0.57789046,-0.06870143,1.4145207
renang,-0.7092024,-0.9303883,-0.36099964,0.192217,1.1985123
f,-1.4105233,0.028352493,-0.74183327,1.188822,0.7207563
mata,-0.5959011,-0.08441445,-0.35562173,0.38635004,1.4847134
jarak,-1.1389056,-0.357673,-1.856291,0.69439864,0.509619
tata,-0.23717932,-0.8639732,-0.6641957,0.18573087,1.3756021
karya,-0.61744875,-0.636561,-0.44911683,-0.11296925,1.364338
bakat,-0.5615207,-1.4819798,-0.25652382,0.77960604,1.1154898
keluar,-0.58679205,-0.66306686,-0.46548036,0.7145464,1.0571626
arab,-0.7999448,-0.50328207,-0.8162939,0.5576464,0.8670337
agustus,-0.49121338,-0.40575722,-0.42539468,0.30162054,1.324741
motorsport,-0.6792649,-0.55591935,-0.64872086,0.37783358,1.0349253
talenta,-0.452267,-0.9190715,-0.40382284,0.08550722,1.3968289
karakter,-0.7115108,-0.8194226,-0.71914816,0.24198084,0.9958693
sabtu,-1.2841767,0.0040771756,-0.95665586,0.7441336,0.6029464
practice,-1.8150765,-0.010200644,-1.4251295,0.2502044,0.66791165
fermin,-2.0230913,0.3357486,-0.9542123,1.1258132,0.6763521
vr,-2.2801385,0.4907846,-0.59689397,1.3730439,0.9937789
marini,-2.0004463,0.3842429,-0.8670375,1.3995072,0.8075114
luca,-2.1218338,0.25951308,-0.953125,1.4920485,0.6337501
hidup,-0.61808515,-0.6640796,-0.61731493,0.021642016,1.2239107
lingkung,-0.34837297,0.00027356145,-0.5145527,0.260523,1.7346467
hadiah,-0.9159001,-0.43966404,-0.9213167,0.31279245,0.8443931
mekanisme,-0.5002782,-0.5370757,-0.7160846,-0.010597364,1.4209114
gas,-0.5736396,-0.5039698,-0.5519557,0.02843321,1.2377129
pelatnas,-0.69971806,-0.78608423,-0.18698007,0.64720947,1.0235118
fadia,-0.70036083,-0.9526896,-0.12029385,0.2924272,0.9746212
start,-1.3306983,-0.04655062,-1.7060773,0.41473755,0.6425064
kemarin,-0.6319369,-0.36239025,-0.41637126,0.41472197,1.067339
nagoya,-1.0313723,-0.9838561,0.27997229,0.39545956,1.1877936
performa,-1.0110143,-0.6403536,-1.0150063,0.20067264,0.7195497
generasi,-0.5274312,-0.92215824,-0.46329066,0.12568182,1.2036729
sidang,-0.5236724,-0.097290955,-0.77428085,0.19184619,1.4022726
whoosh,-0.1702962,-0.08747561,-0.72353417,0.524976,1.4291992
mrt,-0.048237007,-0.40503174,-0.3656865,0.41302443,1.7989677
regional,-0.24907956,-0.8774283,-0.45037663,-0.15272017,1.7433035
tumpang,-0.40641573,-0.4334236,-0.37188712,0.33965486,1.3463498
rata,-0.58357716,-0.6270141,-0.1426232,0.35010275,1.4352678
as,-0.86258215,-0.14918707,-0.28488445,0.43109,1.2526549
kuis,-0.7819765,-0.40604675,-0.8913268,0.12281069,1.0669491
simoncelli,-1.6172673,0.026842793,-1.3553886,0.98246,0.46002814
malam,-1.574033,0.06312409,-1.5149357,0.84111756,0.4498034
mineral,-0.5819442,-0.3574531,-0.3673318,0.2112614,1.305497
jam,-1.0334953,-0.27026826,-0.94538265,0.30254188,0.78102916
bogor,-0.6692501,-0.19015658,-0.4129115,0.6429551,1.2507665
rantai,-0.24159405,-0.8748511,-0.45895836,-0.1770136,1.744282
seleksi,-0.50208706,-0.42512187,-0.6109215,0.13453631,1.3715311
senin,-0.66880256,-0.02497329,-0.21469991,0.49816108,1.363025
fisik,-0.46308422,-0.7725245,-0.60425806,0.09181777,1.3568223
mental,-0.7279217,-0.85167336,-0.4251992,-0.081698835,1.2881638
china,-0.7384313,-0.87057686,-0.37636235,0.59379166,1.0065409
kembali,-0.37565655,-0.39891952,-0.84470576,0.15268305,1.5536084
paham,-0.45058173,-0.5303627,-0.6244961,0.010935855,1.325545
cakup,-0.18342341,-0.55900615,-0.5359527,0.199994,1.4898813
sinergi,-0.45075986,-0.7187761,-0.45566392,0.2230878,1.3432577
perak,-0.6126224,-1.4464295,-0.42856273,0.786044,0.8582686
sekolah,-0.44883856,-0.4314152,-0.623013,0.33785203,1.2450614
pramac,-2.1338165,0.33101898,0.06307635,1.3952268,1.2235163
nanti,-0.73161757,-0.7999698,-0.14655824,0.5918152,1.0880508
david,-1.4515882,-0.39436692,-0.7992052,0.43964356,0.48171407
agius,-1.1293204,-0.1783822,-1.0898018,0.18663774,0.6307881
bangkit,-0.7466706,-0.5544952,-0.8949998,0.22653206,0.9117453
kategori,-0.7588423,-0.7139703,-0.63412344,0.3367421,0.86791617
khusus,-0.5475196,-0.6577829,-0.3684495,0.48721704,1.1868644
pikir,-0.76695526,-0.6217028,-0.6698979,0.32112467,0.95643437
masalah,-0.60204375,-0.57601,-0.42782137,0.24698938,1.2601621
hyrox,-0.52543426,-0.71546715,-0.6416414,0.44079572,0.99088544
tunggal,-1.1260893,-0.96801305,0.055478677,0.54980624,0.8499644
mereka,-0.6753705,-0.9824297,-0.56280226,0.1446115,1.01748
kumpul,-0.80823374,-0.5088493,-1.1190833,0.10366444,0.8166894
metro,-0.34552518,-0.67414623,-0.38873875,0.17649034,1.352647
korban,-0.47951457,-0.77761805,-0.5398253,0.20650616,1.2806427
pecat,-0.5284853,-0.065771624,-0.6482729,-0.0032801772,1.4268674
belanja,-0.51990753,-0.6447613,-0.26492208,0.106543995,1.5733932
gubernur,-0.27726382,-0.34450963,-0.40223473,0.5346538,1.4080431
minimum,-0.66788936,-0.6647573,0.022375539,0.76863915,1.3032217
ihsg,-0.75891316,-0.3897997,-0.3789797,0.7267851,1.0416878
romy,-0.7729741,-0.547491,-1.0058699,0.34801728,0.8982581
land,-0.8208035,-0.48402452,-0.7372845,0.2547804,1.1733081
efektif,-0.36311322,-0.7396588,-0.7625675,0.015012819,1.3661007
pos,-0.78518844,-0.33485135,-1.0968963,0.2034591,0.77257514
dolar,-0.7395492,0.053356852,-0.518021,0.4655904,1.2806609
detikcom,-0.7530654,-0.36393827,-0.52318084,0.15630727,1.1731901
morbidelli,-1.6881043,0.41614664,-0.81204444,1.2511852,0.82548636
tennis,-1.1169927,-0.43519008,-0.7123253,0.71096,0.58221644
champion,-0.8878563,-0.792276,-0.24098085,1.067687,1.1318079
serikat,-0.7574562,-0.56308526,-0.3340204,0.43064478,0.9666471
panglima,-0.5494939,-0.46932662,-0.42441604,0.49892086,1.0662119
mandiri,-0.62247777,-0.7271473,-0.42672536,-0.03765865,1.3032011
detiksport,-0.9196578,-0.81886315,-0.54721457,0.08622092,0.9871912
berangkat,-0.4390475,-0.67923087,-0.40390402,0.20324795,1.3854625
kesiap,-0.27928007,-0.36162508,-0.6298775,0.17623574,1.4497572
pers,-0.6365697,-0.18343946,-0.17849678,0.79442596,1.2952399
maju,-0.779064,-0.27293673,-0.7740727,0.086971104,1.0795394
pengaruh,-0.61279255,-0.7354279,-0.38590845,0.019384032,1.2935246
international,-0.6612143,-0.23672986,-0.26379105,0.48017493,1.2387979
kejar,-0.8603848,-0.47608206,-1.0322297,0.5645112,0.6493775
sepakbola,-0.65102303,-0.94930595,-0.40637863,0.24778754,0.994564
lcr,-2.1184893,0.14481622,0.1238877,1.7850568,1.2125493
francesco,-1.7402112,0.24387993,-0.8984438,1.1779443,0.6516956
tang,-1.3005849,-0.43780878,-1.5733482,0.506733,0.4807839
momen,-0.56323516,-0.6701727,-0.5298392,0.36604482,1.0896546
datang,-0.5760134,-0.72127014,-0.43946165,0.51853883,1.1564322
lebih,-0.60773605,-0.25367227,-0.39659512,0.35273325,1.3651744
begitu,-0.5635475,-0.39876938,-0.8326149,0.288963,1.0848321
sih,-0.823666,-0.5696172,-0.5365976,0.38886166,0.92099494
amri,-0.7343135,-0.84562945,-0.10202048,0.46061334,1.0371397
kena,-0.57846206,-0.5062114,-0.55119056,0.31938744,1.0819803
the,-1.1354365,-0.37607053,-0.8626347,0.17645867,0.71753097
untuk,-0.46533433,-0.47954392,-0.3904262,0.3965338,1.2775139
situasi,-0.70764256,-0.59062976,-0.7542457,0.053952597,1.0531068
realisasi,-0.63517237,-0.37662464,-0.34928608,0.3791418,1.3473858
subsidi,-0.49554598,-0.44363585,-0.37321836,0.15616143,1.3626403
usul,-0.46361384,-0.40441075,-0.5755043,0.18887864,1.2668763
tipu,-0.2851459,-0.6456582,-0.21304092,0.72391665,1.6907188
satgas,-0.49675593,-0.29613554,-0.5607568,0.13038354,1.4893997
edar,-0.38691387,-0.55552477,-0.505392,0.11950818,1.465403
gading-manggarai,0.044123854,-0.46111193,-0.6498981,0.89191633,1.3316622
atr bpn,-0.50511926,-0.22263604,-0.494868,0.13320044,1.4048398
summarecon,-0.42949387,-0.48461396,-0.573012,0.39650503,1.1508975
kompleks,-0.5719226,-0.1206664,-0.10909471,0.5342195,1.5120076
modern,-0.6336747,-0.9388515,-0.26093328,0.3776616,1.0710621
imam,-0.62699217,-0.74074304,-0.32993636,0.33343565,1.1571882
luncur,-0.6374163,-0.44426954,-0.53102523,0.23573737,1.1821722
gokart,-0.68443066,-0.73129237,-0.709075,0.35561022,0.9566967
juli,-0.59993,-0.35456216,-0.47362408,0.451154,1.2580456
abraham,-0.8414638,-0.60956585,-0.4946435,0.5503024,0.9550368
pantau,-0.48019984,-0.5475701,-0.5867165,0.17310236,1.312883
rybakina,-0.99527144,-0.3835452,-0.67098856,0.5081642,0.7872589
label,-0.54245424,-0.49948978,-0.4150339,0.3168076,1.3365577
muhammad,-0.711046,-0.53971106,-0.38425186,0.2474438,1.1004732
bk,-2.0364568,0.512675,-0.98384964,1.2743447,0.8949078
lenovo,-2.0997365,0.37938073,-0.9331361,1.3425187,0.7179805
rilis,-0.7976554,-0.8781798,-0.51947063,0.08061709,1.1182384
selisih,-1.0265644,-0.43354258,-1.3882055,0.84199995,0.50264174
air,-0.40952563,-0.60154426,-0.5414937,0.19029436,1.3054682
pen,-0.42400548,-0.5314177,-0.7814426,0.33398938,1.2297394
bicara,-0.47280002,-0.41471833,-0.5874479,0.33369383,1.3062999
ceo,-0.5501893,-0.926026,-0.6257427,-0.015159644,1.257191
desember,-0.62404853,-0.22531468,-0.40533546,0.42186058,1.3047072
tapi,-0.6509808,-0.76007986,-0.58813345,0.43178263,0.9844822
positif,-0.7146322,-0.9713385,-0.26109993,0.261671,1.1999924
perunggu,-0.75362,-1.4471446,-0.3864519,0.5940794,0.8839066
quartararo,-1.652229,0.2214054,-0.2327974,1.3059536,0.92162496
demikian,-0.81891567,-0.6345188,-0.5743667,0.41091868,0.9499097
wujud,-0.71672857,-0.7484387,-0.5252848,0.012140391,1.1233783
karier,-0.8978628,-0.5984128,-0.7222952,0.37109953,0.8597091
proyeksi,-0.36650565,-0.8139011,-0.41712704,0.51737005,1.1541507
pulang,-0.8316882,-1.0383165,-0.47333625,0.4836114,0.8209737
lancar,-0.417668,-0.7815262,-0.6439471,-0.0873252,1.3484299
piala,-0.648264,-0.8378394,-0.49678573,0.34862694,0.9008434
pu,-0.54144084,-0.18303524,-0.5551434,0.23426692,1.4885821
dpr,-0.6034566,-0.26094496,-0.1681942,0.5944948,1.3059369
bas,-0.44561818,-0.30302036,-0.42159247,0.010038978,1.5920609
migas,-0.4301081,-0.8930239,-0.5964831,0.01535234,1.276567
lemah,-0.7299401,-0.34410182,-0.35226867,0.7730256,1.0786093
isu,-0.38584,-0.36889794,-0.5567649,0.25734183,1.53653
pegawai,-0.40409324,-0.34758732,-0.62713754,0.34700778,1.3528149
velodrome,-0.25847086,-0.117966935,-0.3957931,0.6960273,1.5132462
komoditas,-0.6672005,-0.7258155,-0.32529396,0.21894535,1.1833519
baku,-0.29384226,-0.87174684,-0.2692359,0.07266027,1.4703618
kapabilitas,-0.32293698,-0.86698735,-0.38646322,-0.17251006,1.6202363
gedung,-0.48837683,-0.0039910083,-0.2651554,0.50138676,1.4621944
manajemen,-0.6046621,-0.49712527,-0.43046495,0.20515011,1.2896389
batal,-0.44882995,-0.059460696,-0.5413558,0.3800212,1.4756725
rendah,-0.7097047,-0.55100626,-0.3121877,0.4067565,1.1712302
pentathlon,-0.687233,-0.91148466,-0.34018672,0.4854273,0.9928325
kontribusi,-0.53666204,-0.8960631,-0.54862994,0.3461818,1.2343103
langgar,-0.44036114,-0.46040037,-0.8069255,0.45003602,1.0972326
circuit,-1.4794259,-0.14227356,-1.3945515,0.7036063,0.44357497
bal,-0.93092835,-0.9219061,-0.5119913,0.14331032,0.82833976
bakar,-0.5069634,-0.6250355,-0.5250925,0.045993216,1.3247666
digital,-0.3947132,-0.7638622,-0.48836336,0.22861959,1.2168131
tonton,-0.8122852,-0.58436686,-0.56113744,0.35552648,0.9580198
lolos,-1.1684957,-0.4994557,-0.59129536,0.46484518,0.8374804
tanjung,-0.70488924,-0.9190703,-0.32602984,-0.08753556,1.2544988
syarat,-0.23177496,-0.60669816,-0.64081615,0.335676,1.4908508
jenis,-0.61336887,-0.7271411,-0.46767393,0.39076987,1.1058775
tunggu,-0.5935136,-0.3524463,-0.6507634,0.4485992,1.1129651
organisasi,-0.31530488,-0.4110737,-0.5955585,0.07122631,1.607648
alti,-0.51994437,-0.63744766,-0.4748603,0.6335118,1.1594658
libat,-0.40928394,-0.9565888,-0.5366955,0.22408897,1.1934333
kenneth,-0.3706653,-1.3542942,-0.4563511,0.45964432,1.2543851
aspek,-0.4378618,-0.67623305,-0.5571214,0.10260884,1.3626536
ban,-0.8434658,-0.1799898,-0.8593463,0.2959954,1.0118145
mesin,-0.8630462,-0.53281474,-0.57134897,0.118599355,0.95872396
rancang,-0.4179983,-0.43215442,-0.6275868,0.13391978,1.3613032
ulang,-0.61301434,-0.8210338,-0.6770427,0.3580604,0.92697936
kirim,-0.6919268,-0.88887626,-0.6080297,0.21755956,0.92195493
sorot,-0.51501596,-0.47834352,-0.4137203,0.2927523,1.3072684
waktu,-0.44872108,-0.5695942,-0.59527797,0.21030235,1.1853666
mulai,-0.99016976,-0.13925113,-1.1692685,0.2791072,0.6804262
ubed,-0.6639597,-0.8430859,-0.14206013,0.2981907,1.0676625
pagi,-0.86508554,-0.080845945,-0.42588732,0.5559409,1.0289124
muncul,-0.64557505,-0.40450734,-0.4254934,0.018887492,1.3063195
lansir,-0.7204367,-0.4705356,-1.0625509,0.36778536,0.84962636
imbang,-0.43869066,-0.48095834,-0.73881274,0.11890045,1.3214774
ilegal,-0.63991755,-0.9927826,-0.38856494,0.6848816,1.0891385
libur,-0.54230005,-0.50037503,-0.5685023,0.46073616,1.035476
icomex,-0.6307506,-0.63189805,-0.35240367,0.39623952,1.1272705
qodari,-0.31344196,-0.55153775,-0.5751972,0.47182584,1.3858185
dmo,-0.50640476,-0.5295626,-0.3981514,0.24976318,1.2474811
bulan,-0.51775914,-0.52545506,-0.32278353,0.4845485,1.0894474
bara,-0.29471517,-0.61320496,-0.4863546,0.15784964,1.406335
batu,-0.2534404,-0.52298224,-0.57216156,0.17536291,1.5002809
commuter,-0.42269704,-0.3316952,-0.6847772,-0.02363074,1.112362
indeks,-0.65736085,-0.52098197,-0.27403018,0.5838517,1.0142578
gizi,-0.3396926,-0.58966833,-0.35026032,0.26074776,1.4605553
distribusi,-0.36033288,-0.72396004,-0.6391011,-0.07445632,1.5021126
jajal,-0.081697084,-0.18768986,-0.6428412,0.6040603,1.673339
domestik,-0.46718743,-0.7873072,-0.36303285,0.17534243,1.3828493
cipta,-0.4066797,-0.6733421,-0.66175044,-0.08598739,1.536888
beber,-0.2516633,-0.30010164,-0.53759336,0.18353818,1.5351628
djp,-0.45666847,0.041632142,-0.37188715,0.44954035,1.5258732
timbul,-0.48478848,-0.535305,-0.64718324,0.014913686,1.2775519
joaquin,-0.82236487,-0.7661374,-0.33124563,0.26824126,0.90262777
panah,-0.62667334,-0.81942,-0.4221135,0.3038222,0.82074213
golf,-0.55870575,-0.9576391,-0.5777433,0.16227883,1.0899358
hapus,-0.7189595,-0.43295527,-0.2817516,0.5058212,1.235755
nikmat,-0.59453034,-0.7358819,-0.41354787,0.13527083,1.2654305
pasal,-0.721246,-0.44274914,-0.70468384,0.25458753,1.0699273
partai,-0.7362763,-0.5849203,-0.35650212,0.39797783,0.89418656
quiles,-1.3150384,-0.13554278,-1.3922107,0.27585578,0.4972232
almansa,-1.3588111,-0.35410976,-1.3034804,0.35862896,0.44880518
monster,-1.9719136,0.35731357,-0.23100571,1.446371,1.0510868
hrc,-2.1063995,0.17991638,0.036128975,1.68676,1.1421689
franco,-1.8992757,0.43950135,-0.3889585,1.0570017,1.0087179
m-,-0.83145154,-0.768418,-0.63060015,0.5360307,0.8232837
serang,-0.7266228,-0.5034083,-0.7919071,0.43785164,0.8877973
solusi,-0.2895922,-0.77166617,-0.5541265,0.032810457,1.4888005
platform,-0.36739075,-0.5624192,-0.5935488,0.2601802,1.1979156
bangsa,-0.6738686,-0.5614765,-0.5315886,0.068487555,1.2069741
prediksi,-1.2374418,-0.5294277,-1.3565931,0.24190356,0.55111027
game,-0.7297791,-0.8088945,-0.57886845,0.23075762,1.1326205
x,-0.8439857,-1.0713978,-0.4003275,0.33340013,0.8570631
buruk,-1.2135893,-0.1680918,-1.3335571,0.21199729,0.6824587
putar,-0.820474,-0.680579,-1.2729377,0.29780343,0.7004161
aju,-0.71050984,-0.33233014,-0.43481368,0.1292185,1.2648745
cup,-0.59807557,-0.3404782,-0.74092704,0.47146615,0.99864554
sayang,-0.692359,-0.64591324,-0.832297,0.391425,0.94960475
tanggal,-0.75585127,-0.5770667,-0.28891537,0.5269137,1.1232239
sulit,-0.96684104,-0.44502455,-0.7549086,0.43803728,0.82033175
freeport,-0.6638002,-0.68938804,-0.42493305,0.33117256,1.0312438
fp,-1.7264652,0.13127092,-1.1954011,0.15975673,0.71597284
panas,-0.91862535,-0.30370605,-1.0932174,0.55937135,0.6136507
raul,-1.8844986,0.25336275,-0.72925127,1.0949342,0.70020723
regulasi,-0.579928,-0.67497945,-0.50850016,0.09018444,1.2419758
beri,-0.593049,-0.87180555,-0.59168065,0.5347365,0.9815059
dan,-0.67657506,-0.36449414,-0.67849964,0.23269664,1.1031934
lahir,-0.6904525,-0.8883249,-0.4407252,0.1736347,1.1080806
kalau,-0.6791233,-0.98235106,-0.40713024,0.5650391,0.88752663
apa,-0.60537297,-0.56824166,-0.5597686,0.21371694,1.2307616
simpan,-0.37797335,-0.71315366,-0.37827495,0.13243236,1.3883055
dejan,-0.72983354,-0.8270277,-0.1308546,0.45330253,0.9474305
maaf,-0.43188617,-0.630213,-0.74720716,0.20983107,1.0969887
alas,-0.65888256,-0.30696082,-0.31531668,0.25639802,1.1941111
thailand,-0.8372583,-0.7618594,-0.48218077,0.2535085,0.9734339
bareng,-0.55337363,-0.46159232,-0.41170055,0.25468788,1.1057388
debut,-0.9072644,-0.7879995,-0.46269026,0.39836106,0.8259663
iring,-0.61413515,-0.9166812,-0.3827157,0.056937557,1.0882423
sprint,-1.4680619,-0.28849596,-1.5086294,0.47196615,0.42354953
jawa,-0.53334224,-0.4745126,-0.26559737,0.43419093,1.1104952
bioetanol,-0.57583344,-0.8460858,-0.6027881,0.11941955,1.0470707
djaka,-0.65850735,-0.5135162,-0.45152977,0.6105305,1.1705287
asuransi,-0.42503235,-0.6905646,-0.2620387,0.170432,1.2498535
ptba,-0.5148283,-0.6074704,-0.43722767,0.25071776,1.2469087
portofolio,-0.30289242,-0.78509325,-0.43801093,0.04099565,1.349839
kredibilitas,-0.45538485,-0.4648493,-0.74383396,-0.0768416,1.4271668
semester,-0.61210513,-0.48257443,-0.26581883,0.67566365,1.1961411
kanal,-0.6412438,-0.29614863,-0.5015065,0.13120925,1.3459758
sampah,-0.48182496,-0.58934283,-0.48231843,0.059953388,1.1322863
prerogatif,-0.4810831,-0.11167321,-0.49960566,0.08876526,1.4525174
said,-0.60637623,-0.28159362,-0.26522052,0.6222004,1.1521504
udah,-0.5792428,-0.16412838,-0.50673485,0.21235804,1.3827678
muat,-0.6127729,-0.41382867,-0.5736836,0.3698409,1.176918
kandung,-0.2567414,-0.48152238,-0.3963952,0.16950849,1.6711755
indikasi,-0.4639137,-0.13706894,-0.52008253,0.19827412,1.3758899
pidana,-0.5066424,-0.52446234,-0.30920067,0.33422554,1.3392609
timbang,-0.41349906,-0.5576346,-0.63457865,0.10437297,1.3376999
online,-0.74065304,-0.30319598,-0.37480345,0.32041943,1.0856909
ahi ara,-0.5204673,-0.35270908,-0.59073514,0.38888133,0.8668514
transformasi,-0.4571853,-0.60277545,-0.49120492,0.016778221,1.2020614
konferensi,-0.44009253,-0.049468398,-0.40082803,0.64370143,1.3881862
i,-0.7387389,-0.4903212,-0.38328764,0.55900246,1.1405865
aset,-0.3142327,-0.8079604,-0.68520826,0.28776774,1.2073458
hgb,-0.45607936,-0.5713418,-0.6118666,0.33572334,1.1044391
smra,-0.49637288,-0.47544453,-0.49846458,0.25666192,1.2543174
direktorat,-0.2128949,-0.27462313,-0.57096446,0.3790643,1.4281125
minta,-0.38200566,-0.30968013,-0.60086113,0.27296978,1.4426003
klaim,-0.43638325,-0.40367648,-0.56846243,0.09687845,1.4911474
dulu,-0.6432485,-0.77749467,-0.3825652,0.24270435,1.0006683
uriarte,-1.0866029,-0.42732346,-1.2188557,0.5706237,0.45974958
duel,-1.0577588,-0.27962896,-1.3097125,0.44911182,0.5359328
championship,-1.079427,-0.35457194,-0.68853843,0.5719929,0.66032386
karan,-0.93931425,-0.6531122,-0.8136631,0.5441445,0.6797717
lewat,-0.95119125,-0.22996889,-0.85352856,0.44707918,0.8552143
geser,-1.1942325,-0.33885434,-1.6699932,0.5993493,0.46955585
herindra,-0.43775386,-0.89632785,-0.33251005,0.13308606,1.412126
center,-0.591475,-0.62096727,-0.3413613,0.30046004,1.1897376
panitia,-0.65004665,-0.61895156,-0.3997085,0.2854519,1.1646637
fase,-0.6440346,-0.8402313,-0.634187,0.33408877,1.1476185
skor,-0.9835385,-0.29183796,-0.75459486,0.714355,0.7753407
contoh,-0.7390485,-0.42388505,-0.531231,0.21518932,1.0984949
priok,-0.64914215,-0.68486744,-0.410146,0.119651444,1.2426411
carnet,-0.6119394,-0.44069278,-0.38448694,0.23627636,1.2761008
gadai,-0.5862836,-0.483837,-0.51625973,0.04058456,1.33513
pabean,-0.43977484,-0.32994422,-0.6230433,0.2735609,1.3506368
pihak,-0.51058125,-0.7631218,-0.34451547,0.08436356,1.306961
bekas,-0.6236038,-0.49489975,-0.48369187,0.63802105,1.1319877
alias,-0.849833,-0.45363495,-0.5270707,0.23499265,0.8740334
mandalika,-0.9750426,-0.48466414,-0.98836255,0.21971714,0.7611395
trackhouse,-1.8378153,0.2737954,-0.6635182,1.3839576,0.8499064
pole,-1.181106,-0.17996001,-1.4409221,0.42779228,0.5397489
kompetitif,-0.62219435,-0.46980304,-0.65235734,0.22671393,1.0732843
susun,-0.43105045,-0.49069318,-0.78325886,0.27696478,1.1373475
pola,-0.47099507,-0.7953587,-0.40834495,0.44999585,1.2588292
mobil,-0.6988232,-0.7810538,-0.85917324,0.1964352,0.90312517
banyak,-0.8711268,-0.833433,-0.64616317,0.5106881,0.7624581
nila,-0.5984584,-0.6851671,-0.26573008,0.73414093,1.055938
matang,-0.6145497,-0.8022865,-0.21482721,0.3873699,1.1474808
koleksi,-0.96379614,-0.57735544,-1.2358679,0.5099884,0.524649
cipayung,-0.834255,-0.67247355,-0.22549848,0.6042335,0.87508345
amri nita,-0.73852617,-1.1210265,-0.08434921,0.4043356,0.98443085
pegang,-0.4008942,-0.6145846,-0.7186105,0.21949902,1.2868456
diri,-0.80240184,-0.582501,-0.7202428,0.21539868,0.8705644
multievent,-0.6152034,-1.0777338,-0.17468847,0.648909,0.99797803
status,-0.49725965,-0.9009735,-0.4627833,0.19827595,1.0032278
tolak,-0.98688966,-0.36632347,-0.642404,0.423989,0.7644077
tanda,-0.60212004,-0.78711104,-0.46571913,0.37958303,1.0499125
gaya,-0.74290156,-0.68031794,-1.0872418,0.24438745,0.81336254
insurance,-0.57189554,-0.45416754,-0.5761129,0.28837532,1.0635668
tembaga,-0.4767607,-0.6803174,-0.30784595,0.9276178,1.1444396
stabilitas,-0.41377416,-0.6215675,-0.637516,0.10032637,1.3866477
mancing,-0.73908556,-0.21521665,-0.5025874,0.22648315,1.2154943
pokok,-0.5208617,-0.25833476,-0.37060472,0.26365608,1.3792387
km,-0.5256072,-0.2698231,-0.4286158,0.2205665,1.2167099
beliau,-0.47535944,-0.27045745,-0.62206525,0.297025,1.3251865
sertijab,-0.4934449,0.13182591,-0.6356572,0.164921,1.5055727
nusantara,-0.47185552,-0.2833133,-0.45956403,0.25915024,1.255258
jis,-0.20633905,-0.4695924,-0.39413688,0.36174104,1.2232999
bei,-0.6092352,-0.35754356,-0.41380882,0.57405865,1.191848
zona,-0.64542204,-0.45032585,-0.3955655,0.20670748,1.1216435
bendahara,-0.61050004,-0.04444432,-0.50025475,0.23691367,1.4239997
praktik,-0.3376531,-0.50520545,-0.5534328,0.297552,1.394758
tega,-0.35109752,-0.64498377,-0.798975,0.21841843,1.2758076
pelindo,-0.49261093,-0.4981424,-0.5634784,0.10077475,1.2644097
fitch,-0.71745074,-0.28775224,-0.50903875,0.5105397,0.9987984
undang,-0.5719422,-0.5594055,-0.4263783,0.043855645,1.294528
komisi,-0.5825753,-0.22076587,-0.5245234,0.18767716,1.1933213
erwin,-0.6252498,-0.5750333,-0.11175515,0.4088231,1.1411133
bahas,-0.3761846,-0.53115183,-0.6638088,0.27279502,1.2031196
tanggung,-0.32852614,-0.5863174,-0.51059276,0.38539135,1.2909127
istana,-0.48841688,0.033855103,-0.25514358,0.5043186,1.5530343
konsistensi,-0.81915563,-0.6242352,-0.43757522,0.2558246,0.93325883
dewa,-0.7081578,-0.52344537,-0.5480308,0.25918296,1.1020589
tani,-0.63454837,-0.14602578,-0.3416513,0.31192017,1.3224825
q,-1.5109332,-0.08423178,-0.96722364,0.55599993,0.6070143
tawar,-0.6337033,-0.28594905,-0.6191174,0.17083572,1.1209493
habis,-0.77690125,-0.61708516,-0.6097556,0.20605516,0.888355
babak,-0.86142296,-0.691676,-0.46745268,0.3431421,0.9000691
hakim,-1.1050758,-0.24238902,-1.2345923,0.39229628,0.5607026
nyaman,-0.7429783,-0.5167775,-0.7075417,0.52881855,0.7766864
laps,-1.1513176,-0.023027077,-1.1302233,0.5913589,0.5694401
puas,-0.8696817,-0.29826415,-1.2397825,0.5740285,0.6672285
chang,-1.0352441,-0.581633,-0.7596514,0.27188727,0.79241544
india,-0.7931975,-0.43501446,-0.6413865,0.53109217,0.8918229
danish,-1.3325301,-0.4321159,-1.1355342,0.1764435,0.5024882
tua,-0.4562672,-0.47150564,-0.45236552,0.4873398,1.2671964
ku,-0.95854676,-0.74227816,-0.2970454,0.81805116,0.99491084
foundation,-0.74132085,-0.91990036,-0.23720562,0.39664325,1.2014236
celaka,-0.6842932,-0.3907754,-0.76803535,0.28392723,1.0130967
tidak,-0.4039354,-0.38997027,-0.7430018,0.2896402,1.328591
pada,-0.48539546,-0.60426444,-0.43412152,0.11553034,1.3008407
nasib,-0.69227046,-0.12711272,-0.7894055,0.23544191,1.109808
lokal,-0.5370894,-0.50316,-0.56057066,0.05139616,1.3077754
esi,-0.53303653,-0.8064845,-0.19508336,0.5587946,1.317881
cermin,-0.51638365,-0.71505487,-0.431159,0.37761518,1.1620187
tunjuk,-0.58809596,-0.3575925,-0.61171377,0.15587525,1.2528924
singleton,-0.69274455,-0.83565086,-0.5948834,0.4600551,1.0336453
club,-0.6225425,-0.639746,-0.5583235,0.3300713,0.9365173
pakai,-0.5760687,-0.36112854,-0.7030371,0.13405494,1.1376187
lampung,-0.5452766,-0.6216297,-0.7082097,0.15477261,1.0656943
teknis,-0.43622988,-0.4053591,-0.4993997,0.06149897,1.4266627
jamin,-0.5003767,-0.2697757,-0.45086482,0.26789483,1.3083065
kunci,-0.60324514,-0.621566,-0.6763239,0.43239856,0.9861878
bidang,-0.544717,-0.48544848,-0.7532083,0.14410856,1.2075514
prasetyo,-0.55393046,-0.2549255,-0.5045945,0.3695993,1.1600596
pp,-0.70655435,-0.5026605,-0.34713224,0.2589943,1.0102916
konsisten,-0.8262994,-0.62705505,-0.5917678,0.24579047,0.90203816
pria,-0.48280165,-0.6140884,-0.62960976,0.23499879,1.1764624
bola,-0.6371669,-0.76481,-0.3635418,0.6511072,0.89868367
karena,-0.642433,-0.21790937,-0.43680534,0.5018351,1.1154745
pulih,-0.50993943,-0.8004566,-0.5856455,0.3082463,1.1260785
pfa,-0.39155984,-0.6701257,-0.66765696,0.23557487,1.131391
zarco,-1.7662525,0.0947558,-0.22631039,1.4394062,0.8146858
johann,-1.6742107,0.29813498,-0.27482712,1.4801604,0.9383914
miller,-1.8953928,0.14101458,-0.20273247,1.0380715,0.85219675
sambut,-0.7953107,-0.6869233,-0.1736657,0.3330586,1.1442946
grid,-1.0142883,-0.1842167,-1.0859777,0.32098675,0.6752331
januari,-0.7050384,-0.62238044,-0.5200963,0.46704066,0.981746
lapar,-0.6234134,-0.7557642,-0.5176496,0.25120273,0.88136584
makan,-0.6391327,-0.88428456,-0.34840077,0.056635965,1.1393281
bandung,-0.8205832,-0.6038684,-0.4551468,0.59957594,0.9935885
jabodetabek,-0.3927158,-0.4785695,-0.22483508,-0.03140044,1.2276652
asal,-0.76667356,-0.49010375,-0.44494498,0.14953811,1.0258899
director,-0.46279207,-0.6347147,-0.3519528,0.350587,1.1501342
kan,-0.43657082,-0.42444244,-0.62108153,0.52475077,1.1939485
cabut,-0.4776575,-0.52430993,-0.5955357,0.26646045,1.1871289
murni,-0.82600534,-0.7775077,-0.084218375,0.53362226,1.0709413
australia,-0.9855934,-0.3486525,-0.7277099,0.333582,0.75976586
sosial,-0.7453407,-0.40795845,-0.4520919,0.24485126,1.0923209
city,-0.262107,-0.6098574,-0.5029168,0.43576238,1.2405977
yusuf,-0.5473765,-0.80916977,-0.20005167,0.4202898,0.95400494
sekarang,-0.5290856,-0.6811708,-0.65642077,0.5373953,0.9458655
seru,-0.81648535,-0.661897,-0.87398636,0.2441347,0.73144233
restitusi,-0.3532571,-0.37022066,-0.551458,0.27358308,1.4756612
pound,-0.60816693,-0.9759202,-0.24301967,0.9217118,0.8989414
tony,-0.6510858,-0.46531758,-0.47399038,0.22191902,1.0784917
virgo,-0.60334206,-0.33288604,-0.56154734,0.35659808,1.0334252
varnion,-0.44146103,-0.661207,-0.4087312,0.13103914,1.0715123
upah,-0.5948104,-0.2903908,-0.23258822,0.2819187,1.1739854
hal ara,-0.42343733,-0.34923577,-0.3112804,0.3648338,0.93522793
transport,-0.39978364,-0.34540537,-0.46408537,0.124358974,1.2325878
kai,-0.41832176,-0.33421254,-0.37396666,0.22056648,1.0206039
krl,-0.31477386,-0.3270609,-0.6218438,0.01903674,1.1144416
trainset,-0.37380582,-0.3869095,-0.65425915,0.44509956,0.9024551
kabinet,-0.51024914,-0.24767974,-0.5420159,0.40689784,1.109372
parlemen,-0.66094285,-0.11932831,-0.34642717,0.64686227,1.1074902
line,-0.42886886,-0.2931954,-0.5587925,-0.032076713,1.1005719
hulu,-0.37880272,-0.7178587,-0.6606782,0.2468426,1.2171139
ditjen,-0.50602216,-0.13774002,-0.5816859,0.4876928,1.3895625
esdm,-0.50975627,-0.34103525,-0.50563514,0.07153131,1.2156684
likuiditas,-0.4850963,-0.499595,-0.3663746,0.18597756,1.3047134
ekspansi,-0.48450825,-0.6334904,-0.35973597,-0.07743779,1.3907751
petrokimia,-0.39556992,-0.937463,-0.45587263,0.050245557,1.2855402
signifikan,-0.54630303,-0.7449601,-0.24633683,0.564905,1.2021741
kendala,-0.46015906,-0.49114192,-0.54070014,0.33387065,1.1267217
lokasi,-0.6783656,-0.6193325,-0.5417063,0.009585512,1.1585667
biar,-0.58983165,-0.5193534,-0.4358561,0.07435679,1.209149
united,-0.6419642,-0.7694179,-0.5023623,0.24944228,0.99791527
robby,-0.7015837,-0.95145136,-0.44453788,0.44008762,0.95937526
nr,-1.8089222,0.4500504,-0.74605185,0.5734133,1.1575179
aji,-0.6287411,-0.23467313,-0.89563715,0.12605588,1.0749447
agus,-0.47931677,-0.8399884,-0.46339712,0.37205985,1.0611985
relatif,-0.75008315,-0.44433793,-0.669426,0.16179392,1.1014248
semifinal,-0.86039406,-0.6693116,-0.41148868,0.40234137,0.8467767
digit,-0.7681089,-0.49457365,-0.5607591,0.15485036,0.82810664
jauh,-0.5790054,-0.26570162,-0.7338782,0.5494789,1.0408993
koper,-0.3922879,-0.4459579,-0.5815402,0.34955397,1.078958
spa,-1.5506467,0.32456866,-0.48316944,0.82207215,0.5966689
asap,-0.9068049,-0.0059010615,-0.8293048,0.378361,0.8369386
pol,-1.6099085,0.12749456,-0.12156729,1.1221075,0.8353331
bilang,-0.72008735,-0.33395153,-0.5315455,0.38022116,1.024081
bunga,-0.6649436,-0.59016126,-0.4875436,0.29476666,0.9556202
amerika,-0.88382506,-0.4110858,-0.43519133,0.23493563,0.9361209
slam,-0.9187532,-0.40953496,-0.6967932,0.5025002,0.81916106
tadi,-0.61955863,-0.57008505,-0.40778798,0.18207406,1.0537647
hambat,-0.636518,-0.43680853,-0.63884926,0.027026754,1.1224083
mantan,-0.42282432,-0.27720305,-0.34269428,0.36977386,1.2819128
fondasi,-0.4796985,-0.6479789,-0.40821317,0.14597912,1.3915749
cinta,-0.83199126,-0.5343949,-0.56202996,0.2803915,0.8649883
tebak,-1.1349894,-0.37941054,-0.84300476,0.2554945,0.64928323
sasar,-0.5393073,-0.7235878,-0.41007063,0.31447202,1.1089617
grup,-0.63622665,-0.8485543,-0.6771091,0.33356377,0.92996407
saputera,-0.70823866,-0.6357759,-0.672136,0.4742269,0.85075486
prosedur,-0.47226667,-0.43023393,-0.61059815,0.1943907,1.2929982
ata,-0.70633525,-0.64351827,-0.43560976,0.13359775,1.013254
g,-0.5556808,-0.5083932,-0.3943547,0.31775907,1.1196121
country,-0.7571904,-0.62246144,-0.48456326,0.25649506,0.851091
nah,-0.43828562,-0.29642856,-0.59766674,0.38200822,1.2080019
italia,-0.853703,-0.5450593,-0.9942734,0.17364404,0.7758484
perdana,-0.76856565,-0.5325305,-0.41188774,0.27568904,1.0053018
bangga,-0.46056923,-0.6817279,-0.44546992,0.19309483,1.1717302
tangkis,-0.53249156,-0.67379725,-0.32232788,0.5633839,0.98484105
sumbang,-0.65884054,-0.84228283,-0.8363274,0.5305954,0.7901464
delapan,-0.8942372,-0.2014499,-0.75004894,0.33862203,0.8701272
cedera,-0.8704551,-0.40191162,-0.8093838,0.3389706,0.80834126
arena,-0.7052279,-0.38788503,-0.3902455,0.554085,0.9697369
moreira,-1.7128739,0.19173793,0.054739334,1.142861,0.94218063
diogo,-1.6875803,0.13275622,0.033696625,1.2049598,0.92534447
bastianini,-1.7552146,0.22836721,-0.13738512,1.0760012,0.8796757
enea,-1.7020853,0.29121432,-0.21941654,1.2094282,0.8987802
mir,-1.5859826,0.2575874,-0.08928414,1.131624,0.9196703
joan,-1.5857546,0.2646427,-0.14401306,1.3567121,0.94280154
jack,-1.7767634,0.09710646,-0.1741971,1.147838,0.79776406
sendiri,-0.6599348,-0.41380987,-0.79440117,0.19776453,1.1011006
moga,-0.5073497,-1.0951349,-0.6066228,0.27432796,1.1828474
puluh,-0.86925924,-0.4210474,-0.84968334,0.29275414,0.85658044
skala,-0.4342788,-0.7988701,-0.36069876,0.14736229,1.3331443
pindah,-0.8918267,-0.5206654,-0.47329593,0.5308267,0.96839875
nova,-0.715127,-0.5325072,-0.3635372,0.34248587,1.0434602
peran,-0.4510508,-0.88815016,-0.5003199,0.15218927,1.2266111
komposisi,-0.82575154,-0.7525893,-0.27084422,0.33615765,1.0373758
nikolaus,-0.7870693,-0.60191935,-0.2536017,0.42810357,0.72181875
hormat,-0.64479256,-0.31300598,-0.6538748,0.25087836,1.0252757
prix,-1.0939051,-0.29565164,-1.5687311,0.30053958,0.59441555
ujung,-0.6413379,-0.35502818,-0.6372212,0.16170335,1.086061
sarana,-0.3032759,-0.6329856,-0.5285808,0.13494685,1.0566659
belitung,-0.35652402,-0.60754925,-0.757837,0.17440493,1.1428162
selundup,-0.708327,-0.79873616,-0.35248616,0.6793784,1.0962664
mulyani,-0.57996875,-0.20527166,-0.64378977,0.15310901,1.3349553
sri,-0.6181552,-0.22029011,-0.4323493,0.24067436,1.36933
sertifikasi,-0.6311714,-0.5216899,-0.43146327,0.1930233,1.0349478
sarjito,-0.5050937,-0.69935346,-0.4261575,0.1981606,1.112241
tugu,-0.42306635,-0.7543155,-0.48167446,0.18172641,0.9599083
nasabah,-0.5819131,-0.67715025,-0.44743577,0.13096778,1.1888345
koki,-0.67069185,-0.47144628,-0.21779804,0.27135983,0.9314279
rice,-0.45056492,-0.4896542,-0.46341243,0.46190515,0.8350145
grain,-0.76373816,-0.43162304,-0.27418596,0.4763449,0.69908893
figur,-0.4931268,-0.0423696,-0.6937375,0.040754057,1.3589054
debottlenecking,-0.61129475,-0.18521136,-0.5602967,0.39044973,1.1606988
byan,-0.46104008,-0.4568671,-0.63669604,0.4397702,0.896114
copot,-0.28198162,-0.253771,-0.57658577,0.2565507,1.0743047
ump,-0.63809663,-0.25734213,-0.18987502,0.59558314,0.9851784
dinamika,-0.39204413,-0.6459175,-0.48405567,0.099653915,1.3616478
spbu,-0.53213274,-0.4981759,-0.4332013,0.25116727,1.2454134
anung,-0.3925427,-0.24157378,-0.40331602,0.29278374,1.1485069
management,-0.5822819,-0.24220107,-0.49837807,0.31514284,1.199889
tan,-0.4128762,-0.30476198,-0.16399956,0.5461928,1.3758826
produktivitas,-0.53729093,-0.7602928,-0.5754602,0.21961653,0.9980351
transisi,-0.3169377,-0.47531256,-0.78601515,-0.061271217,1.3196698
buang,-0.5026148,-0.48091656,-0.44483092,0.22411822,1.1362973
konsumsi,-0.5091723,-0.61834335,-0.50000477,0.2657113,0.9964988
sembari,-0.6011755,-0.44928953,-0.51416326,0.11260629,1.021747
keluarga,-0.5238252,-0.66176945,-0.66676235,0.13939564,1.0205313
kabar,-0.43802008,-0.2407782,-0.66619545,0.36780226,1.1864294
ringan,-0.59322333,-0.47898436,-0.32752094,0.30027288,1.1914772
halim,-0.4565265,-0.21810843,-0.3455727,0.29179445,1.1227901
personal,-0.394461,-0.704608,-0.40205854,0.2800069,1.2907498
gue,-0.77659947,-0.28955835,-0.6295171,0.19575253,1.083249
market,-0.6670177,-0.4621496,-0.4384206,0.2442563,1.02126
mungkin,-0.61301637,-0.40540686,-0.6542425,0.2438699,1.0413216
livery,-1.1480829,-0.35426617,-0.7067199,0.4399473,0.7000248
speed,-0.89572424,-0.96189857,-0.22503373,0.4879033,0.8689846
development,-0.50607985,-0.4867413,-0.548307,0.399243,1.009529
sosok,-0.630774,-0.25424495,-0.5420311,0.41768765,1.0526459
pribadi,-0.5558057,-0.61685747,-0.70547456,0.2717835,0.97294885
maximo,-1.0004765,-0.18008454,-1.0789222,0.25577888,0.57015264
celah,-0.7742578,-0.24812607,-1.2419913,0.2810507,0.7087595
espargaro,-1.4321266,0.11733687,-0.12142067,1.1175851,0.8254384
sanksi,-0.69674367,-0.3063135,-0.37425727,0.40311697,1.1630322
tempo,-0.74222815,-0.17288679,-0.85032517,0.49559093,0.93251044
garuda,-0.8205929,-0.35730663,-0.4383985,0.36540428,0.995232
kemas,-0.6186774,-0.5702175,-0.34452718,0.22577003,1.2118945
mula,-0.46824673,-0.5987437,-0.47787893,0.37128747,1.175089
karantina,-0.7659311,-0.75847226,-0.38164008,0.3636932,1.0792785
berani,-0.79997885,-0.3690115,-0.67407364,0.24112755,0.980974
gembira,-0.70399845,-0.35283628,-0.6305613,0.29031664,1.0699139
bahagia,-0.6483739,-0.44672534,-0.71801,0.40686116,0.9255391
terus,-0.53300196,-0.32910183,-0.4009201,0.25064597,1.2390174
lempar,-1.1211102,-0.45011902,-1.2253752,0.5262947,0.4120647
minimal,-0.5915129,-0.6729818,-0.57354176,0.30945128,1.0549155
area,-0.5162292,-0.4784641,-0.66383255,0.25959957,1.0946795
cegah,-0.49274743,-0.3724025,-0.50148207,0.1749492,1.2643126
suara,-0.65049094,-0.54552233,-0.4416031,-0.04124311,1.1865282
taufik,-0.38525057,-0.6587711,-0.32782236,0.42459592,1.3309722
of,-0.7143913,-0.4988355,-0.65604854,0.21379499,0.8720745
jawab,-0.71973526,-0.48817992,-0.8121427,0.26700708,0.8832372
pool,-0.8085849,-1.0869905,-0.23778562,0.3013537,0.911338
deny,-0.7036236,-0.76239294,-0.29596055,0.42328975,1.1902522
benah,-0.6205103,-0.417462,-0.51796967,0.35044754,0.9516697
hal,-0.47056282,-0.7393237,-0.6517022,0.22691809,1.060381
yudha,-0.8425584,-0.7551232,-0.5806072,0.42363486,0.7225788
series,-0.8451203,-1.0440083,-0.5239873,0.38197523,0.75241554
tenaga,-0.58768904,-0.56739205,-0.5892012,0.20179798,1.0262617
dari,-0.62561476,-0.7153995,-0.586779,0.001263744,1.1323128
iwf,-0.73216355,-0.67897534,-0.94824064,0.46373168,0.8748534
besi,-0.7881004,-0.65112,-0.38953644,0.48457846,0.7795004
telah,-0.7110662,-0.34267664,-0.6926801,0.29139265,1.0021746
duo,-1.0671864,-0.21514492,-1.285197,0.7605545,0.4357419
event,-0.82181996,-0.63301784,-0.38669732,0.31815988,0.99072605
axcr,-0.6917618,-0.5027014,-0.74793774,0.4104601,0.86186475
sepenuh,-0.7087277,-0.43041757,-0.41453922,0.21790756,0.98802185
gravel,-0.84948504,-0.3011098,-1.3867091,0.5498433,0.57247573
agenda,-0.73965067,-0.46577957,-0.2718371,0.19151255,1.1574434
teman,-0.58139026,-0.5526177,-0.41401207,0.1054182,1.2244074
asosiasi,-0.51224244,-0.7070246,-0.44758436,-0.002278789,1.152986
damping,-0.6264086,-0.6005039,-0.3671369,0.25810504,1.0496769
dpd,-0.47427273,-0.20919701,-0.59843713,0.22151074,1.1447372
cetak,-0.66402453,-0.37468782,-0.84623283,0.2986988,0.982391
iin,-0.59088695,-0.7599742,-0.36526784,0.5235101,0.95703363
administrasi,-0.5050913,-0.4334934,-0.5165919,0.29867506,1.1059752
porprov,-0.5031951,-0.7157792,-0.57006687,0.39449736,0.99856186
sejarah,-0.5133833,-0.5834145,-0.531878,0.3591121,1.0651795
kejut,-0.619062,-0.6511389,-0.18633379,0.51893175,1.0291648
wadah,-0.60747427,-0.5758739,-0.56451887,0.054989554,0.9641899
profesional,-0.65533674,-0.5041142,-0.53996754,0.19399755,1.0217537
papua,-0.77106756,-0.5547884,-0.37173897,0.09092812,0.9060464
janji,-0.4326634,-0.53897685,-0.49244362,0.40746176,1.0614685
buat,-0.49213803,-0.49119142,-0.64481956,0.23101251,1.0429196
razgatlioglu,-1.5013562,0.15593019,0.12163771,1.2044805,1.0498015
toprak,-1.3549811,0.11846626,-0.2490239,1.2324419,0.78420377
tutur,-0.68118733,-0.5963814,-0.32893956,0.33287477,1.1827456
sport,-0.78030264,-0.52543545,-0.448522,0.169654,0.923008
tembus,-0.8219795,-0.45824745,-0.4637894,0.46648225,0.8839751
senayan,-0.72057587,0.029457027,-0.15787715,0.7611468,1.2528005
alfamart,-0.81793064,-0.45457265,-0.48401085,0.12605108,0.84083265
lari,-0.37662637,-0.58234566,-0.4588487,0.22574306,1.045207
banget,-0.7314848,-0.9022559,-0.42790747,0.4307256,0.8420265
masing-masing,-0.6317074,-0.5819919,-0.5792609,0.24849333,1.0130837
bagas,-0.7150576,-0.72760874,-0.2024406,0.45097604,0.82505196
mix,-0.67636657,-0.6098112,-0.44414377,0.41084957,0.9319784
ramadhanti,-0.5322126,-0.7693201,-0.11135455,0.34355325,0.96844226
silva,-0.7641744,-0.6011105,-0.06841506,0.20161255,0.9373121
mana,-0.769776,-0.37034675,-0.5328057,0.15747178,1.136101
anggap,-0.6008269,-0.66218716,-0.5796263,0.09086149,1.0602063
pesan,-0.5684454,-0.44383693,-0.597536,0.106892064,1.1005075
dia,-0.7178734,-0.5199428,-0.62593263,0.33584467,0.935294
alwi,-0.62488574,-0.5480102,-0.15860714,0.41254392,0.84140325
sampai,-0.6895137,-0.4444435,-0.42368922,0.24665563,1.02136
ajak,-0.78552943,-0.50776976,-0.49025086,0.29045188,0.9896578
bmks,-0.53426003,-0.41127434,-0.4829264,0.3122148,1.1673687
djbc,-0.7107171,-0.4025038,-0.4119137,0.38133475,1.1134905
idola,-0.60214067,-0.30598196,-0.35387686,0.30377933,1.0472593
dpum,-0.58725154,-0.5016722,-0.41541913,0.41331145,1.014713
laba,-0.6001712,-0.5644721,-0.33576602,0.6944277,1.0524235
cmry,-0.59139556,-0.4099049,-0.4170657,0.3344439,0.9722088
tht,-0.3617456,-0.16245672,-0.41247842,0.39042222,1.2114196
reshuffle,-0.6647087,-0.1250936,-0.5378441,0.27012667,1.0548317
majeure,-0.5698574,-0.42821884,-0.45422286,0.26534754,0.92989707
kahar,-0.5227107,-0.6475216,-0.442785,0.039187193,0.8817317
tabung,-0.5625482,-0.399778,-0.5475678,0.17268816,1.0936742
lpg,-0.368055,-0.6176712,-0.42571115,0.31720036,0.9593205
president,-0.5915631,-0.39338452,-0.527202,0.049423758,0.93333983
perban,-0.4541163,-0.60216403,-0.5507313,-0.07622797,1.3354263
tuntut,-0.80149215,-0.2691205,-0.24227774,0.5452408,1.0499806
aph,-0.6298531,-0.43607855,-0.5100366,0.26085812,1.173718
prioritas,-0.32869714,-0.5526049,-0.61490715,0.25183642,1.1623474
instrumen,-0.36036387,-0.52316314,-0.5394681,0.12073684,1.2734433
am,-0.53402627,-0.37453395,-0.3726163,0.44636342,1.2458304
sucor,-0.43341348,-0.5180942,-0.2267216,0.5633766,1.3230593
oskaria,-0.6382355,-0.16098072,-0.5016344,0.15336984,1.1785016
tara,-0.498863,-0.81627977,-0.17622623,0.56407833,1.10326
phr,-0.42558953,-0.7128973,-0.52655756,0.15163969,1.1591508
ab,-0.6183052,-0.34996364,-0.5122964,0.32252777,1.1463575
inflasi,-0.6360325,-0.4137715,-0.26938057,0.2849681,0.9587988
volume,-0.64129555,-0.6642143,-0.24315302,0.28530678,1.0806948
pinjam,-0.72482,-0.49626774,-0.30882567,0.22042198,1.0936142
instansi,-0.69461644,-0.51106876,-0.3678954,0.13374816,1.0540369
birokrasi,-0.5266259,-0.55398846,-0.44344014,0.41483557,0.92600936
dinas,-0.50177705,-0.38059238,-0.46584964,0.09959159,1.2241247
mutu,-0.6605672,-0.38784847,-0.45910415,0.1499256,1.07908
pangan,-0.4423808,-0.6052595,-0.43669,0.30555275,1.0768119
jagung,-0.5157376,-0.6435862,-0.53498673,-0.030594254,1.1017562
wenang,-0.34213722,-0.3362358,-0.38678285,0.32366374,1.3239899
tari,-0.5089475,-0.49374625,-0.27754456,0.19663303,1.0977846
otoritas,-0.44896114,-0.19969495,-0.3836585,0.26645178,1.1916629
profil,-0.40707004,-0.48552316,-0.6327945,0.30074173,1.2171257
skema,-0.5548439,-0.6623949,-0.41143197,0.09740599,1.1709934
implementasi,-0.3779561,-0.66638637,-0.5070782,0.08522597,1.1466107
darat,-0.59066164,-0.49784508,-0.6587752,-0.032491487,1.1193069
konektivitas,-0.3456243,-0.5333764,-0.6534679,-0.002389597,1.2659317
mobilitas,-0.36034292,-0.50322443,-0.45707455,0.08126351,1.2057306
relevan,-0.4950166,-0.55765325,-0.42538685,-0.0967428,1.3352774
pacific,-0.38469398,-0.6720081,-0.5404938,-0.22848327,1.2353431
swasta,-0.75124025,-0.5763017,-0.4581833,0.26572934,0.9869933
patuh,-0.49962962,-0.4992066,-0.5143215,0.06914165,1.2584378
perkara,-0.55123824,-0.41098017,-0.6575,0.11848022,1.1375237
tangkap,-0.45813566,-0.35887453,-0.54494786,0.47001347,1.0145205
agung,-0.43328267,-0.64075536,-0.2467487,0.09006894,1.13632
struktur,-0.5583848,-0.33707237,-0.592131,-0.020884113,1.1119841
eselon,-0.3948333,-0.36221004,-0.64465505,0.23945323,1.1769466
wijayanto,-0.43075734,-0.05747276,-0.3410827,0.29146683,1.2751861
corporate,-0.65255564,-0.4864739,-0.4743692,0.2718124,0.8140612
kusuma,-0.7065802,-0.3926353,-0.46015477,0.20638795,0.87804484
ingat,-0.6033301,-0.39928073,-0.41202706,0.41275278,0.9854345
faktor,-0.72630256,-0.7360376,-0.41410056,0.05311736,1.0114915
integritas,-0.74342483,-0.61337626,-0.51058626,0.013868895,1.1603385
chapter,-0.6771594,-0.6322524,-0.9603298,0.13053866,1.2330815
anl ega,-0.55881685,-0.31300345,-0.64419216,0.30416894,0.66498727
tembak,-0.64982265,-0.6797252,-0.52619964,0.27264652,0.94773215
tukar,-0.56269574,-0.6198885,-0.5517401,0.25468683,1.0314889
tebing,-0.6156995,-0.5023926,-0.6418124,0.23156078,0.7515505
climbing,-0.67212516,-0.87125176,-0.55928725,0.37220645,0.868414
kombinasi,-0.8189909,-0.42890924,-0.35814065,0.27179506,0.9460447
qualifying,-1.4014254,0.4560951,-0.7562045,0.76676965,1.1441861
gera,-0.71333706,-0.6640088,-0.34030688,0.08516757,1.0621502
sipil,-0.7702142,-0.43094134,-0.63390076,0.063715786,0.92523396
makna,-0.5542997,-0.52288663,-0.69945765,0.2194963,1.0852005
seluruh,-0.58373517,-0.4120351,-0.4345502,0.37694857,1.0079911
coach,-0.544624,-0.6636718,-0.27444094,0.2510602,1.1021812
binder,-1.4502695,0.050842963,-0.030956881,1.2414541,0.8321025
brad,-1.5449435,0.2809839,-0.10653927,0.9744283,0.88389426
judi,-0.5602926,-0.25053185,-0.45258385,0.2082353,1.2236654
lama,-0.61877114,-0.34985802,-0.67943656,0.07815583,0.9677805
bikin,-0.598263,-0.74512184,-0.46806663,0.4097551,0.83008057
men s,-0.822772,-0.49414894,-0.6655023,0.5436789,0.61003345
non,-0.5877967,-0.4313319,-0.4632393,0.05567141,1.1208504
pebulutangkis,-0.58812344,-0.7372878,-0.4925967,0.13583045,0.98167455
trofi,-0.5855778,-0.5223478,-0.6728041,0.34114775,0.9560958
indah,-0.6186899,-0.37180734,-0.6086983,0.20061211,1.0338361
zverev,-0.7148261,-0.3922467,-0.6519713,0.55122477,0.9213376
tardozzi,-0.750363,-0.17900062,-0.7825816,0.4271316,0.9161879
kemudian,-0.48795238,-0.42006707,-0.70114654,0.17998207,1.0454156
sekali,-0.72221434,-0.6576321,-0.66317564,0.4617357,0.7715984
kemenpora,-0.37423497,-0.5713016,-0.41550022,0.366589,1.1937141
mite,-0.56783843,-0.8411135,-0.4275818,0.5672704,0.99186605
jenjang,-0.4231942,-0.5351685,-0.5723893,0.19976309,1.270208
picks,-1.1757783,-0.35747573,-1.0851597,-0.093893565,0.71518886
jaya,-0.6866088,-0.5730013,-0.54027486,0.502879,0.7773733
adaptasi,-0.5876113,-0.7238989,-0.46322122,0.1549342,1.0614624
takluk,-0.8321337,-0.5505497,-0.16027403,0.5620673,0.91700476
panggung,-0.73611087,-0.82373905,-0.33953026,0.19729184,0.93042487
klub,-0.7455293,-0.7609692,-0.43167302,0.13629434,0.97326666
terbang,-0.5994093,-0.6666577,-0.55049175,0.2642629,0.8933567
di,-0.7517667,-0.65694034,-0.58811694,0.42118922,0.8492055
jerman,-0.920742,-0.48284835,-0.79724526,0.38931784,0.6861903
tertib,-0.53345233,-0.4193382,-0.41632277,0.2410088,1.3202661
lambat,-0.6179492,-0.33736214,-0.818357,0.2879919,0.8326931
cantum,-0.34107298,-0.47378346,-0.50577843,0.32653233,1.2970496
servis,-0.6556508,-0.5737744,-0.5962736,0.30244717,0.975121
mohon,-0.6430949,-0.27998048,-0.49984822,0.16145018,1.0318509
sponsor,-0.8485577,-0.26491487,-0.64166504,0.3223912,0.87553483
popprov,-0.59874433,-0.8257255,-0.6296845,0.2989122,1.2054644
rangka,-0.59056723,-0.699852,-0.5425976,0.049314104,1.059015
ii,-0.7686216,-0.57720363,-0.51107454,0.44746873,0.8047476
had,-0.66834456,-0.47883356,-0.4271206,0.37667495,0.9816433
bima,-0.59080076,-0.47678936,-0.38161168,0.07372484,1.0192147
koni,-0.45727608,-0.74765575,-0.26595005,0.30603603,1.2268753
pandang,-0.5097283,-0.32711005,-0.59516877,0.29264122,1.0418572
kontainer,-0.5624544,-0.441272,-0.50818586,0.2900602,1.0666877
jelang,-0.6992968,-0.7181713,-0.3276007,0.35989484,0.8556977
asisten,-0.60029566,-1.1138484,-0.32372352,0.7062315,0.90099466
sepak,-0.58584636,-0.78619367,-0.21630655,0.51240015,0.8094276
bulu,-0.6238495,-0.82133293,-0.26407573,0.37298673,0.74410135
wali,-0.34663942,-0.48413023,-0.62997615,0.44337443,0.9827299
dprd,-0.3809176,-0.77261955,-0.44478706,0.2692732,0.9796069
jakbar,-0.5353629,-0.6955948,-0.4581262,0.4946123,0.97314847
kontingen,-0.41939062,-0.60244554,-0.36914724,0.25112882,0.98297566
tengah,-0.85533434,-0.16095716,-0.763436,0.41415378,0.8329912
awat,-0.5780337,-0.37434265,-0.5401555,0.11214563,0.9696883
sengit,-0.97982436,-0.23393331,-0.8982142,0.30801484,0.70746696
soal,-0.7381995,-0.4348602,-0.214119,0.15995388,1.1309228
ai,-1.2596021,-0.1899684,-0.7813936,0.47061434,0.45331603
rekan,-0.97761565,-0.46085948,-0.6995929,0.34007078,0.6930135
maksud,-0.728661,-0.4500264,-0.34429544,0.41604885,1.0184951
madu,-0.5945782,-0.43772382,-0.4272293,0.25851536,0.9534806
pemuda,-0.35351712,-0.6076867,-0.43634644,0.2353663,1.2129027
garis,-0.9379422,-0.47129738,-1.1339225,0.42263207,0.5166798
yogyakarta,-0.83123523,-0.58610284,-0.26985478,0.47318083,0.987224
raya,-0.5826674,-0.6271175,-0.42305878,0.3036219,0.99499696
aplikasi,-0.5949954,-0.49388176,-0.38315046,0.13557968,1.0982147
antusiasme,-0.54502434,-0.4659947,-0.49169126,0.30818075,0.9533885
gitu,-0.77642995,-0.30299285,-0.46872064,0.15993911,0.98176557
sepakat,-0.70222306,-0.6737682,-0.50446576,0.22793324,0.9036327
apri,-0.6414205,-0.4949145,-0.48132005,0.2800131,0.85162747
dkk,-0.5479163,-0.4964325,-0.69692194,0.4633408,0.826551
enggak,-0.75380236,-0.57537115,-0.44968233,0.39652905,0.8538221
double,-0.67406726,-0.75369036,-0.4714363,0.3786446,0.85307515
sakit,-0.7699675,-0.39790365,-0.59759426,0.41898525,0.84370726
wietrzyk,-0.68190384,-0.38446036,-0.5496671,0.26777858,0.9628198
bangkok,-0.49549738,-0.517377,-0.3371227,0.18294042,0.97846067
rakyat,-0.7163414,-0.6303384,-0.5674926,0.063039854,0.8885489
malaysia,-0.6546696,-0.57052284,-0.4199252,0.22157443,0.8301588
mcy aff,-0.5406035,-0.4137446,-0.30453852,0.1120449,0.8390312
aichi,-0.5556275,-0.4241563,-0.52088165,0.32730925,0.79722154
gulir,-0.81595397,-0.4890918,-0.3924835,0.2776247,0.8718606
sea,-0.62834,-0.97687393,-0.18306929,0.3783411,0.8595277
tokyo,-0.5398367,-0.8400278,-0.2929764,0.30245838,0.7833756
lima,-1.345291,-0.13347803,-1.1300048,0.3104068,0.55708957
bahu,-0.60405636,-0.7764067,-0.60473716,0.3386473,0.80542487
arti,-0.6519792,-0.47240695,-0.733322,0.10816379,0.8602387
aragon,-0.8125177,-0.33842787,-1.1209848,0.2400614,0.68575007
john,-0.70064884,-0.50930536,-0.51965183,0.34736952,0.9074328
bioethanol,-0.4518805,-0.49055433,-0.476624,0.29840687,0.98993504
nre,-0.6508395,-0.36881813,-0.2705907,0.2532839,1.1393465
lubang,-0.4817397,-0.4415586,-0.6072138,0.19001701,0.88900477
pinjol,-0.44946772,-0.5786371,-0.54356086,0.34572506,0.93960214
pindar,-0.36373824,-0.4462872,-0.6661466,0.19487457,1.1691576
kustodi,-0.43156517,-0.38972774,-0.4323284,0.045182906,1.2017351
ossy,-0.5855833,-0.3296247,-0.26139933,0.28940812,1.1126899
accident,-0.31389284,-0.6288191,-0.4556795,0.33222887,1.02978
life,-0.47953892,-0.3706232,-0.23298392,0.07838046,1.08974
mega,-0.3825232,-0.35095873,-0.43180516,0.26921582,0.97666293
pfi,-0.5874924,-0.36579958,-0.42796773,0.28014806,0.8574146
moeharmein,-0.44761565,-0.41294748,-0.38685048,0.1520706,1.1428286
fleksibilitas,-0.40492818,-0.46182638,-0.52492803,0.17822823,1.1031795
ounces,-0.47036234,-0.8617054,-0.27155888,0.6510894,0.8208503
raja,-0.3612778,-0.3170718,-0.6022305,0.048748914,1.1275419
topi,-0.7238873,-0.23067552,-0.34541073,0.2659704,0.7206454
pipa,-0.47474238,-0.6541353,-0.5712311,0.18723157,0.9222081
ekspor,-0.61585784,-0.43863016,-0.38330784,0.19221115,1.063323
cicil,-0.43151483,-0.3428532,-0.2705146,0.38506317,1.108582
menteri lembaga,-0.40279767,-0.27789927,-0.77127826,0.17389849,0.9620009
hki,-0.32461283,-0.48712063,-0.61218876,0.35009676,0.94671357
sl,-1.0073466,-0.046473324,-0.19216146,0.4565449,0.954555
lonjak,-0.5701647,-0.37771654,-0.52603215,0.44415048,0.86084145
omada,-0.56346273,-0.67570794,-0.332802,0.038414937,0.9122313
efektivitas,-0.6028564,-0.17214435,-0.43497908,0.07266946,1.1647019
opsi,-0.5147044,-0.48303956,-0.68505025,0.25672147,1.0014367
boulevard,-0.3082227,-0.22452722,-0.47702563,0.61920947,1.1046616
pak,-0.58553004,-0.24148794,-0.29789126,0.33529636,1.1811409
blak-blakan,-0.43202153,-0.18707086,-0.49186566,0.14112806,1.1550825
kuota,-0.45376322,-0.4818201,-0.53305256,0.37784475,0.9896264
gaji,-0.36865392,-0.41448522,-0.5921843,0.087201945,1.0723088
dividen,-0.56088084,-0.37930676,-0.4587437,0.41003114,1.0901107
dukuh,-0.39525273,-0.32078275,-0.36534506,0.5402424,1.0629675
kspi,-0.6287703,-0.32358906,-0.48744994,0.26436317,0.8867686
obligasi,-0.43731886,-0.3902329,-0.40359896,0.33682835,1.1518416
reksa,-0.35243914,-0.42990792,-0.4304696,0.33824706,1.3255618
gali,-0.5927308,-0.422562,-0.51460886,0.26586467,1.0074458
antre,-0.51639295,-0.44655603,-0.4387652,0.2942296,1.056074
insentif,-0.403026,-0.6470413,-0.39420962,0.063726,1.1765057
resources,-0.5895604,-0.49268895,-0.48583755,0.26530004,0.75621605
jeffrey,-0.4425799,-0.3055455,-0.37515518,0.48510176,1.2578741
kompetensi,-0.52650213,-0.5390237,-0.6077793,0.11573795,1.1816995
ratus,-0.4669951,-0.05510617,-0.60227937,0.51734394,1.2250435
talent,-0.6243507,-0.30246222,-0.33011663,0.026125435,1.2290708
produsen,-0.38999406,-0.5352164,-0.4457516,0.23660491,1.220279
igo fdl,-0.28626373,-0.060347423,-0.46503052,0.22211166,0.9185255
model,-0.37086242,-0.6578498,-0.5649196,0.08327828,1.2034326
produktif,-0.38124725,-0.7188646,-0.29957268,0.17774126,1.1929402
efisien,-0.5929416,-0.47279212,-0.31958243,0.23137163,1.1275972
dermaga,-0.68506175,-0.48064095,-0.3423451,0.116643555,1.0584195
sukuk,-0.5041913,-0.41086164,-0.46560985,0.29075682,0.88532245
tarif,-0.38150245,-0.29528546,-0.36856037,0.4616833,0.9865202
rawamangun,-0.28303504,-0.2633463,-0.24779353,0.47224563,1.2539439
ahli,-0.43292594,-0.3021421,-0.36050484,0.30969015,1.1272075
entitas,-0.52621126,-0.6086232,-0.3705631,0.277671,1.02828
ott,-0.5269679,-0.31724423,-0.40028217,0.45704964,1.0307872
pitojo,-0.5869857,-0.39894062,-0.4726212,0.26267412,0.9972529
adrianto,-0.37998557,-0.4787124,-0.39868385,0.088774204,1.177116
urban,-0.64614296,-0.4101354,-0.33118284,0.38893458,0.8506773
ahy,-0.6379936,-0.5763628,-0.3162344,0.15290068,0.87519526
prinsip,-0.4192569,-0.6474169,-0.5264961,0.24590102,1.1189649
saldo,-0.7536154,-0.25402397,-0.52623904,0.16402967,0.967109
sinambung,-0.4638644,-0.4409022,-0.63367236,0.037692197,1.1278706
shifter,-0.7496952,-0.35907748,-0.4864977,0.22669981,0.8493319
ancam,-0.497349,-0.5538276,-0.69463784,0.14318447,1.0171471
banjir,-0.49664482,-0.5375323,-0.36073962,0.27034298,1.0353283
iya,-0.31902593,-0.35110483,-0.6942835,0.17397575,1.1535696
cuaca,-0.5617311,-0.41673717,-0.37865853,0.23769103,0.96044534
panjat,-0.57429206,-0.6444608,-0.41272017,0.18270113,0.6752959
eksekutif,-0.7169901,-0.30381593,-0.30808574,0.19160913,1.0297661
rafalentino,-0.54356647,-0.4970647,-0.41667977,0.33115324,0.8587848
rifqi,-0.6858224,-0.4350387,-0.52076143,0.2787363,0.7543286
makassar,-0.40200686,-0.3166557,-0.6078205,0.119659595,1.1990601
wheels,-0.84102863,-0.42581764,-0.50985324,0.43816924,0.9572083
rolling,-0.8058053,-0.44051665,-0.44481644,0.2556872,1.0583558
kultur,-0.8495207,-0.51251113,-0.45902842,0.07646357,1.0193564
genre,-0.8026395,-0.3403669,-0.63461065,0.12891969,0.9041663
unjuk,-0.63525194,-0.4198807,-0.6508998,0.4033443,0.8507868
respons,-0.7030087,-0.32793388,-0.6777392,0.21046697,0.8620736
tangguh,-0.8876453,-0.40424392,-0.6854218,0.3121513,0.8340059
anthon,-0.7801496,-0.44852346,-0.5477485,0.2309898,0.9648002
kalimantan,-0.42533028,-0.41508508,-0.35543877,0.22518615,0.9528547
jangkau,-0.5184269,-0.50533324,-0.34229213,0.17327453,1.0667499
milklife,-0.64889973,-0.48802233,-0.6774603,0.19882753,1.0121887
sports,-0.41334888,-0.6483264,-0.6061313,0.25732294,0.99574935
malu,-0.54854584,-0.2085907,-0.3452013,0.46119922,0.93081516
long,-0.63121325,-0.42238218,-0.38309354,0.25291374,0.79159355
bebas,-0.7197221,-0.41495854,-0.76478195,0.1959894,0.8270471
kolam,-0.5387105,-0.08951796,-0.61315805,0.19201683,1.0793383
pintu,-0.5512831,-0.742962,-0.5447488,0.1304028,0.93161815
ramai,-0.6647927,-0.40740326,-0.51872486,0.18724914,0.8837655
new,-0.7205876,-0.3379787,-0.52441347,0.23088801,0.7864135
sabalenka,-0.64478123,-0.63583934,-0.54348123,0.4286931,0.7379041
roda,-0.67263716,-0.42309394,-0.6623148,0.16414033,0.8906385
berita,-0.5762859,-0.35527933,-0.50061834,0.07338133,1.1023806
akun,-0.6326538,-0.25873032,-0.65607864,0.14847164,0.9680118
perrone,-0.8285023,-0.38841084,-0.68244046,0.2993317,0.53977704
valentin,-0.84808344,-0.30181125,-0.74636143,0.4562736,0.49089542
brian,-0.7819755,-0.22293575,-0.8538409,0.2219726,0.5775815
sore,-1.086042,-0.19809653,-0.72717506,0.48489976,0.54743254
pro,-1.363082,0.13371292,-0.0034679987,1.0719733,0.9054952
ita,-1.2323105,-0.11119528,-0.30785152,0.8056781,0.44740608
pecco,-0.8240724,-0.43287486,-0.60781467,0.29547778,0.7406962
urut,-1.0843233,-0.42728224,-1.1983389,0.17403673,0.45345366
and,-0.5906679,-0.4905836,-0.67829674,0.25740823,0.94019127
petaka,-0.87731504,-0.20999222,-1.2895082,0.51358306,0.48966178
bni,-0.5301155,-0.7236178,-0.45316583,0.14142342,1.0759016
m,-0.48945066,-0.56278867,-0.24269415,0.25292918,1.1108915
baron,-0.56493044,-0.51652354,-0.5538258,0.34378743,0.9966702
semarang,-0.6749565,-0.5060907,-0.3831391,0.48455334,1.1190927
gor,-0.70941186,-0.59804815,-0.28462818,0.5946869,0.7405691
pecah,-0.69268656,-0.51017946,-0.36842155,0.45334804,0.9816815
ben,-0.65614426,-0.73166615,-0.5751634,0.40452155,0.9206676
tetapi,-0.63813967,-0.36042666,-0.5069968,0.27730155,0.85077685
yakin,-0.739229,-0.3149247,-0.56215847,0.045619193,0.97853965
lengser,-0.51941484,-0.08722931,-0.84103143,0.27300265,0.8984616
imbas,-0.50947535,-0.49341807,-0.42196247,0.42174816,0.9483251
jajar,-0.42407298,-0.4409608,-0.518076,0.14743668,1.2472186
marciano,-0.43590048,-0.85920453,-0.511105,0.3629539,1.0251957
boldriders,-0.70051616,-0.18579786,-0.6436007,0.03720959,0.93444765
instagram,-0.6708387,-0.250326,-0.49427605,0.12444339,0.9217791
riding,-0.6804515,-0.65418464,-0.67779624,0.23365588,0.9665038
singapura,-0.49175364,-0.65880495,-0.484024,0.23158723,1.1923158
jati,-0.6002543,-0.6432671,-0.46346903,0.55216444,0.77634037
timpal,-0.75240934,-0.45380363,-0.23069791,0.22892086,1.0273845
tour,-0.6835592,-0.5929586,-0.6008575,0.3633626,0.80069125
segar,-0.79873216,-0.4836834,-0.7144086,0.11617864,0.8392259
suasana,-0.56063765,-0.542774,-0.6193733,0.14220874,1.0234655
iv,-0.79278827,-0.33887178,-0.57855934,0.33460957,0.7721649
kantong,-0.73702216,-0.7161204,-0.37723675,0.21273725,0.7372474
sembilan,-0.8161835,-0.31021762,-1.0619884,0.45510265,0.68681794
rival,-0.917743,-0.10192396,-1.1387153,0.46071005,0.6585125
al,-0.52999586,-0.4477039,-0.44657886,0.4995414,1.0120232
sifat,-0.42354974,-0.30702546,-0.5261792,0.33448407,1.037066
logistik,-0.4632198,-0.42918813,-0.419618,0.22138472,1.0474279
dokumen,-0.54079515,-0.3314061,-0.44001338,0.16719869,1.0361154
rally,-0.4640853,-0.69019276,-0.49388927,0.3310839,0.93789744
bagaimana,-0.45054162,-0.4483591,-0.46751982,0.36243734,1.0863798
formula,-0.86650944,-0.23287927,-0.4017169,0.30365434,0.86208487
induk,-0.4664063,-0.30226085,-0.55568224,0.43614477,0.9785698
potensial,-0.4748027,-0.5547515,-0.52024037,0.3685023,0.9021115
pon,-0.4465151,-0.53231776,-0.54238576,0.24412924,1.0203074
saksi,-0.637641,-0.251197,-0.6119522,0.40722588,0.8647124
kursi,-0.68380374,-0.46546242,-0.5406572,0.2465895,0.76452994
dominasi,-0.67212015,-0.38090062,-0.7305494,0.2607245,0.7740241
kini,-0.7001873,-0.28127864,-0.6472672,0.15757483,0.93686014
austria,-0.72204846,-0.24587224,-0.78007644,0.3378561,0.70079464
trias,-0.48765185,-0.8758468,-0.1791113,0.3043705,0.94148815
ogura,-1.0751566,-0.14485456,-0.66284394,0.63568854,0.5129222
baris,-0.76655805,-0.3936951,-0.746854,0.26610154,0.7166244
mentalitas,-0.6986434,-0.6851745,-0.4266758,0.14015564,0.8962483
sabar,-0.7884018,-0.5041904,-0.43030322,0.29248902,0.87726796
kiprah,-0.84561896,-0.39034113,-0.76301706,0.34977257,0.7059816
era,-0.6379957,-0.312605,-0.42766,0.2654024,1.0339766
sana,-0.5921599,-0.6047548,-0.41261345,0.1203664,0.9326782
oh,-0.5150053,-0.34563065,-0.5093768,0.47769815,0.97687215
erick,-0.4845856,-0.6522516,-0.22524802,0.30925566,1.0828507
minat,-0.5735538,-0.31119168,-0.48850694,0.34589693,1.0810325
ryan,-0.76200694,-0.22528383,-0.2445976,0.20042442,1.0923781
padu,-0.49948323,-0.6840953,-0.5189233,0.33272797,0.8713705
challenge,-0.46717218,-0.5775416,-0.66111505,0.2348898,1.0165287
jiwa,-0.49624687,-0.3269275,-0.57320684,0.41080642,0.9164201
sejati,-0.71265966,-0.39414552,-0.3848865,0.39154658,0.83525723
marwah,-0.7888167,-0.68244475,-0.24654551,0.19511831,0.6543174
violina,-0.7037092,-0.4536908,-0.28636542,0.097676724,0.8608049
diskualifikasi,-0.7111414,-0.36088255,-0.34412,0.33189276,0.8285988
balik,-0.66387624,-0.52220744,-0.60247785,0.23619193,0.85907406
cepirit,-0.7089189,-0.649736,-0.62935215,0.14349031,0.7214038
syukur,-0.6660588,-0.5561607,-0.6041269,0.19381706,0.88451356
sapa,-0.64600337,-0.5891632,-0.2870855,0.33538905,0.9126864
partner,-0.61172235,-0.5699004,-0.22884782,0.22591421,0.9223442
training,-0.46331844,-0.6795626,-0.32262984,0.18388845,1.1553787
semua,-0.44242254,-0.65909874,-0.6244892,0.2730083,0.96201545
spanyol,-1.1566664,-0.20960748,-0.6625443,0.40190586,0.4915819
sapu,-0.9200481,-0.40511894,-0.93386805,0.32367012,0.4963062
tradisional,-0.47581813,-0.49443445,-0.51123214,0.25359422,0.68899924
siswa,-0.41175398,-0.3527585,-0.52303284,0.27059782,0.9182678
anis,-0.6594269,-0.38948274,-0.5257524,0.22699237,0.8416212
card,-0.64235395,-0.37974665,-0.30915916,0.24091615,0.9468
bludebit,-0.5312663,-0.43464848,-0.46993813,0.25849712,0.8512312
defisit,-0.6473942,-0.4531829,-0.45748687,0.25805935,0.92758554
sop,-0.5343489,-0.33691293,-0.4236676,0.23562863,1.1034751
mall,-0.67278093,-0.36710742,-0.38200778,0.15910155,0.9340501
pondok,-0.5461577,-0.34015074,-0.2965767,0.27461088,0.9511031
destinasi,-0.430029,-0.5671182,-0.40656486,0.10752687,0.98043203
raymond,-0.3670113,-0.60043687,-0.53853446,0.22452398,1.1456476
smelter,-0.524099,-0.4912633,-0.6182769,0.1249463,1.0230796
masyhud,-0.43101013,-0.40774196,-0.41197142,0.17645375,1.163014
xii,-0.6137739,-0.17469491,-0.3615719,0.30970374,0.9762957
ptfi,-0.5768001,-0.606387,-0.42060304,0.35114077,0.74262357
ikan,-0.62481266,-0.28173995,-0.3913605,0.26715732,0.7427061
smv,-0.5894344,-0.31557894,-0.30398387,-0.033861678,1.0454069
akhmad,-0.38311532,-0.5743999,-0.47296947,0.11131899,1.0543573
tp,-0.82509583,-0.10421007,-0.44404513,0.51646805,0.8504436
buy,-0.9389481,-0.07790328,-0.2937025,0.56515795,0.9101598
i-,-0.7372155,-0.45300516,-0.23337266,0.3206804,0.79421496
radio,-0.5400823,-0.26372668,-0.5077489,0.173408,1.0659729
mncn,-0.48462024,-0.54682285,-0.60560507,-0.032571394,0.9556726
laut,-0.27101573,-0.5190848,-0.6038263,0.3425685,0.9592745
sam,-0.5761507,-0.22213902,-0.34763053,0.49369302,0.95042545
panen,-0.4629098,-0.315932,-0.45370087,0.21035606,0.9879319
stabil,-0.5678492,-0.6078442,-0.38376102,0.38138053,0.7122909
coo,-0.45477858,-0.2985787,-0.33538818,0.23389584,1.0164578
magang,-0.5525811,-0.54078233,-0.27608112,0.31321302,0.8721006
angkut,-0.40637296,-0.36985788,-0.4042217,0.32154307,1.0488875
batubara,-0.40670326,-0.47385034,-0.47173795,0.12627296,0.9962391
pemberitahuan,-0.47807208,-0.34228072,-0.5421333,0.13927348,0.81270397
abadi,-0.50514174,-0.49316463,-0.3093517,0.26109973,0.91518146
force,-0.45276013,-0.5038609,-0.48794,0.019804396,0.7279234
bayan,-0.41037753,-0.3667636,-0.5422015,0.16225351,0.85201234
sekretaris,-0.30283985,-0.19042087,-0.3807823,0.28242594,1.1406828
koneksi,-0.4896894,-0.33234447,-0.5451335,0.114334755,0.8899766
hrp fdl,-0.22611411,-0.3704256,-0.31278184,0.21100825,0.60131866
vice,-0.5650701,-0.45620346,-0.40553477,0.12727405,0.8435355
apbd,-0.39036936,-0.40412244,-0.2802162,0.40347156,0.97664154
koalisi,-0.60482013,-0.5655377,-0.2529156,0.3804587,0.7836164
triwulan,-0.70192885,-0.50918305,-0.20088911,0.384287,1.0236644
fundamental,-0.48028886,-0.42178726,-0.50998944,0.1088964,1.0308368
mas,-0.38808098,-0.4535838,-0.39795935,0.2424654,0.9844192
alokasi,-0.3556743,-0.5466593,-0.41058972,0.21266453,1.133763
modus,-0.51376826,-0.44444415,-0.5139122,0.4078392,0.87780744
sulawesi,-0.68409795,-0.49256462,-0.41321445,0.20221329,0.85967696
aja,-0.5165644,-0.50787765,-0.47898075,0.36352065,0.8415797
dirut,-0.5867818,-0.53524244,-0.21934211,0.13228978,1.0543387
koridor,-0.3588572,-0.49759245,-0.30614048,0.40304917,1.0287648
penandatanganan,-0.58832794,-0.3315224,-0.48211604,0.0629293,1.0118195
barel,-0.6998923,-0.38061324,-0.23714967,0.54483825,0.9109434
konvensional,-0.54293567,-0.5305908,-0.40121245,0.27827498,0.9809517
rti,-0.5178103,-0.25122336,-0.32653597,0.3124165,0.91765255
lahadalia,-0.59322816,-0.30349156,-0.4627921,0.33062753,0.89459485
perempuan,-0.38256776,-0.34704602,-0.6502565,0.057064056,0.9352442
cenderung,-0.6381155,-0.5093927,-0.40548885,0.129212,0.96629715
sinyal,-0.32381293,-0.2489313,-0.5394738,0.38124397,0.9538965
assessment,-0.5918887,-0.5421629,-0.50464416,0.25333792,1.0309819
rotasi,-0.5401866,-0.39160088,-0.532455,0.049430106,1.0444766
harus,-0.4965472,-0.2002307,-0.3853668,0.23795502,1.1687138
premium,-0.53974575,-0.39418787,-0.52835035,0.40082267,1.0387609
curang,-0.4195078,-0.4594157,-0.3097613,0.12221473,1.1861827
kisar,-0.5331857,-0.37410894,-0.29738915,0.5085851,0.9638033
polisi,-0.6274518,-0.55092824,-0.4211784,0.24770032,0.8631474
pph,-0.5019941,-0.48554906,-0.5292038,0.116605975,0.9258323
pilot,-0.60976124,-0.66815245,-0.43117705,0.07472787,0.8450121
bagai,-0.52046865,-0.59402305,-0.28024507,0.19054453,1.0574632
hemat,-0.37948444,-0.21543027,-0.44566473,0.14661337,1.0166415
pln,-0.6890799,-0.3588613,-0.53218436,-0.04981565,0.95462465
emisi,-0.5923742,-0.62078524,-0.4146639,-0.029341161,1.0687033
sandar,-0.5460088,-0.4367792,-0.5723245,-0.01742969,1.0018231
supply,-0.407339,-0.3458235,-0.53959113,0.07659999,1.0656793
ijarah,-0.39829847,-0.41798654,-0.48707607,0.25979334,0.8020506
ratings,-0.3994691,-0.3908065,-0.5284306,0.24130678,0.85122144
promo,-0.59934866,-0.41469732,-0.51276916,0.24411623,0.8887718
proklamasi,-0.50351006,-0.28972656,-0.21034114,0.319479,1.0290018
matraman,-0.23948291,-0.17306559,-0.5427092,0.3937808,1.1035349
pramuka,-0.42598286,-0.124532305,-0.33243528,0.23806526,1.0542127
kilometer,-0.30666047,-0.16442312,-0.55610013,0.21980722,1.0085076
hilir,-0.43329683,-0.68826157,-0.34574303,0.121498995,1.0526263
elektronik,-0.52484506,-0.47920492,-0.2852042,0.31835127,0.9866837
diversifikasi,-0.4983276,-0.31345606,-0.40567043,0.17884733,1.0580627
achmad,-0.39244723,-0.38249815,-0.3895929,0.29965737,1.053528
sidi,-0.5204787,-0.41622505,-0.5527958,0.15283412,0.9764597
korupsi,-0.48483202,-0.42953202,-0.46521744,0.36339107,0.7977297
mukim,-0.61584234,-0.41610798,-0.36203074,0.14014147,1.0520535
forum,-0.39603832,-0.3388994,-0.42934728,0.14707744,0.9975589
kumuh,-0.31191295,-0.39825627,-0.41703323,0.36897323,0.97241884
taekwondo,-0.62537396,-0.47891065,-0.1502708,0.3305016,0.89035714
purwoko,-0.5129367,-0.4896925,-0.34558102,0.24693246,0.8856389
tertawa,-0.5205942,-0.37655404,-0.50433123,0.13438612,0.9376151
diskusi,-0.5426127,-0.16866131,-0.56404424,0.29867908,0.98131126
suwarso,-0.452393,-0.46368152,-0.23145154,0.2871187,0.7583432
foto indrianto,-0.5774999,-0.4938698,-0.3145808,0.16895881,0.7235725
fajar,-0.42027047,-0.59270585,-0.42971298,0.19101235,0.8826423
hujan,-0.5711971,-0.263874,-0.27194142,0.32078657,0.9379848
bus,-0.61025345,-0.47046426,-0.35795796,0.07541365,0.672828
ngurah,-0.6484247,-0.23077478,-0.2404699,0.2257141,0.8264918
hut,-0.5512544,-0.3487154,-0.40909985,0.43913475,0.7546651
koopsudnas,-0.31858388,-0.37992442,-0.40260878,0.2411839,0.773807
sebar,-0.6028628,-0.40922767,-0.62819564,0.12384072,0.9407232
yuni,-0.46356025,-0.7285895,-0.48875168,0.32802534,1.0487639
rebound,-0.5793159,-0.5776585,-0.81463116,0.4072466,0.5739608
toreh,-0.787196,-0.5720187,-0.7386985,0.27086544,0.7183439
singkat,-0.5913599,-0.36895502,-0.58424395,0.345726,0.84946805
leo,-0.4934218,-0.27748963,-0.56357366,0.32142416,0.75042415
mario,-0.714805,-0.48648092,-0.9449809,0.2665937,0.5485933
short,-0.63610274,-0.5689407,-0.24750711,0.49403885,0.83209926
jarang,-0.4212603,-0.42280278,-0.54637307,0.14661323,0.78023404
asing,-0.59552735,-0.44179204,-0.51680934,0.28531086,0.7981021
selandia,-0.62037957,-0.38173553,-0.546924,0.27191776,0.8680882
isaac,-0.6538009,-0.5331973,-0.5247359,0.35305735,0.75813043
national,-0.59991306,-0.34864926,-0.5895127,0.18287385,0.8331494
york,-0.599475,-0.49373844,-0.40907156,0.38909712,0.65142524
lebar,-0.6009425,-0.33803913,-0.5782823,0.31815425,0.880484
cermat,-0.53172815,-0.41773978,-0.37508103,0.33348694,0.90369534
street,-0.5982054,-0.28800488,-0.54768276,0.15289165,0.9631193
hian,-0.5827603,-0.67785347,-0.15726107,0.24713978,0.82119894
eng,-0.38107288,-0.4422073,-0.40197903,0.22789197,0.88615745
ngacir,-0.7284601,-0.058441654,-1.0685233,0.59587705,0.5350053
row,-0.83886,-0.092652045,-0.9504531,0.44419634,0.553294
starting,-0.59325737,-0.46787342,-0.8324012,0.2638634,0.7300262
tuntas,-0.52791375,-0.31110743,-0.43137693,0.09168631,0.8788855
lowside,-0.7452857,-0.30837387,-0.9309869,0.4536121,0.4702006
skateboard,-0.60891855,-0.99965066,-0.24893723,0.10317608,0.94297653
norris,-0.89994717,-0.3388912,-0.6964099,0.49039,0.5515506
antonelli,-0.7093252,-0.27977794,-0.6398306,0.22739118,0.8616134
intensitas,-0.5331369,-0.5278011,-0.6868233,0.2625612,0.9100693
nusa,-0.77796966,-0.51556987,-0.44878593,0.3648317,0.6261498
beach,-0.7173847,-0.5857553,-0.6923501,0.12565495,0.6216536
itf,-0.8151412,-0.36125523,-0.5488935,0.31947264,0.6726785
tangerang,-0.41381627,-0.50698185,-0.44701633,0.42933398,1.0120964
sulaiman,-0.5458534,-0.32319117,-0.3640777,0.45950603,1.13582
pms,-0.8046258,-0.59369123,-0.45498517,0.47815332,0.7302601
lang,-0.79115844,-0.4136788,-0.45298243,0.20135447,0.7559837
titik,-0.45582792,-0.43985146,-0.50370014,0.21350636,0.99748224
ambang,-0.42391068,-0.55173767,-0.43478373,0.13954742,1.0672888
bos,-0.8416172,-0.2700685,-0.46776244,0.08297658,0.832293
rem,-0.6945652,-0.43270642,-0.62347066,0.40022808,0.83271664
lorot,-0.6802986,-0.12068644,-1.0457182,0.45094535,0.624373
pole-sitter,-0.7559627,-0.23007661,-1.1325145,0.46823734,0.5215921
khawatir,-0.6336991,-0.4885178,-0.46713823,0.3655541,0.8520428
karate,-0.42059562,-0.68291175,-0.27041426,0.38845795,1.1268187
betul,-0.5936927,-0.4537531,-0.24737239,0.082296275,1.0854536
brotherhood,-0.54885936,-0.4245585,-0.52404577,0.20062947,0.8930531
update,-0.4355016,-0.27607355,-0.49298012,0.05393752,1.0742369
follow,-0.6356681,-0.4509388,-0.5899839,0.3254099,0.7339385
solid,-0.63352966,-0.4644549,-0.4725925,0.3364083,0.904496
by,-0.536822,-0.47673357,-0.34378448,0.3572454,0.88148284
perempatfinal,-0.7097582,-0.60208094,-0.28897783,0.27961046,0.79985666
kaya,-0.31765532,-0.37201893,-0.48848864,0.50906074,0.89904016
rachel,-0.51924974,-0.7369904,-0.4122497,0.4050216,0.95294815
dengan,-0.70920587,-0.6517756,-0.3773931,0.07300374,0.9809065
budi,-0.42852822,-0.35601157,-0.46307838,0.28411,0.9852243
mau,-0.6704432,-0.37584797,-0.40131083,0.39326274,0.7709801
edisi,-0.66005415,-0.4203394,-0.65965235,0.36963385,0.5956106
junior,-0.60860145,-0.564265,-0.674524,0.22757226,0.7688238
tekad,-0.6857949,-0.75315756,-0.5966156,0.28892016,0.7489299
gantung,-0.6961431,-0.48553303,-0.29830062,0.07437994,0.97239006
saat,-0.6541085,-0.47307736,-0.61271286,0.22293645,0.7651417
alhasil,-0.8995507,-0.31064564,-0.91827685,0.5763773,0.5527318
lesat,-0.64062136,-0.22208217,-0.74862427,0.38816282,0.90794545
dulang,-1.1215382,-0.17998713,-1.2136272,0.2614246,0.44952914
support,-0.5512005,-0.39607218,-0.509154,0.10635715,1.0044285
cocok,-0.5399245,-0.55635005,-0.42801842,0.31199878,0.86446166
sementara,-0.6183532,-0.40626436,-0.53652424,0.20724708,0.8010805
toyota,-0.4704412,-0.5207562,-0.43491715,0.24561025,0.94457376
november,-0.5964731,-0.38465092,-0.30722028,0.46203098,0.88247305
ancol,-0.53535056,-0.36651182,-0.44954872,0.27258787,0.84730524
modifikasi,-0.5334493,-0.41445032,-0.49609318,0.33175677,0.77473646
rallycross,-0.6251847,-0.20511858,-0.5349751,0.21448053,0.772682
fia,-0.64644516,-0.49083242,-0.53297025,0.13008745,0.6913083
cabor,-0.58873266,-0.762119,-0.30873814,0.16739425,0.84615093
pendek,-0.38841552,-0.7136921,-0.357595,0.019403677,1.0537813
dadak,-0.45590287,-0.41686928,-0.31758744,0.26806617,0.9031247
lantar,-0.55990815,-0.33579063,-0.47635815,0.3331341,0.89849913
aula,-0.51413435,-0.10603067,-0.32137072,0.41578025,1.1226592
su,-0.5246366,-0.49130413,-0.26419228,0.2517943,0.8391231
reuters edgar,-0.5449043,-0.54718536,-0.08851393,0.115789615,0.98445886
awak,-0.5911996,-0.22407632,-0.40184727,0.25801718,1.0004783
kent,-0.45939565,-0.7227577,-0.33131316,0.22798342,1.0033882
mutmainnah,-0.27850306,-0.60503656,-0.36290133,0.33219105,0.99114925
hardiyanto,-0.2492701,-0.5103667,-0.40286133,0.3586539,1.0755892
titel,-0.83098376,-0.6023736,-0.92037714,0.36855313,0.50136876
el,-0.54669195,-0.20087534,-0.60400665,0.09556953,0.971168
lantas,-0.4802095,-0.34955907,-0.40175608,0.54650825,0.841739
antar,-0.7405458,-0.6196259,-0.3786536,0.41639382,0.77385604
bekal,-0.5828517,-0.5790999,-0.51483285,-0.026663182,0.78704315
analisis,-0.6774436,-0.31426772,-0.446305,0.19218618,1.0578632
teknik,-0.5674935,-0.6569303,-0.54128087,0.25013748,0.85757
didik,-0.49977356,-0.2224322,-0.40538958,0.15609008,1.0114323
akademi,-0.38841695,-0.44875333,-0.5663755,0.27541485,0.720614
tunjang,-0.34176844,-0.41601688,-0.480961,0.31992248,0.8889968
lakon,-0.8219876,-0.67568,-0.49847868,0.28148124,0.6401155
bulega,-0.8842932,-0.14216621,-0.4445367,0.14261024,0.72274697
alonso,-1.0735157,-0.17406978,-0.36707848,0.5613866,0.53967994
cc,-0.84421426,-0.33165056,-0.45553073,0.20490041,0.7107807
aktif,-0.44117382,-0.50617343,-0.3378083,0.39640006,1.0730861
helat,-0.46718487,-0.74771744,-0.2830844,0.47256422,0.78904295
eksklusif,-0.56563646,-0.43909043,-0.33786413,0.28274313,0.88568336
run,-0.4887701,-0.36570227,-0.6177081,0.36887902,0.76003575
tandem,-0.59397787,-0.51457757,-0.45559883,0.18693103,0.6881687
doa,-0.4559857,-0.47069493,-0.30472916,0.12135695,0.97986454
joaquin siti,-0.32351455,-0.63550216,-0.2002661,0.43845335,0.689555
alir,-0.67961967,-0.26282653,-0.46584305,0.019143056,1.010755
rekor,-0.5123704,-0.6028961,-0.4741312,0.06626308,0.92023534
beijing,-0.66824883,-0.46786004,-0.3404103,0.24331789,0.8308535
pergi,-0.3980055,-0.5407353,-0.6242592,0.07436093,0.815827
viral,-0.447951,-0.48094985,-0.5216259,0.19443555,0.7714919
tenang,-0.6595957,-0.55306685,-0.14939694,0.37737888,0.9112976
akrab,-0.37441173,-0.40727332,-0.3208233,0.27102995,1.0631613
ubaidillah,-0.48098984,-0.5887082,-0.13052212,0.050764345,0.8200127
zaki,-0.3922436,-0.35236526,-0.41435346,0.21920897,0.7763992
moh,-0.5830596,-0.37309512,-0.13906133,0.377231,0.7266464
untun,-0.8413799,-0.29316825,-0.7535098,0.31075978,0.6079749
budaya,-0.32160163,-0.47913402,-0.33468896,0.1445036,1.0574144
batang,-0.468123,-0.33227658,-0.2406968,0.46489045,0.9699937
adu,-0.34574747,-0.51487297,-0.43775472,0.16750556,1.0163499
todotua,-0.4422643,-0.47508368,-0.57157636,0.24967119,0.8239989
sorgum,-0.70973504,-0.46754676,-0.28469548,0.124956906,0.8098121
maroef,-0.43959376,-0.5034711,-0.55781764,0.32240254,0.83213633
agusman,-0.52644056,-0.4114819,-0.3799576,0.27257335,0.9291953
inisial,-0.7117585,-0.38996512,-0.31092462,0.18384206,0.74860144
budhi,-0.40541294,-0.43272325,-0.41586283,0.19268131,0.8693281
agam,-0.5528025,-0.4949677,-0.38193145,0.086671576,0.93440336
metode,-0.47848272,-0.33585384,-0.47606435,0.08001274,0.8703347
itinerary,-0.61085606,-0.27547842,-0.32919547,0.054981664,0.8483422
blu,-0.51330835,-0.5280364,-0.55761826,0.33781737,0.7361459
wishlist,-0.5468571,-0.56096196,-0.4660869,0.015752057,0.7779067
yoy,-0.53270906,-0.38611916,-0.18464407,0.33822864,0.91361964
hati,-0.31790298,-0.43699092,-0.5939815,0.25967103,0.98135626
id,-0.44046122,-0.29673296,-0.31977248,0.29641137,0.84373504
mind,-0.6180265,-0.32200494,-0.4554039,0.29209012,0.7498711
bpn,-0.33060145,-0.32698724,-0.38940045,0.41869265,0.9440227
aminuddin,-0.48032865,-0.35594934,-0.2808303,0.3301844,0.7178769
banking,-0.53599364,-0.4699947,-0.3375669,0.020117125,0.8725632
diserahterimakan,-0.35137394,-0.46439216,-0.6359166,0.34976056,0.84215957
adcp,-0.34665382,-0.3390345,-0.32145151,0.26129168,1.0237935
zein,-0.52335995,-0.40650275,-0.5469206,0.1944197,0.7162608
bijih,-0.6019344,-0.6439015,-0.3271834,0.15982403,0.9665092
regasifikasi,-0.3737822,-0.50764734,-0.5015925,0.07400212,0.9391393
ily hns,-0.4361903,-0.29351717,-0.24657516,0.050321586,0.5958219
block,-0.63548476,-0.5389811,-0.49634787,0.1520601,0.62639683
halaman,-0.30479777,-0.26884767,-0.30081445,0.42327377,1.0551522
pancing,-0.3084209,-0.304117,-0.45720407,0.31303772,0.90991426
institusi,-0.63063806,-0.34837356,-0.30007687,0.2807134,0.9521921
sp,-0.5757899,-0.37030163,-0.54398966,0.1382473,0.78749216
dialog,-0.47269404,-0.5824026,-0.5764782,0.08289692,0.8174562
riil,-0.3806319,-0.5391944,-0.39609295,0.17407648,1.0155329
ketidakpastian,-0.32872248,-0.46624258,-0.4168837,0.08000905,0.9082119
kontinuitas,-0.42297474,-0.51823777,-0.4440575,0.16488144,0.7846291
kamdani,-0.4981779,-0.28612876,-0.35650936,0.2831748,0.9041837
apindo,-0.33829188,-0.3514915,-0.3739365,0.023499912,0.96003085
normal,-0.56691164,-0.48459157,-0.33928213,0.103606835,0.9376461
selat,-0.39700004,-0.42921868,-0.55464876,0.28482568,0.87992203
gurau,-0.47927868,-0.27164125,-0.402775,0.28906295,0.9186049
pojk,-0.60772777,-0.47891426,-0.2850396,0.2859296,0.82228607
koreksi,-0.471274,-0.43230549,-0.3862482,0.29322907,0.68570346
populasi,-0.5085502,-0.27697042,-0.32695517,0.42161757,0.7986454
lebah,-0.65948343,-0.22384077,-0.24697722,0.13384622,0.6803905
ternak,-0.35710427,-0.48492905,-0.47119132,0.37630975,0.65082586
high,-0.56679577,-0.27270204,-0.38497183,0.21696544,0.9296311
perangkat,-0.46337166,-0.35718617,-0.22443986,0.08320902,0.97032803
sangkut,-0.43086225,-0.23661686,-0.25454763,0.14598072,0.9732112
gratis,-0.29309794,-0.22991894,-0.45121148,0.1795533,0.87147766
material,-0.4586662,-0.47458,-0.5612334,0.29728308,0.7674436
tri,-0.49363303,-0.18837267,-0.35598084,0.2856664,0.71310866
menep,-0.32040605,-0.24840114,-0.36954924,0.34565195,0.97997785
nota,-0.34911776,-0.30971777,-0.61747104,0.019483255,0.8391323
bps,-0.6359226,-0.41451734,-0.13449731,0.29292035,0.7399792
anne,-0.39403555,-0.36795887,-0.15944305,0.047225174,0.82323694
djuanda,-0.40121728,-0.230639,-0.27838486,0.20043352,1.024708
mezzanine,-0.40532544,-0.09544232,-0.46086556,0.024124963,0.94213986
bpi,-0.43429962,-0.3704755,-0.3128387,0.097759485,0.99616
pemprov,-0.44982445,-0.3665674,-0.26104552,0.11938521,0.7656012
revisi,-0.39628282,-0.3102769,-0.26694912,0.22110996,0.93401945
rusa,-0.398856,-0.3080983,-0.6126236,0.24535859,0.8784851
ksppb,-0.53094316,-0.34910604,-0.18280718,0.18919514,0.7904522
communication,-0.62354004,-0.37252513,-0.3192288,0.32675853,0.7585735
royong,-0.4138473,-0.54222715,-0.3909141,0.14142172,1.0550216
gotong,-0.4758876,-0.30960044,-0.33083573,0.16733506,1.0992701
kredit,-0.56319296,-0.34899455,-0.5123985,0.2616615,0.9198455
emiten,-0.43951857,-0.35590762,-0.51513946,0.38688427,0.96829206
tiap,-0.38197148,-0.2810574,-0.35889238,0.10356609,0.8509205
selektif,-0.42737696,-0.34791538,-0.51780117,0.18719971,1.0697948
b,-0.5233548,-0.54190344,-0.5009601,0.19526134,0.7306329
pres,-0.38799793,-0.34006795,-0.57323813,0.11189637,0.96137005
medan,-0.24855597,-0.5172686,-0.47568247,0.10452876,0.782334
rel,-0.2128332,-0.3268588,-0.38589174,0.11711728,0.91380656
inovasi,-0.4188723,-0.589751,-0.39527312,0.29257688,0.9647951
mumpuni,-0.5345491,-0.47817466,-0.38503745,0.16506475,0.8562891
oki,-0.6136499,-0.6123064,-0.43567163,0.23492701,0.8946617
kira,-0.65230894,-0.33965135,-0.3180214,0.21014796,0.7812274
det-,-0.61225325,-0.3567954,-0.28338212,0.24342002,0.82493097
wartawan,-0.3759556,-0.20906684,-0.5413846,0.29139253,1.0651459
frekuensi,-0.524781,-0.2851565,-0.13124612,0.36621937,0.8102824
-an,-0.6929062,-0.23769262,-0.1903906,0.29818314,0.8563633
deret,-0.4312143,-0.11151706,-0.29466933,0.37376153,1.0570254
pakar,-0.51763016,-0.081779055,-0.39347237,0.3819742,1.0568429
miskin,-0.40677816,-0.46634865,-0.3445994,0.5440372,0.95050037
paja,-0.53325176,-0.24949704,-0.48959047,0.05945654,1.0205679
desa,-0.29193065,-0.42729813,-0.44733727,0.30687845,0.86948127
ulfiana,-0.656152,-0.22525313,-0.4062764,0.2175045,0.71513176
dinar,-0.41169396,-0.21093793,-0.35131097,0.3591675,0.90827656
reuters ajeng,-0.37329122,-0.27750468,-0.2373267,0.32311884,0.9836289
kabut,-0.4820042,-0.19556177,-0.62621146,0.21060461,0.8055273
reformasi,-0.30795598,-0.4850004,-0.36952415,0.052586053,1.082391
aparatur,-0.35303047,-0.36257508,-0.28463742,0.17141522,1.0987998
rincian,-0.38999966,-0.6125369,-0.4885814,0.35381985,0.7563947
tkp,-0.7698394,-0.22950502,-0.3748863,0.2131315,0.89274824
karakteristik,-0.5891908,-0.33477074,-0.5626636,-0.081568286,0.97739387
tiu,-0.5381019,-0.30025348,-0.5040181,0.41332483,0.8590453
twk,-0.42072853,-0.46579185,-0.40769896,0.20835917,0.99606097
rini,-0.389917,-0.3160801,-0.2396608,0.34835878,1.0666683
skd,-0.5613855,-0.2157508,-0.49087766,0.07956749,0.9881701
adaptif,-0.51937413,-0.27378616,-0.45209807,0.08690741,0.8872887
mayoritas,-0.42627162,-0.1515354,-0.43209365,0.40869728,0.8376515
ajaib,-0.4262061,-0.35504442,-0.48188326,0.034012966,1.0022174
korporasi,-0.38470495,-0.46421704,-0.409766,0.17485529,0.9530734
nada,-0.5072475,-0.3180076,-0.31434917,0.36836353,0.92366034
cek,-0.47188523,-0.28959647,-0.17710964,0.49262813,0.9188488
bapanas,-0.328669,-0.3143396,-0.4349223,0.29791754,1.0190628
polri,-0.61339563,-0.45386055,-0.5166429,0.109096,0.90978754
ketidaksesuaian,-0.34964123,-0.39785826,-0.40889528,0.15715224,0.9985821
tegak,-0.51087594,-0.32602528,-0.5114595,0.25535414,0.8744618
kuntadi,-0.39871362,-0.52150893,-0.26914808,0.3452602,0.86242765
setor,-0.3696472,-0.4657931,-0.41455513,0.5294052,0.7860686
pmk,-0.41712457,-0.43024576,-0.44395155,0.12919503,0.8124502
marketplace,-0.49701655,-0.3446367,-0.5750563,0.22485472,0.78040904
toko,-0.48695555,-0.26226553,-0.3546118,0.42934814,0.879691
epi,-0.4943303,-0.39276448,-0.50514066,0.15688732,0.91303116
konkret,-0.5498763,-0.29322946,-0.45527408,0.25177062,0.84964114
terminal,-0.53159547,-0.3838842,-0.50532454,0.16360095,0.8418396
moda,-0.3006262,-0.24110627,-0.4772233,0.40099838,0.86765075
pulomas,-0.5402499,-0.032927323,-0.3497837,0.3536498,0.8784861
manufaktur,-0.46726808,-0.35236335,-0.22327772,0.29909682,0.79799956
komersial,-0.430757,-0.549631,-0.48990756,0.23704323,0.9254473
konstruksi,-0.5378819,-0.34028685,-0.25103632,0.2676533,0.8380806
topang,-0.55053866,-0.5533113,-0.32473436,0.200662,0.99189293
fee,-0.358663,-0.46064103,-0.34258318,0.23007593,0.9639093
sontang,-0.62405205,-0.184521,-0.43762934,-0.021634359,0.91612905
blokir,-0.3983787,-0.4631715,-0.5049338,0.10539112,0.82504976
waris,-0.54556435,-0.23600917,-0.5409724,0.27051777,0.8572239
shgb,-0.5022821,-0.21038426,-0.29066798,0.13190687,0.83949375
dirjen,-0.30921033,-0.25762358,-0.36633128,0.3169328,1.0748941
e-wallet,-0.5326001,-0.39013383,-0.5555492,0.14836723,0.62886035
okki,-0.49084213,-0.563481,-0.09280013,0.34220898,0.9153847
sibuk,-0.6346387,-0.37506998,-0.2874984,0.06293008,0.75420827
jeremy,-0.43211567,-0.32786468,-0.26775745,0.21893024,0.8466382
asis,-0.60005707,-0.3377719,-0.59161353,0.1597807,0.51070195
kans,-0.4616695,-0.42457557,-0.35513383,0.35930464,0.8350824
dada,-0.5054317,-0.32290784,-0.07569813,0.21566497,0.8504643
mang,-0.52340215,-0.27478656,-0.4451569,0.08045949,0.77278477
calon,-0.38806555,-0.5510472,-0.3150511,0.05501801,0.95370686
marsekal,-0.48414835,-0.35869431,-0.43946517,0.059701562,0.62727547
jones,-0.6859797,-0.24005897,-0.52091753,0.22032501,0.7131154
identifikasi,-0.543668,-0.565224,-0.3829255,0.19345868,0.9472349
selaras,-0.64003927,-0.5558585,-0.31088597,0.09566522,0.87606376
dekade,-0.40404752,-0.6038319,-0.44899002,0.08833863,0.712882
erat,-0.42948437,-0.5250799,-0.55394727,0.14910164,1.0881724
royale,-0.6189336,-0.2970741,-0.32252288,0.38990906,0.6696283
tournament,-0.46270797,-0.6756819,-0.45031515,0.3505095,0.83914214
orchestra,-0.6799532,-0.5976021,-0.47338864,0.36354792,0.8853027
throttles,-0.744871,-0.51731116,-0.5572363,0.40522066,0.7989589
fashion,-0.5292442,-0.3540724,-0.56888074,0.28228447,0.993875
akumulasi,-0.82428116,-0.39978588,-0.7048847,0.3030101,0.64055634
detail,-0.6033809,-0.40559116,-0.5197966,0.11025616,0.8086
nita,-0.48494214,-0.58706445,-0.48678684,0.09267832,0.7607155
medium,-0.6634904,-0.4289258,-0.7796127,0.35691017,0.7153479
ali,-0.5886752,-0.5489799,-0.41744888,0.15496486,0.73663855
tiebreak,-0.72881925,-0.2751895,-0.48279172,0.5282531,0.6893821
bibit,-0.3088162,-0.61138463,-0.541643,0.22818789,0.69346076
festival,-0.59426546,-0.49109387,-0.5057781,0.21363439,0.94496584
soccer,-0.6284316,-0.4307009,-0.40338087,0.21876557,0.89203435
stakeholder,-0.17981718,-0.5173807,-0.5518564,0.30251077,1.0825185
dewan,-0.53987455,-0.3143282,-0.29353645,0.21544941,0.900932
awards,-0.3456862,-0.39036214,-0.449655,0.18098433,0.96132904
rutin,-0.45055196,-0.58648115,-0.43990788,0.29425296,0.9621612
runner-up,-0.599526,-0.31561735,-0.7522069,0.25808883,0.7250243
eshark,-0.6534158,-0.320096,-0.55833536,0.13031222,0.78926694
massal,-0.546639,-0.56706166,-0.44231656,0.31504896,0.6996991
berkat,-0.44138262,-0.80381185,-0.41215965,0.2319411,0.9224834
memang,-0.59463847,-0.21051575,-0.5740953,0.3780465,0.76530045
free,-0.976727,-0.008989798,-0.55885124,0.45665225,0.76145244
siang,-0.4259292,-0.33609247,-0.4909329,0.07880588,0.84127456
top,-0.38294077,-0.35075167,-0.58095294,0.17138769,0.905974
mrp cas,-0.48079556,0.0019368697,-0.2655727,0.25840905,0.4124582
agresif,-0.57663846,-0.41004777,-0.35925788,0.047127385,0.9857054
troy,-0.7010543,-0.31003228,-0.2836605,0.26879725,0.8447165
sertifikat,-0.61548394,-0.5339794,-0.16979995,0.14969523,0.8492672
regenerasi,-0.5228744,-0.4012837,-0.20614141,0.25878108,0.91225106
dito,-0.42065886,-0.47446567,-0.56906193,0.07493135,0.79960257
jetski,-0.7068329,-0.29152605,-0.4072351,0.26388088,0.79502827
prima,-0.34309763,-0.3284865,-0.531638,0.19039969,0.8525562
point,-0.5295443,-0.36550853,-0.42761445,0.19696036,0.84142923
ramos,-0.76698565,-0.30131492,-0.47114754,0.43090922,0.7690036
perez,-0.75093603,-0.4083502,-0.2622324,0.43024185,0.73243576
barki,-0.76179796,-0.5139084,-0.44495058,0.22607946,0.5648821
asah,-0.4365504,-0.27594548,-0.39000928,0.28643778,0.881476
aryna,-0.62912595,-0.34047446,-0.5458896,0.13548154,0.6420017
inklusif,-0.44479766,-0.5059912,-0.39143622,0.3443591,0.8869199
live,-0.66122675,-0.3521533,-0.31380597,0.001495782,0.9402525
siluet,-0.5467354,-0.19336121,-0.33835495,0.2856856,0.9060192
juru,-0.6820363,-0.30815133,-0.5953094,0.18898182,0.64478743
adrian,-0.5878028,-0.2762382,-0.3659352,0.22602245,0.6900517
joel,-0.6329954,-0.16265126,-0.44902134,0.23803054,0.69370383
hotel,-0.61212826,-0.25433028,-0.48904026,0.3186205,0.6860407
head,-0.65991277,-0.28286907,-0.3242709,0.16629177,0.7760129
bertelle,-0.7387224,-0.2564539,-0.6162043,0.19247457,0.5656244
matteo,-0.87112653,-0.35829324,-0.55521506,0.11652392,0.47145987
alvaro,-0.51461166,-0.28862008,-0.6923877,0.33495677,0.6290951
vs,-0.9424486,-0.28008834,-0.67626524,0.4675992,0.29612646
verstappen,-0.67751014,-0.3176028,-0.64886,0.5328427,0.5685475
atp,-0.78141963,-0.20473422,-0.53277034,0.2431999,0.83262587
usd,-0.5688968,-0.2783464,-0.68650365,0.28925854,0.7846843
net,-0.4431423,-0.42515093,-0.55076045,0.5066446,0.8330986
singh,-0.68563855,-0.262931,-0.43434826,0.37208328,0.7450559
klaten,-0.62437105,-0.5715026,-0.37747455,0.42537346,0.98371845
solo,-0.63864946,-0.46865016,-0.39395842,0.47674444,0.8613167
tangki,-0.6795912,-0.5120259,-0.46391845,0.13399577,0.8485018
kandang,-0.71420527,-0.47217068,-0.8407557,0.3044207,0.79435915
potong,-0.6080627,-0.21769227,-0.34699887,0.2011423,0.820363
shelton,-0.61619407,-0.4620934,-0.6369738,0.47335443,0.70853114
rin yna,-0.4511591,-0.37468493,-0.3314218,0.23499212,0.61586297
kendati,-0.53844965,-0.35078108,-0.6438207,0.31446368,0.826972
pangkas,-0.86840653,-0.21409084,-0.69966656,0.13809411,0.54540133
davide,-0.63532346,-0.09441762,-0.5880154,0.36459216,0.9155381
aff bay,-0.3989707,-0.32510176,-0.14534605,0.067899294,0.38794482
serius,-0.47923824,-0.29047447,-0.5750801,0.19625625,0.94460195
porsi,-0.47170168,-0.34115243,-0.40953806,0.15716326,1.0082009
estimasi,-0.4486604,-0.46938014,-0.18402852,0.41121587,0.96309024
wanita,-0.4355259,-0.49370584,-0.42667273,0.19280255,0.97604305
forki,-0.72030705,-0.51433855,-0.17863435,0.14803676,1.0065672
komprehensif,-0.27583492,-0.44995928,-0.5856888,0.34641898,0.97905517
sang,-0.86752605,-0.40887263,-0.6009152,0.2609631,0.64918804
antisipasi,-0.47920606,-0.6259002,-0.5940956,0.2533541,0.7939422
tiongkok,-0.5994407,-0.3014923,-0.3167846,0.381698,0.9872972
peristiwa,-0.63006884,-0.23385385,-0.48397705,0.25141737,0.74665505
asumsi,-0.5404945,-0.46694016,-0.20910169,0.24607284,0.91688085
bakti,-0.28951433,-0.6993287,-0.32416886,0.19171228,0.99996465
purn,-0.52213484,-0.40075365,-0.3053279,0.2976296,0.93067986
detikers,-0.8830677,-0.4150678,-0.5600402,0.040294256,0.6940699
d,-0.6026709,-0.5477777,-0.41459984,0.23719546,0.7489314
optimistis,-0.4704467,-0.41193637,-0.23355226,0.26344606,0.8975616
siapa,-0.317637,-0.4578273,-0.4573829,0.21643944,0.8496664
ketemu,-0.44478166,-0.4524457,-0.36160323,0.15035033,0.8340414
badminton,-0.6559616,-0.3249254,-0.43961775,0.4066632,0.9210384
variasi,-0.65433526,-0.508735,-0.4212778,0.10096739,0.87204164
skuad,-0.6260207,-0.52090555,-0.32014045,0.49408635,0.8236662
kanan,-0.43577036,-0.34806916,-0.48151597,0.23568346,0.71396035
manis,-0.45349914,-0.28346008,-0.4117081,0.26773804,0.81388015
bayang,-0.7297876,-0.23508494,-0.79083735,0.4391137,0.42595246
jangan,-0.6557008,-0.3088352,-0.320845,0.25213605,0.78743285
layak,-0.31180122,-0.5531178,-0.42537084,0.33677036,0.8720606
istimewa,-0.5745162,-0.5460035,-0.44790307,0.28889388,0.75926846
identitas,-0.7523675,-0.6091715,-0.412328,0.1873966,0.7147998
general,-0.47208378,-0.36621478,-0.46991712,0.08537511,0.7081772
kadin,-0.49465105,-0.59563565,-0.5220493,0.15394314,0.7930501
part,-0.52296954,-0.3480123,-0.6036737,0.19225478,0.8603476
spare,-0.5462007,-0.4095538,-0.41082656,0.04328726,0.84247816
exchange,-0.5480805,-0.34187078,-0.24468777,0.32382435,0.8886649
cross,-0.52457786,-0.52029514,-0.47287115,0.21708478,0.6983573
harianto,-0.5753858,-0.32435325,-0.29443777,0.12711126,0.8734682
legenda,-0.70049876,-0.46858212,-0.24391545,0.16491638,0.8361169
kevin,-0.55524033,-0.35006943,-0.52295184,0.1324151,0.65823424
jumpa,-0.63944405,-0.354168,-0.40411383,0.34752288,0.81686306
rx,-0.6698369,-0.58753186,-0.28232753,0.12889473,0.6690183
buru,-0.62656355,-0.51699865,-0.8063607,0.41744873,0.5626847
sumatera,-0.4809401,-0.38209334,-0.51660895,0.2923003,0.7837232
transparan,-0.47118092,-0.5484526,-0.18231252,0.0072685992,1.0261126
paksa,-0.5734877,-0.17556211,-0.6523909,0.2998537,0.78034765
power,-0.5458655,-0.53137714,-0.3777187,0.22913595,0.7886131
fungsi,-0.37851414,-0.4480617,-0.61103857,0.36376458,0.78366774
staf,-0.4323753,-0.5922863,-0.27858853,0.28257352,0.97878027
venue,-0.48309597,-0.4471187,-0.26076,0.3750098,0.8568984
celine,-0.573143,-0.68144035,-0.32490015,0.22317918,0.69135195
bencana,-0.6188985,-0.23370183,-0.5071153,0.29145092,0.7259685
cas,-0.56198394,-0.5290548,-0.22069874,0.33625695,0.9176366
kenapa,-0.4466207,-0.41754055,-0.32258067,0.46051142,0.804619
takraw,-0.44186893,-0.43617895,-0.17440067,0.6552515,0.770129
pdi,-0.31139776,-0.4910759,-0.39097226,0.1673934,0.95324934
kerah,-0.5675399,-0.29253873,-0.28838888,0.27365395,0.9026025
daniel,-0.70046204,-0.30129015,-0.35777128,0.27742365,0.652459
latar,-0.73229915,-0.53715146,-0.3746797,0.37022698,0.5859226
pabrikan,-0.88149023,-0.11703359,-0.39842275,0.2747064,0.67894024
bugar,-0.5254925,-0.59641504,-0.32086405,0.36096266,0.9259147
formal,-0.5821429,-0.3734878,-0.23448154,0.3734483,0.840161
academy,-0.6827132,-0.46126342,-0.5516031,0.07548288,0.63513404
ring,-0.8394825,-0.1868051,-0.450693,0.32901275,0.5329301
match,-0.6473704,-0.18120533,-0.3647941,0.10506027,0.7698291
kompak,-0.2961346,-0.25191262,-0.502481,0.21614988,0.93095666
gimana,-0.48034957,-0.47818965,-0.3326282,0.24189319,0.881063
ana,-0.386209,-0.5168722,-0.3489623,0.25617254,0.8707182
se-asia,-0.423596,-0.61025125,-0.4321391,0.26568747,0.77746797
kontrak,-0.6207566,-0.20526947,-0.4514779,0.27338853,0.7101263
position,-0.73769104,-0.34763527,-0.7274737,0.11647058,0.67464495
promosi,-0.6846827,-0.28171903,-0.6234999,0.04534971,0.803872
balas,-0.80329275,-0.37810627,-0.36626136,0.42431095,0.6826483
nicolo,-0.7080082,-0.23928893,-0.54788536,0.19593991,0.5898025
holgado,-0.7593783,-0.2359872,-0.48262927,0.28954408,0.51269287
senna,-0.61629486,-0.08438012,-0.5095354,0.22375365,0.76836973
optimisme,-0.47708446,-0.53468615,-0.5016219,0.17156032,0.84918594
seperti,-0.6474445,-0.5189514,-0.50411886,0.3371381,0.76787883
juni,-0.42193598,-0.5586805,-0.45666146,0.40383247,0.715625
felisha,-0.43727475,-0.40541142,-0.5261583,0.30750728,0.79260874
eropa,-0.63779956,-0.3111054,-0.4208224,0.25831133,0.78653395
thohir,-0.5086336,-0.54730946,-0.18666518,0.4116001,0.88378793
republik,-0.24764992,-0.40352502,-0.5281555,0.2488227,0.90914357
konsep,-0.4462289,-0.3734314,-0.43017662,0.019018965,1.005369
usung,-0.54275197,-0.36957055,-0.514867,0.19750293,0.90410626
brand,-0.51223755,-0.40708238,-0.30311728,0.38589174,0.947765
bobot,-0.7056485,-0.39771286,-0.28776783,0.22824115,0.848921
hibur,-0.6392189,-0.45819584,-0.30017424,0.24823257,1.0339013
gengsi,-0.5701186,-0.3963294,-0.21160154,0.099448614,0.8171902
sini,-0.5053801,-0.3903354,-0.32100338,0.28921446,0.9564163
bisa,-0.46184796,-0.5024667,-0.40835544,0.21962288,0.69001675
tarung,-0.5514498,-0.5092416,-0.38026145,0.11241976,0.7294898
all,-0.70913994,-0.34940398,-0.5046365,0.3014141,0.8240261
sia,-0.42369035,-0.3103394,-0.5233424,0.24824879,0.8225865
widianto,-0.509239,-0.50330085,-0.36716133,0.16901207,0.76225007
amin,-0.5445684,-0.68463933,-0.2734054,0.3508323,0.70847607
syahnawi nita,-0.5191118,-0.62639576,-0.17267159,0.25855276,0.6199599
pasaribu,-0.5668499,-0.34666586,-0.19725981,0.17443372,0.94467205
furste,-0.65321934,-0.54310924,-0.27650082,0.11231974,0.9365271
kaki,-0.5584409,-0.3841112,-0.43981707,0.1590704,0.94351095
tanggap,-0.48024008,-0.3634826,-0.4779119,0.2644199,0.83025044
unggah,-0.6502604,-0.1316434,-0.5506295,0.14620602,0.82650864
kotor,-0.41938496,-0.31326097,-0.6518015,0.28105342,0.88330764
zarif,-0.61411774,-0.26877818,-0.2461497,0.18475358,0.7535282
post,-0.54014754,-0.19367957,-0.5890474,0.32534632,0.8350522
lupa,-0.5687848,-0.37559965,-0.30664635,0.33164367,0.7389426
christie,-0.5564966,-0.41757104,-0.3429584,0.014327524,0.7740534
jonatan,-0.52294815,-0.5009913,-0.3999961,0.09431487,0.5443337
ana trias,-0.56962097,-0.7388502,-0.17914963,0.293861,0.6058536
momota,-0.42146274,-0.53000236,-0.31050178,0.08110263,0.6236289
muhamad,-0.28743246,-0.2720923,-0.38307798,0.38714093,0.78543144
farhan,-0.54696333,-0.29584745,-0.24752319,0.23506482,0.7216996
dominan,-0.7620605,-0.20670645,-0.56401396,0.24211681,0.57288665
pernat,-0.5115941,-0.4654263,-0.8000767,0.34655452,0.47491756
hipmi,-0.38929948,-0.19873872,-0.30021605,0.19853765,0.93869925
cair,-0.2686019,-0.15812564,-0.5628492,0.30713925,0.7389973
rpojk,-0.33757675,-0.518565,-0.4861613,0.08772554,0.8102591
olah,-0.5429416,-0.54969096,-0.30492198,0.25015923,0.70358825
financial,-0.4520399,-0.27361873,-0.3347374,0.18908817,0.815235
dubai,-0.64453083,-0.49502957,-0.35003904,0.1346924,0.6262911
sembunyi,-0.6253723,-0.27388248,-0.38250783,0.10550178,0.7631726
keping,-0.4877374,-0.46104297,-0.19241446,0.22799157,0.7852653
bluvalas,-0.36638772,-0.27415755,-0.480784,0.2273805,0.78835624
fitur,-0.5361726,-0.440471,-0.2714283,0.007565776,0.80464095
bca,-0.63144517,-0.17031343,-0.28863642,0.1629805,0.64000165
bruto,-0.50708467,-0.2073205,-0.3051994,0.10306787,0.8465734
pdb,-0.31548938,-0.43266612,-0.26529235,0.20344172,0.9552029
bullion,-0.4920853,-0.48326042,-0.3966818,0.070863865,0.5803038
vault,-0.4046481,-0.6791141,-0.21303023,0.0557783,0.7547076
iso,-0.2901706,-0.5183495,-0.5607118,0.27783102,0.6223845
partisipasi,-0.3605407,-0.4320272,-0.2664744,0.11014561,0.685257
jfx,-0.30489644,-0.31240162,-0.24039434,0.13623041,0.7806261
travel,-0.43298042,-0.4133117,-0.47365415,0.13394637,0.78951246
butik,-0.6028755,-0.45006922,-0.43747175,0.048214264,0.6720222
transparansi,-0.35530266,-0.49971154,-0.39820656,0.13352546,0.92903787
ilap,-0.50490934,-0.3631781,-0.47026622,0.21100911,0.74908483
inisiatif,-0.3519368,-0.57233787,-0.27627704,-0.023166975,0.7808712
eny,-0.64429986,-0.45715776,-0.5080387,0.031366847,0.6645392
sales,-0.27536726,-0.34266034,-0.6088464,0.25709805,0.7100291
polymer,-0.4268431,-0.46950105,-0.37684283,0.22378504,0.86893755
komisioner,-0.4087585,-0.24199995,-0.28506094,0.09428708,0.78107834
holding,-0.5236047,-0.25600645,-0.36602294,0.21115558,0.7259167
meta,-0.5543955,-0.48027986,-0.22046307,0.10852612,0.6266282
chaniago,-0.44951436,-0.15971845,-0.41076916,0.3120641,0.6645748
cukup,-0.3023593,-0.27005026,-0.61468685,0.15099561,0.8486877
longsor,-0.49640924,-0.32558233,-0.45737013,0.25525913,0.87738466
srop,-0.6100283,-0.30795854,-0.34803876,0.045429535,0.7886845
kmp,-0.49082696,-0.4819647,-0.26477778,0.14323308,0.769466
layar,-0.47610712,-0.27820742,-0.27693516,0.2341826,0.7434944
akd ega,-0.34431946,-0.2362947,-0.37847862,0.08192915,0.540683
arun,-0.29488277,-0.36122724,-0.52804023,0.20663369,0.7403654
fleksibel,-0.4998652,-0.29827064,-0.25575033,0.21124211,0.80330056
gbc,-0.4809815,-0.60807395,-0.25195852,0.124108404,0.8282855
grasberg,-0.32621604,-0.55400175,-0.26870036,0.056247443,0.7567876
ounce,-0.46730512,-0.21266003,-0.19142291,0.5067683,0.7104304
pungut,-0.3595226,-0.21827905,-0.21444252,0.23291874,0.77716583
pnbp,-0.23267803,-0.2569846,-0.19380584,0.25286415,0.99537754
quality,-0.33757108,-0.24724978,-0.47656292,0.20341769,0.7653549
rojolele,-0.402052,-0.15850852,-0.4243833,0.16530825,0.87571084
sumo,-0.2900826,-0.42764848,-0.42789513,0.40832078,0.585161
risi,-0.2991552,-0.36887926,-0.46596175,0.29381758,0.6765998
orientasi,-0.38447902,-0.28064093,-0.4679631,0.14546935,0.87032074
institusional,-0.3003876,-0.39923143,-0.30244297,0.075495064,0.74906766
hormuz,-0.27014467,-0.37685433,-0.31391516,0.34099382,0.77907807
mentah,-0.21633506,-0.31377444,-0.42908067,0.43107837,0.7667284
restrukturisasi,-0.43606833,-0.32244387,-0.39818007,0.32596114,0.5941582
tenor,-0.3025124,-0.22473268,-0.4804405,0.2772229,0.7848637
end-to-end,-0.36168122,-0.40405655,-0.48584124,0.062002867,0.7189789
tanam,-0.4134159,-0.3440249,-0.50926435,0.33085796,0.7936125
himpun,-0.39603367,-0.15776657,-0.39290175,0.30347037,0.6736208
inews,-0.45385057,-0.41899586,-0.145535,0.05122492,0.9436446
sell,-0.4945131,-0.455616,-0.22268808,0.42707166,0.7219553
nakhoda,-0.5378519,-0.317563,-0.3535909,0.009568325,0.69904476
maksimum,-0.3076981,-0.58322084,-0.42626977,0.33359328,0.74263245
knkt,-0.3745232,-0.43369424,-0.22803508,0.17929243,0.84635514
apung,-0.28633302,-0.4290993,-0.5412099,0.119734935,0.7222369
wacana,-0.4027852,-0.44871858,-0.15484996,0.27912384,0.5974544
logam,-0.32378033,-0.30398467,-0.31797603,0.2135684,0.76851237
paman,-0.39152136,-0.04347789,-0.40788692,0.31663054,0.65179265
rupiah,-0.46368107,-0.32009628,-0.43425292,0.14935963,0.63800126
muharrman,-0.4074519,-0.13509023,-0.3312427,0.2226849,0.6148455
foto rony,-0.33732146,-0.40068522,-0.19283149,0.05181673,0.55536765
riau,-0.31131434,-0.31944728,-0.24351124,0.051739812,0.6399481
riset,-0.1826627,-0.31383294,-0.2340379,0.2676707,0.6950176
wi-fi,-0.35525373,-0.52442473,-0.21594568,0.2036672,0.77652687
mou,-0.35497105,-0.5544426,-0.35563374,0.23642805,0.6652699
perkeretaapian,-0.37533513,-0.19559939,-0.3827608,0.19582245,0.7368617
lamun,-0.29415104,-0.12107098,-0.26992378,0.2671477,0.82091844
kelakar,-0.48735258,-0.0498766,-0.34435707,0.2548291,0.81906664
nino,-0.38316822,-0.20277284,-0.3639235,0.08472235,0.7477951
plta,-0.37060058,-0.18807799,-0.47824544,-0.0097776,0.7554786
fdl fdl,-0.38590384,-0.08121455,-0.06684218,0.07433292,0.60113716
jejak,-0.44391102,-0.14442103,-0.43807864,0.14190736,0.7360007
paket,-0.3637211,-0.4492418,-0.25909734,0.005918707,0.6706799
yuan,-0.31095287,-0.33377942,-0.21471182,0.40806466,0.64245164
mobility,-0.5674644,-0.23263295,-0.25423282,-0.012615298,0.6869008
kunjung,-0.40185118,-0.2587154,-0.44394806,0.077151015,0.8178092
siar,-0.25165853,-0.37051746,-0.40154117,0.24321958,0.84413904
soekarno-hatta,-0.4665585,-0.41772553,-0.11655345,0.29079863,0.7854489
equestrian,-0.2712558,-0.009135864,-0.4662994,0.23139131,0.7469105
yakni,-0.5784046,-0.22801246,-0.3627546,-0.0035280029,0.5867726
gesek,-0.46923977,-0.33925682,-0.28771862,0.042527616,0.74136287
telepon,-0.38666332,-0.20019427,-0.24606867,0.09229575,0.81440973
komite,-0.24866924,-0.45588583,-0.3438378,0.070252486,0.7503011
metrik,-0.3156448,-0.3961245,-0.34717238,0.122613095,0.56492037
sejahtera,-0.4588722,-0.4977432,-0.2628196,-0.011771505,0.630224
desil,-0.3377577,-0.25778207,-0.35530186,0.012142282,0.6991796
setapak,-0.32860488,-0.092945315,-0.3788522,-0.0015185284,0.54902625
transjakarta,-0.39539143,-0.22617023,-0.34781924,0.13139293,0.58346313
hub,-0.3838854,-0.14828941,-0.35409176,0.14779386,0.76475376
kece,-0.22206025,-0.36155343,-0.4614719,0.27897307,0.769297
api,-0.38241386,-0.26924473,-0.43024272,0.17183046,0.7266962
cli,-0.43128148,-0.30710196,-0.34402394,-0.037596308,0.44650614
ie,-0.15395087,-0.30984277,-0.4215293,-0.009371144,0.5198283
anagata,-0.23658752,-0.35856006,-0.23054285,0.15592532,0.9172096
negatif,-0.29344574,-0.487228,-0.52598447,0.34394562,0.7307888
ina,-0.59369296,-0.31629115,-0.26786825,0.32627526,0.68352693
paripurna,-0.40669507,-0.22161031,-0.207354,0.101791665,0.84988934
stadium,-0.3828304,-0.1994053,-0.37465617,0.23300172,0.72442025
gelombang,-0.42894438,-0.40113518,-0.34371927,0.17576788,0.8177335
aceh,-0.48160172,-0.491423,-0.40123275,0.2711753,0.65233976
okky,-0.68017024,-0.52104515,-0.16774593,0.39295247,0.8015652
arus,-0.557418,-0.48975194,-0.40898266,0.2795149,0.5815385
aum,-0.32798776,-0.42965335,-0.18230283,0.21853814,0.9415582
plus,-0.5207535,-0.47836444,-0.40345857,0.3589439,0.63518417
laode,-0.5673327,-0.29282585,-0.40900627,0.2091662,0.8614754
psn,-0.45834166,-0.50427514,-0.47483113,0.18793271,0.7383372
timur-barat,-0.3229752,-0.21193773,-0.5371636,0.36204866,0.9687667
barat-timur,-0.27200112,-0.3304616,-0.42383066,0.11896164,0.7325614
east-west,-0.32049903,-0.44819576,-0.5505017,0.082334585,0.745721
djoko,-0.44832438,-0.3312006,-0.27653807,0.15932983,0.7809553
komponen,-0.58887833,-0.27352288,-0.25499696,0.108378656,0.7265104
non-konvensional,-0.4535674,-0.29040784,-0.49601504,0.26137912,0.8183073
anjlok,-0.5973843,-0.1424924,-0.32144272,0.29300627,0.53864896
efek,-0.48467207,-0.36359158,-0.24633756,-0.0013207761,0.8042123
landas,-0.20829539,-0.015678467,-0.5146055,0.30903172,1.0278822
administratif,-0.6089092,-0.51484597,-0.23506609,0.07503434,0.7043712
bobur,-0.3850933,-0.23018797,-0.2689345,0.27598873,0.87523586
adil,-0.32512277,-0.55145127,-0.5586438,0.027458597,0.7551162
kurs,-0.43917385,-0.15962373,-0.1627808,0.21779783,0.8900591
supadio,-0.52180415,-0.20576426,-0.245195,0.30202076,0.8228499
tes,-0.57787937,-0.3057959,-0.3847061,0.23081057,0.83086306
otomatis,-0.38950318,-0.25783774,-0.20247614,0.17462587,0.93361795
fungsional,-0.44422445,0.025617126,-0.51222926,0.1607415,1.0881134
administrator,-0.46674982,-0.111947656,-0.36050802,0.40498477,0.9766743
wfo,-0.4486388,-0.41898632,-0.47102275,0.29440692,0.6518096
inti,-0.27511972,-0.44428125,-0.3189326,0.22850192,0.80258936
bab,-0.55267584,-0.3230136,-0.26914072,0.15685606,0.84535944
lampau,-0.378989,-0.41367897,-0.4232933,0.1648815,0.74485666
edward,-0.5037147,-0.23188774,-0.28129578,0.086522505,0.865834
susah,-0.48996493,-0.5958297,-0.34063968,0.18805787,0.7450667
wajar,-0.46882552,-0.33222356,-0.28218296,0.41652638,0.696394
andi,-0.5139839,-0.051955692,-0.2771556,0.08839069,0.8662942
stok,-0.507406,-0.3499296,-0.4390563,0.17233358,0.8804653
surat,-0.3572338,-0.3761502,-0.39384642,0.15307584,0.73470145
unsur,-0.4702927,-0.40096426,-0.31482443,-0.020940004,0.70936865
instruksi,-0.364287,-0.27291733,-0.30635384,0.14459224,0.8705278
aparat,-0.49915424,-0.4249424,-0.1701491,0.30852693,0.8368291
rentan,-0.28534672,-0.41616324,-0.3667659,0.27454135,0.9353001
kilo,-0.3945677,-0.22973019,-0.31036443,0.28772014,0.8513085
laboratorium,-0.47177535,-0.2776667,-0.40269098,0.09673623,0.7407584
menindaklanjuti,-0.32993606,-0.3618743,-0.39084634,0.26618898,0.7340559
larut,-0.627823,-0.21043445,-0.39271116,0.25125372,0.65777194
jaksa,-0.31837487,-0.37608743,-0.27718538,-0.033965796,0.7549586
no,-0.38421044,-0.3744449,-0.52292913,0.36212692,0.7690751
blibli,-0.4355781,-0.24465355,-0.35940582,0.06780181,0.82328737
lazada,-0.354641,-0.45738614,-0.29407302,0.06752012,0.80061656
tokopedia,-0.5100033,-0.2769505,-0.53954273,0.09480827,0.72946227
shopee,-0.54555345,-0.1966099,-0.28486118,0.12006143,0.7971769
e-commerce,-0.5289486,-0.36475962,-0.32660416,0.15837848,0.6830665
mungut,-0.4851758,-0.13499202,-0.43313622,0.13527928,0.76946455
kemenhub,-0.4163177,-0.3076748,-0.41358498,0.18973447,0.8209466
roadmap,-0.31208873,-0.4956907,-0.34396678,0.21829124,0.9925181
niaga,-0.54157764,-0.22374493,-0.45005846,0.16756128,0.87789565
pompa,-0.56459713,-0.44652796,-0.22562331,-0.017494084,0.8542194
maritim,-0.37688738,-0.41981637,-0.23508593,0.27134502,0.7532433
ksop,-0.53916734,-0.4792766,-0.48056749,0.27132455,0.69920754
hijau,-0.32274914,-0.4464455,-0.16894557,0.20664161,0.83861125
kontraktual,-0.46350467,-0.30588225,-0.35829806,0.14437947,0.8474134
kas,-0.44130546,-0.1884997,-0.2770775,0.21024281,0.84010303
cc idn,-0.4505417,-0.18369046,-0.53951955,0.26143333,0.6246913
c idn,-0.4771855,-0.2405032,-0.3499146,0.3659732,0.71348226
prospek,-0.45977938,-0.45818916,-0.36464563,0.24184866,0.7005864
galbay,-0.35453087,-0.29833516,-0.5811651,0.30372056,0.6637967
manusia,-0.47967887,-0.45620403,-0.32699025,0.24240804,0.7503154
aster,-0.40315944,-0.5182546,-0.29227316,0.12665038,0.7650547
kimia,-0.23388638,-0.42148128,-0.41877076,-0.028817004,0.84350413
kecuali,-0.37154457,-0.36317933,-0.22901092,0.25930917,0.84485173
manurung,-0.40856713,-0.25302997,-0.46130854,-0.016357413,0.6825783
coin,-0.40722814,-0.2551748,-0.36211175,0.11429217,0.7853948
yaser,-0.3596483,-0.46661368,-0.35503826,0.2635479,0.7748409
enggan,-0.47756407,-0.076172784,-0.30389202,0.14420693,0.9450639
rekomendasi,-0.32815042,-0.3240659,-0.45869234,0.21762092,0.60542023
alternatif,-0.32725736,-0.30489072,-0.3411595,0.38891628,0.6707695
tampubolon,-0.33453402,-0.39351505,-0.33667144,0.07356153,0.6923639
richard,-0.35797966,-0.51585704,-0.2561395,0.37217093,0.49672583
tahrizi,-0.31004676,-0.32550016,-0.48624432,0.24870826,0.6938651
mpi,-0.29752824,-0.50808007,-0.4590725,0.2474282,0.5503739
shanker,-0.550377,-0.34504178,-0.30351126,0.042295452,0.7336826
ichiro,-0.41425386,-0.5163407,-0.39055055,0.31983173,0.57556736
mati,-0.48597825,-0.33612216,-0.41727602,0.07845904,0.67433965
tc,-0.29439387,-0.35734373,-0.48489547,0.024111595,0.647835
tohari,-0.50209326,-0.4404315,-0.30810723,0.3304003,0.6131854
rahmat,-0.33550185,-0.52300835,-0.40592167,0.08278992,0.68697894
tumpu,-0.2839335,-0.4569514,-0.22229297,0.19719552,0.86674637
single,-0.627097,-0.3149551,-0.4040425,0.16126119,0.7196869
realistis,-0.23508036,-0.29791176,-0.33703282,0.18055819,0.7133813
marthin,-0.43330097,-0.4544059,-0.40128666,0.1627334,0.5344589
cdm,-0.15479308,-0.40925246,-0.26620236,0.32104254,0.7355303
jemput,-0.23918605,-0.34806764,-0.4384844,0.24206251,0.57895964
kuasa,-0.40577325,-0.40761566,-0.40248033,0.005057515,0.62772226
adapun,-0.4771291,-0.44662046,-0.584968,0.028353127,0.62275696
kadang,-0.33873835,-0.3132503,-0.24533421,0.112742335,0.86898506
to,-0.30130658,-0.3901222,-0.3152674,0.2717832,0.77051884
imbuh,-0.31964254,-0.39118463,-0.44180593,0.34671226,0.82906556
dahulu,-0.43633,-0.19251278,-0.37573656,0.06527652,0.8088642
mardika,-0.34089884,-0.12777926,-0.21321426,0.12072585,0.7010455
i b,-0.37734887,-0.34029126,-0.17515686,0.19916697,0.5407495
perdanakusuma,-0.23681876,-0.10645031,-0.26962176,0.20927346,0.7645418
udara,-0.43669248,-0.1499699,-0.16158184,0.2793299,0.49239957
fitriadi,-0.353464,-0.5147904,-0.28132167,-0.0065271133,0.6918707
durasi,-0.6783414,-0.20471847,-0.36917943,0.08375051,0.9451667
wsbk,-0.7294124,-0.36251298,-0.659985,0.11612032,0.65684783
bawah,-0.50132763,-0.40395266,-0.23937629,0.099739596,0.92849684
komisaris,-0.67163134,-0.4990163,-0.5327788,-0.034692984,0.7721924
desak,-0.35745233,-0.34882435,-0.35054988,0.25071657,0.57268834
terjemah,-0.4262185,-0.2706389,-0.4956784,-0.020555979,0.85810435
jambi,-0.6969658,-0.21072803,-0.30855492,0.2482108,0.76570207
musik,-0.71770537,-0.4055535,-0.33046398,0.36038858,0.7510654
custom,-0.4447424,-0.28264594,-0.6669209,0.23316409,0.88663286
classic,-0.6198275,-0.28083223,-0.34330964,0.27516064,0.80937415
terrace,-0.36606932,-0.252927,-0.42987016,0.31355187,0.8450465
price,-0.49579585,-0.5540935,-0.5354659,0.30948606,0.7307758
hangzhou,-0.21107952,-0.58627754,-0.46143988,0.43539914,0.53497845
mixed,-0.4764679,-0.51248354,-0.42584425,0.1345653,0.8287634
kak,-0.5241945,-0.327326,-0.10847838,0.3168424,0.8118573
erti,-0.3269305,-0.2774967,-0.27818725,0.21741454,0.9589992
sentuh,-0.5493669,-0.3342247,-0.21331188,0.20786528,0.59792066
buku,-0.593882,-0.45888048,-0.34993038,0.41678393,0.5765878
sudah,-0.4661065,-0.27487785,-0.27860165,0.2971133,0.70435137
susanto,-0.48479313,-0.11373906,-0.2867703,0.21513104,0.865255
becroft,-0.51300335,-0.50130117,-0.3457435,0.10999492,0.6317039
asa,-0.5193379,-0.2879263,-0.4618785,0.20867027,0.76919997
ku-,-0.35259286,-0.47683764,-0.17961854,0.22715454,0.7175904
selain,-0.40614292,-0.47291672,-0.51241434,0.09770212,0.8387756
segi,-0.29579905,-0.4704661,-0.241033,-0.002394912,0.9415274
srikandi,-0.489929,-0.5430465,-0.20904519,0.10372657,0.57708204
masters,-0.3797776,-0.59312767,-0.2897836,0.12531856,0.6272577
perspektif,-0.4543893,-0.3312649,-0.51082826,-0.022843923,0.8711231
makmur,-0.4825793,-0.42262423,-0.47604898,0.04892884,0.59427106
pek,-0.3663477,-0.5170368,-0.4249591,0.39870763,0.6064554
superfinal,-0.4713465,-0.41684344,-0.2711782,0.4083827,0.79887307
pentas,-0.39801303,-0.41523674,-0.22342128,0.14456299,0.80238515
karting,-0.40185276,-0.31130338,-0.45747054,0.30776486,0.77829486
adi,-0.29301617,-0.18580545,-0.47853032,0.34695363,0.86098546
relay,-0.63121176,-0.36540818,-0.3451078,0.22615378,0.7223866
pandu,-0.54137737,-0.59118116,-0.3016762,0.3234268,0.75742257
sembah,-0.43739682,-0.5229453,-0.2163907,0.34040704,0.53674126
guiyang,-0.5958638,-0.32020622,-0.32267565,0.4584105,0.6565399
parah,-0.55396634,-0.49479598,-0.3184684,0.17070693,0.5793648
warna,-0.6122696,-0.2668658,-0.19435659,0.3648409,0.87976825
lini,-0.3351827,-0.28971574,-0.2596531,0.41275406,0.7813235
sadar,-0.37892798,-0.29603913,-0.5782086,0.27765808,0.5773846
kiri,-0.59060824,-0.3863205,-0.58426034,0.33180282,0.49286228
mangkas,-0.7149736,-0.2214112,-0.68698007,0.21907806,0.47749978
summit,-0.3408724,-0.4096202,-0.36183846,0.2810638,0.8095156
basis,-0.2583467,-0.4040054,-0.30880213,0.14089224,0.767423
mission,-0.29533216,-0.30750546,-0.31192392,0.25338835,0.7193994
de,-0.5085211,-0.30000573,-0.21947147,0.31132615,0.83555126
punggung,-0.34792352,-0.37107328,-0.5029307,0.1831486,0.6708958
tamu,-0.29042444,-0.38667947,-0.2858277,-0.009596473,0.82901615
deru,-0.450984,-0.34796107,-0.2956848,0.25017244,0.77872497
pablo,-0.5076017,-0.34255823,-0.3555032,0.19812422,0.7056682
alexander pablo,-0.69874173,-0.29726705,-0.52114034,0.20706752,0.62080026
chang pablo,-0.5752441,-0.21586825,-0.47521237,0.40232047,0.5814693
ran pur,-0.21218705,-0.41923782,-0.37215242,0.1106575,0.3859018
tubuh,-0.392984,-0.5011571,-0.3421743,0.2609464,0.7371562
gelang,-0.49027023,-0.3437162,-0.31999382,0.22043677,0.6997361
abad,-0.43724692,-0.17642277,-0.2248452,0.14389172,0.77407366
burke,-0.56033975,-0.3971846,-0.32288432,0.30009463,0.60965693
reuters geoff,-0.5527674,-0.4598091,-0.2042054,0.33093202,0.68489075
prf ega,-0.35723993,-0.15572649,-0.3960194,-0.08512804,0.37805906
passion,-0.56854993,-0.34958026,-0.21094054,0.13510428,0.6840125
verifikasi,-0.5471083,-0.2708921,-0.3572721,0.07481023,0.74900615
liput,-0.6121965,-0.16733249,-0.31078127,0.29697752,0.7384192
postingan,-0.4598711,-0.183343,-0.43847328,0.31297052,0.7265148
tiba,-0.4113699,-0.123311624,-0.30484828,0.32783896,0.7218086
kubu,-0.6207063,-0.21369362,-0.47717854,0.14759746,0.55047476
xzavierro,-0.52899635,-0.25136608,-0.5053362,0.2881061,0.6772384
sisih,-0.46243256,-0.42454174,-0.3920789,0.37820727,0.6416924
kelso,-0.6267551,-0.20877443,-0.51092833,0.14258863,0.5348838
salmela,-0.40565586,-0.19629934,-0.3297214,0.38963002,0.57280993
rico,-0.4347724,-0.31816906,-0.47232318,0.3111782,0.5135857
morelli,-0.44342065,-0.37602603,-0.7201181,0.14663629,0.32133508
carpe,-0.5029726,-0.22176193,-0.52708745,0.097015835,0.4908724
saudara,-0.6679065,-0.35781294,-0.66095376,0.011236554,0.5136636
delap,-0.76806086,-0.22524092,-0.6799511,0.29155433,0.39809015
persis,-0.6665812,-0.41403323,-0.47338837,0.41391242,0.3942689
time,-0.69085145,-0.28793186,-0.5747274,0.1965527,0.6303009
dnf,-0.71352845,-0.11474787,-0.5941041,0.36558676,0.6308543
lead,-0.58289665,-0.53351486,-0.3846851,0.17239138,0.63751554
alien,-0.927364,-0.30409127,-0.7697187,0.30356234,0.5262191
baby,-0.9730994,-0.19661893,-0.75235337,0.23603779,0.5914344
foto fikri,-0.613125,-0.62182766,-0.1490601,0.26198125,0.6734282
cash,-0.5845218,-0.18501379,-0.4526967,0.20761356,0.6949704
visa,-0.49943045,-0.33281505,-0.44607955,0.52474594,0.6428196
leclerc,-0.78022826,-0.09305248,-0.53919864,0.16207762,0.70947057
lando,-0.92693675,0.023223653,-0.33498195,0.5559556,0.58838785
max,-0.77664053,-0.1018844,-0.46545744,0.383115,0.5383114
kim,-0.5323033,-0.27288014,-0.5705013,0.36766505,0.49705708
mrp ran,-0.326636,-0.12410445,-0.2368957,0.05540052,0.6331512
amman,-0.60232645,-0.30074096,-0.49528062,0.33281523,0.5638834
business,-0.43746558,-0.24194907,-0.26836315,0.38292223,0.8461762
heru,-0.43273702,-0.29777762,-0.2921311,0.13349676,0.80875087
redam,-0.5956882,-0.40758747,-0.42156982,0.10669258,0.625092
ptt,-0.49200326,-0.29872766,-0.48130703,0.23890011,0.76529795
utr,-0.56173605,-0.4916076,-0.41706818,0.39525652,0.67756385
ran yna,-0.3115038,-0.20891711,-0.19864832,0.12525651,0.42579412
wijaya,-0.6230898,-0.14899787,-0.23911849,0.16452068,0.7956762
mutiara,-0.5569563,-0.32597974,-0.48489508,0.117844164,0.64637303
lee,-0.58337295,-0.30216897,-0.573101,0.16608734,0.77520984
azka,-0.611184,-0.28786144,-0.26766828,0.5236747,0.9052041
kebumen,-0.65071934,-0.27292454,-0.32905114,0.33843023,0.90588546
cirebon,-0.68247414,-0.41996327,-0.34311283,0.37997976,0.6352195
pelihara,-0.43118382,-0.491524,-0.5079514,-0.027701113,0.8453231
yoppy,-0.38885412,-0.4526504,-0.38115215,0.37155956,0.7816618
seret,-0.34955165,-0.39371857,-0.6654838,0.24220875,0.8030519
praktis,-0.5074351,-0.26193455,-0.6441454,0.22564481,0.69960386
elena,-0.5828433,-0.20775868,-0.22017907,0.2742256,0.4713567
manager,-0.68034023,-0.31701884,-0.3487801,0.12108621,0.64984727
favorit,-0.45511702,-0.52980703,-0.7340599,0.1287965,0.7702694
bay aff,-0.33736375,-0.30383456,-0.43737888,0.32364503,0.46953937
pun,-0.57150215,-0.44781533,-0.5816467,0.28710628,0.5759414
sanmarinogp,-0.6693431,-0.30978277,-0.41224587,0.25074428,0.75180525
pantang,-0.5827298,-0.33099827,-0.45162115,0.061598524,0.6370252
efisiensi,-0.42437598,-0.44569367,-0.20712204,0.0071932436,1.0134588
wawas,-0.43573725,-0.51664263,-0.33612096,0.29387763,0.78934157
mesti,-0.472906,-0.16230546,-0.48100546,0.03590033,0.8182029
alat,-0.28013036,-0.42414516,-0.510422,0.24002454,0.77066547
dini,-0.28639194,-0.44790637,-0.4352656,0.2355888,0.81169593
profesi,-0.401372,-0.5767077,-0.4064804,0.00068845623,0.82706946
sosialisasi,-0.38695267,-0.3429283,-0.114139706,0.3547629,0.7248227
norman,-0.32997108,-0.5624553,-0.33907127,0.29404455,0.8497552
citra,-0.27552238,-0.41033494,-0.26998928,0.35451022,0.75965995
timpa,-0.74856305,-0.19431435,-0.7435246,0.32991973,0.51001513
asuh,-0.41523844,-0.56655264,-0.24230601,0.19473843,0.8556672
nur,-0.439887,-0.36160067,-0.53457946,0.03412513,0.7233415
basi,-0.43802187,-0.3392458,-0.44574213,0.23903942,0.5208526
dok,-0.66382927,-0.3628127,-0.3523761,0.26202172,0.7605536
federasi,-0.3715257,-0.45385343,-0.31904846,0.07542628,0.8386976
telak,-0.59248453,-0.31701767,-0.23846559,0.3552993,0.8035199
kencang,-0.7168754,-0.442535,-0.5309779,0.26160136,0.5544891
febi,-0.50498694,-0.74254787,-0.06357899,0.12823653,0.82834494
anton,-0.2873209,-0.41211876,-0.24791631,0.25221074,0.882367
for,-0.5732246,-0.14350623,-0.41737077,0.37150404,0.81012446
ceko,-0.8659483,-0.13461953,-0.4748582,0.19806601,0.7027241
hungaria,-0.89086115,-0.05649571,-0.66910905,0.16414706,0.55139136
mugello,-0.71183807,-0.36264837,-0.52054065,0.115982324,0.504785
safety,-0.5391793,-0.41306677,-0.6389851,0.1867437,0.70962536
tipe,-0.5157167,-0.3066515,-0.47080785,0.30930555,0.6957105
asistensi,-0.4067611,-0.22374426,-0.3926231,0.32678968,0.74096006
pasu,-0.47563556,-0.28078717,-0.48888144,0.29915267,0.8056557
list,-0.41761494,-0.3450571,-0.21630253,-0.04701151,0.81758314
kerap,-0.34942895,-0.29070342,-0.21854842,0.2832594,0.85410714
tools,-0.53748024,-0.41133478,-0.3310061,0.13936566,0.79392433
t,-0.59258425,-0.32447144,-0.42607883,0.20795816,0.55184305
leader,-0.47442344,-0.3863148,-0.61742526,0.26258782,0.5983326
reli,-0.33508247,-0.25265703,-0.5402595,0.1468274,0.544072
nugraha,-0.57350343,-0.5268396,-0.16924384,0.14060403,0.8537871
insyaallah,-0.41159502,-0.4614795,-0.21781525,0.08836747,0.904074
aspal,-0.44905278,-0.28857747,-0.35208848,0.24005814,0.5836172
nugdha,-0.53415966,-0.1646683,-0.37610105,0.31490415,0.6444838
mrp bay,-0.15252832,-0.16921017,-0.36567932,0.15651186,0.67254525
sugiarto,-0.4678292,-0.48622665,-0.4056605,0.16002771,0.44558248
arya,-0.47468105,-0.17022337,-0.47015822,-0.0016416922,0.6506835
rakerprov,-0.5377165,-0.49468145,-0.40512693,-0.006938087,0.7538087
menara,-0.52020323,-0.38584515,-0.16862461,0.18678711,0.7192774
costa,-0.5423307,-0.20851283,-0.53044903,0.06715257,0.7642475
tanggulang,-0.5657346,-0.37629905,-0.47096953,0.029351357,0.5108638
pelita,-0.3922878,-0.46120566,-0.45923173,0.42084336,0.68260217
bang,-0.3560902,-0.3953648,-0.3581099,0.19536649,0.72645885
mahasiswa,-0.56092906,-0.15802385,-0.4247773,0.07588909,0.77017456
kepada,-0.44052008,-0.5483345,-0.6320195,0.07105716,0.57802373
tanya,-0.41647965,-0.37028128,-0.29181072,0.108384706,0.89223814
inggris,-0.50303,-0.28901592,-0.43867025,0.19975895,0.5811826
rumput,-0.524835,-0.6678602,-0.37429035,0.17665233,0.8121332
penjuru,-0.44577765,-0.3323029,-0.27517813,0.10582045,0.68946344
mimpi,-0.3605587,-0.451613,-0.19519636,0.3256198,0.58323777
dengar,-0.3571838,-0.30503276,-0.4760727,0.42357796,0.6693588
puspitasari,-0.5080695,-0.5171481,-0.28076866,0.32285503,0.56247437
island,-0.4400899,-0.53244543,-0.36170217,0.10266712,0.7094367
kalender,-0.6010847,-0.4766019,-0.30263916,0.21331877,0.7382194
goyon,-0.58475214,-0.24384558,-0.34443957,0.11658753,0.76862675
kecewa,-0.80443776,-0.27652818,-0.49428016,0.21968131,0.4674686
worldsbk,-0.71946573,-0.40977263,-0.37157956,0.21496655,0.47873273
guevara,-0.41212863,-0.37906584,-0.43015894,0.3796217,0.41903263
pacu,-0.5447291,-0.3055602,-0.3910367,0.07489936,0.80462885
absen,-0.76791626,-0.21741696,-0.57064503,0.030055692,0.5949356
duet,-0.7052337,-0.33371562,-0.52897024,0.30624905,0.46100658
siti,-0.38396397,-0.4559774,-0.3992093,0.15328774,0.60100496
akn ega,-0.13815874,-0.3811546,-0.33985335,0.25015917,0.54963076
reborn,-0.676714,-0.291775,-0.42837092,0.22611742,0.77700144
ev,-0.50270396,-0.5023966,-0.38556498,0.08483008,0.8613655
k,-0.58548576,-0.31475723,-0.3195222,0.0774427,0.6358253
buah,-0.3897348,-0.27129102,-0.40451345,0.34845895,0.7408771
umkm,-0.469726,-0.23556603,-0.19595295,0.24299864,0.74530363
gandeng,-0.2831344,-0.28525972,-0.44624558,0.20556802,0.7004504
letak,-0.49185532,-0.20026724,-0.4585401,0.30433786,0.7162178
slot,-0.49865592,-0.5124203,-0.30577713,0.13204435,0.61438626
sengaja,-0.52250326,-0.44452035,-0.45352963,0.08574651,0.81833994
eksplorasi,-0.5315658,-0.28375456,-0.5509355,0.17937757,0.8472005
situ,-0.43680122,-0.31901535,-0.3330211,0.0870876,0.8797686
bagas apri,-0.2876677,-0.36527506,-0.3060388,0.21321312,0.7760386
syahnawi,-0.43439996,-0.23693106,-0.3121434,-0.03170174,0.67668265
nol,-0.4627257,-0.27456313,-0.5029312,0.19881313,0.7022163
tatap,-0.57907444,-0.33400428,-0.34689733,0.36593363,0.6586933
eks,-0.44718033,-0.2417924,-0.19761746,0.23274021,0.6631556
joaquin fadia,-0.439481,-0.24663861,-0.27546257,0.36802566,0.5656497
moritz,-0.63985807,-0.54808074,-0.23950776,0.19656163,0.72030765
abai,-0.32164833,-0.38191327,-0.35903606,0.23175791,0.6747407
singgung,-0.53083134,-0.3065901,-0.50125736,0.20958057,0.57609916
diare,-0.51971185,-0.25959593,-0.34292847,0.2751636,0.74818426
boleh,-0.5644898,-0.18160005,-0.38715184,0.057221476,0.7914046
joanna,-0.53676826,-0.3699401,-0.38341668,0.25690624,0.48168436
telat,-0.526495,-0.274042,-0.3269467,0.27731547,0.56521255
toilet,-0.5238289,-0.14451176,-0.33702594,0.31663814,0.7228866
alhamdulillah,-0.5298638,-0.33373085,-0.3332543,0.16364911,0.64589506
individu,-0.4149994,-0.40594658,-0.45769015,0.12887253,0.57079446
thomas,-0.35207507,-0.34029415,-0.40473336,0.17939602,0.552715
sparring,-0.4404963,-0.2256476,-0.38399348,0.007604599,0.6935922
edukasi,-0.35161343,-0.54211336,-0.374697,0.23073752,0.7234961
bustomi,-0.39827567,-0.33817333,-0.29492626,0.26608086,0.5291196
foto adeng,-0.46509698,-0.4730201,-0.23714007,0.1603085,0.5216052
ciamis,-0.2868495,-0.29275435,-0.41388336,0.23118998,0.569042
jona,-0.44527376,-0.3045192,-0.16558325,0.06788137,0.5973584
bpp,-0.26749778,-0.4374588,-0.35771084,0.12683223,0.55596924
tms,-0.34421867,-0.49622405,-0.19516821,0.18705533,0.5574755
djausal,-0.479001,-0.40592232,-0.36737436,0.1453229,0.5366702
mirzani,-0.39792684,-0.103012964,-0.12739888,0.14245816,0.7284323
iriawan,-0.34048453,-0.26896006,-0.4684993,0.107851975,0.75447303
bkpm,-0.43762127,-0.43814543,-0.15399382,0.060372356,0.60697436
hilir wakil,-0.29567307,-0.45992267,-0.19896758,0.11356965,0.7202405
pre-treatment,-0.21086659,-0.2773747,-0.5231761,0.04050986,0.61480755
kiloliter,-0.5624274,-0.4778746,-0.2065378,0.041949697,0.5858493
biomassa,-0.32859978,-0.43913648,-0.4121972,0.31853583,0.6126626
nira,-0.21810588,-0.39772668,-0.30497035,0.048589926,0.65430695
siklus,-0.4826389,-0.22464323,-0.43043414,0.043096457,0.59013206
multi-generation,-0.34558547,-0.3660391,-0.34800768,0.015558873,0.6863708
validasi,-0.34125873,-0.19526494,-0.1605882,0.18426068,0.77189684
budidaya,-0.48537824,-0.17123578,-0.3055271,0.18880564,0.58502364
bohong,-0.49021927,-0.08657202,-0.3113959,0.015065843,0.58951396
elak,-0.5362445,-0.20128118,-0.24904339,0.24224426,0.6374438
rumor,-0.40873027,-0.17899983,-0.47232136,-5.0854345e-05,0.5944203
pfii,-0.27897254,-0.32082883,-0.47243163,0.11560947,0.5940537
ekonom,-0.2347556,-0.22904731,-0.43765846,0.09347432,0.71206063
prosesi,-0.35015887,-0.13811463,-0.4534381,0.08370206,0.6027939
pasir,-0.4174851,-0.28418407,-0.24744879,0.04851397,0.70509803
iup,-0.30977798,-0.52933395,-0.2708477,0.061578125,0.5630293
sah,-0.4472327,-0.24700883,-0.23760933,0.08829885,0.78743684
corporations,-0.3535171,-0.21271051,-0.44080028,0.3373697,0.64644575
kontraksi,-0.49355385,-0.27497318,-0.19626582,0.21343777,0.56685656
denny,-0.19235252,-0.35359174,-0.38175082,0.115350634,0.7516148
ramdan,-0.36004233,-0.22778478,-0.16560659,0.30691937,0.77577496
bi,-0.23159426,-0.16986842,-0.18294968,0.20340629,0.5253351
pangkat,-0.4499338,-0.09003524,-0.25677598,0.2652294,0.6360042
tegur,-0.3153834,-0.15603879,-0.3692314,0.1606061,0.76359165
maulidya,-0.23778522,-0.40591624,-0.15937135,0.18833955,0.80651826
dody,-0.34116727,-0.1729672,-0.42511407,0.10553196,0.74731904
judol,-0.17007345,-0.43241924,-0.40317997,0.23901044,0.48079282
telusur,-0.25649604,-0.44032937,-0.3708919,0.0022829818,0.6660802
bareskrim,-0.2787362,-0.49349624,-0.40826175,0.30429414,0.52143985
tilik,-0.20255761,-0.15049306,-0.39414522,0.094568305,0.7591884
lelang,-0.49455673,-0.2976698,-0.4685039,0.1475115,0.6304678
mikro,-0.26679507,-0.08469804,-0.32379627,0.1617002,0.73314935
ventura,-0.14080432,-0.35442254,-0.40200442,0.07463121,0.7274887
lending,-0.19374986,-0.27781153,-0.47058728,0.17063689,0.5974021
peer,-0.37127435,-0.34930095,-0.18237722,0.22884157,0.5964661
ratulangi,-0.39424944,-0.3706609,-0.31887728,0.07359219,0.5717852
strapping,-0.40470913,-0.35890603,-0.4281415,0.40740213,0.5134184
body,-0.35634294,-0.352873,-0.25771034,0.38289434,0.68945444
rai,-0.24998869,-0.29309985,-0.38229147,0.17675832,0.5887672
gusti,-0.36646858,-0.26423958,-0.37594494,0.16818446,0.56643134
kualanamu,-0.371947,-0.22351591,-0.094206266,0.349301,0.53590256
benefit,-0.23640627,-0.3494223,-0.35820892,0.1545262,0.5820431
budgeting,-0.26185644,-0.29268858,-0.21634431,0.30624652,0.62720567
blusaving,-0.2606247,-0.28280655,-0.29191262,0.24580945,0.63124144
cerdas,-0.28317723,-0.25143403,-0.31273896,0.35807717,0.5274358
tentang,-0.34984785,-0.31249332,-0.43173435,0.2884631,0.5933686
kaji,-0.18618123,-0.3379441,-0.38640547,0.0802751,0.6415635
stimulus,-0.17447554,-0.51103336,-0.3164055,0.26492995,0.6967613
audit,-0.34210324,-0.2989161,-0.39898056,0.258018,0.66506356
presisi,-0.3143215,-0.3081126,-0.44069234,0.2863901,0.664981
selfie,-0.23131783,-0.26128653,-0.20484407,0.18236098,0.49970493
accreditation,-0.468553,-0.292924,-0.24967848,0.0073085525,0.57411677
akreditasi,-0.3868188,-0.16666546,-0.43017188,-0.032076728,0.61513424
xi,-0.21897988,-0.34262928,-0.21001112,0.2946389,0.59745514
commodity,-0.24919882,-0.29961306,-0.309151,0.074171215,0.56647265
fahd,-0.22793122,-0.31971982,-0.3533426,0.35581207,0.48897678
substansi,-0.32151943,-0.122630484,-0.41013414,0.29190835,0.5665307
lifestyle,-0.2764225,-0.34668568,-0.18888466,0.15709664,0.49358502
polis,-0.39316747,-0.1355186,-0.3002318,0.047719955,0.55636543
embedded,-0.43495056,-0.18748528,-0.1299188,0.024106624,0.5230668
store,-0.2971867,-0.34835342,-0.1943696,0.16238022,0.70097834
department,-0.3410506,-0.32638174,-0.3909488,0.057466734,0.5390597
tardi,-0.49008843,-0.15834711,-0.28338456,0.24678525,0.61036545
lampri,-0.4398641,-0.3929058,-0.22438166,0.14271457,0.6216889
foreign,-0.22750944,-0.449559,-0.35276994,0.096844256,0.48678812
mangkrak,-0.5087676,-0.39333463,-0.290759,0.013415666,0.41014385
dibiarin,-0.5224513,-0.19242722,-0.27013883,0.35721955,0.4918696
direfund,-0.48158383,-0.28831455,-0.3155788,0.0014070084,0.46418977
dibayarin,-0.33859065,-0.47506186,-0.3497753,0.2500271,0.5979101
ara,-0.3267711,-0.24424723,-0.11458297,0.13668662,0.50594455
inventarisasi,-0.16340122,-0.3680148,-0.39482188,0.15814771,0.44297403
rekam,-0.3750395,-0.36303145,-0.089924276,0.13331628,0.62227255
leaders,-0.4401619,-0.2954164,-0.18270616,0.12935111,0.56002337
fitri,-0.34479687,-0.2988185,-0.20599131,0.09720269,0.4796606
mukarromah,-0.26691175,-0.557044,-0.47350365,0.014672028,0.59755033
kurniasih,-0.4264476,-0.39635316,-0.32995993,0.31605187,0.41564772
executive,-0.24702926,-0.39635578,-0.34099817,0.12704419,0.6079429
budhin,-0.5231777,-0.29970124,-0.14338094,0.09014053,0.69138294
tower,-0.27648634,-0.20354173,-0.34055835,0.19762862,0.6545414
sua,-0.429299,-0.15055406,-0.18924476,0.055756576,0.7321925
ex-officio,-0.2850476,-0.2391135,-0.27093524,0.29303917,0.72693074
kiki,-0.27986154,-0.17027082,-0.23407114,0.3196064,0.57739043
friderica,-0.42963734,-0.37372875,-0.32208943,0.1401978,0.65266913
danatara,-0.28654128,-0.40309244,-0.18301131,0.034127533,0.6322447
dizolimi,-0.40614897,-0.28191796,-0.40314355,0.038622364,0.66954875
terzolimi,-0.26548493,-0.2769894,-0.395104,0.057483945,0.67200035
timeline,-0.09189958,-0.17657557,-0.24683987,0.10438007,0.4468385
concern,-0.21416667,-0.13631317,-0.3282215,-0.009262398,0.6656333
direksi,-0.17934728,-0.3643054,-0.39735097,0.22353312,0.5503399
ilmu,-0.2907029,-0.20664443,-0.42085493,-0.03947572,0.6566368
banjarmasin,-0.4238375,-0.19375867,-0.28106964,0.093899764,0.73292416
trisakti,-0.3214357,-0.28022718,-0.1107981,0.279939,0.7959935
vts,-0.18786342,-0.2505003,-0.4118111,0.17331038,0.6581011
service,-0.21691062,-0.26779363,-0.31433636,0.2168579,0.48073995
notice,-0.59169364,-0.42146206,-0.12240648,0.29932788,0.49086982
profit,-0.4148926,-0.21013613,-0.32678315,0.28569406,0.49308303
asam,-0.2137818,-0.16916153,-0.4128783,0.115465716,0.6912933
bukit,-0.19753848,-0.17786837,-0.19498284,-0.09059951,0.73873186
perta,-0.40686366,-0.23996158,-0.27795175,0.08489513,0.5649035
geopolitik,-0.20969658,-0.24153876,-0.41512167,0.028341899,0.7239408
lanskap,-0.33966085,-0.35533503,-0.18973224,0.1742601,0.5321338
cave,-0.2036425,-0.3237143,-0.4030799,0.06300222,0.73395133
wenas,-0.5254667,-0.50415057,-0.18715294,0.17290492,0.46506122
ikutin,-0.33473808,-0.3900629,-0.3237282,0.04211995,0.6177453
abet,-0.3008068,-0.09790892,-0.42339617,0.15716091,0.62371826
wellfarm,-0.2862336,-0.24105136,-0.076232366,0.340574,0.7028823
number,-0.4591435,-0.46308205,-0.12196138,0.35751167,0.49891347
golden,-0.48845237,-0.18070564,-0.16662101,0.3046005,0.5442536
pelikan,-0.2213218,-0.12160151,-0.4455721,0.023143256,0.60523295
nutri,-0.5187624,-0.36837974,-0.18285607,0.06729295,0.48711357
fs,-0.5225665,-0.20403144,-0.190191,0.25597626,0.6139205
rasvit,-0.32771227,-0.1983938,-0.41773012,0.09945784,0.47130027
ayam,-0.49864706,-0.047127333,-0.37908965,0.12439594,0.45119694
pulen,-0.57559973,-0.15262309,-0.39142224,0.068525136,0.6112857
maknyuss,-0.50116324,-0.069352396,-0.4064533,0.108114555,0.49558043
gohan,-0.50926805,-0.43535125,-0.2734593,0.0477986,0.3649968
hok-,-0.44032204,-0.34495065,-0.27296957,0.3586752,0.45183098
crystal,-0.32307035,-0.14677936,-0.42874318,0.2156437,0.5384035
setra,-0.3389408,-0.29848748,-0.22590497,0.009438097,0.5967051
cantik,-0.26203683,-0.3580831,-0.19508834,0.29832134,0.5334873
aaa,-0.4230289,-0.08927758,-0.36979318,0.031894367,0.39230403
cupang,-0.23195083,-0.15007062,-0.29655397,0.23072968,0.5039801
whole,-0.5369306,-0.156803,-0.13807607,-0.038940232,0.4416646
vitamin,-0.2797813,-0.43428975,-0.08930642,0.4706781,0.5348875
padahal,-0.44481647,-0.1836687,-0.25316274,0.2313512,0.503294
lo,-0.23335068,-0.09370681,-0.48088598,0.28424558,0.6055302
ngelamun,-0.41463158,-0.22530024,-0.25396085,0.2659478,0.56609356
renung,-0.46774825,-0.18733412,-0.1801764,0.22346738,0.5426694
groundbreaking,-0.47619724,-0.27661473,-0.29428786,0.13345705,0.43681076
februari,-0.52271515,-0.29276916,-0.19850406,0.19137919,0.6290021
mandek,-0.23070513,-0.20002821,-0.21200757,0.19026424,0.6952745
masela,-0.35165417,-0.18006945,-0.24685527,0.23949519,0.6721188
mangkraknya,-0.36941418,-0.14851823,-0.5099418,0.13276196,0.64837605
k l,-0.27930126,-0.28313622,-0.27496332,0.121356875,0.60602576
prediktabilitas,-0.36279917,-0.18911888,-0.35850212,0.049495555,0.7470914
prudent,-0.21089566,-0.35344946,-0.1278927,-0.109813675,0.8111407
yaman,-0.45828405,-0.17156793,-0.16690147,0.17179647,0.6056187
iran,-0.25388646,-0.39011163,-0.4129154,0.09214198,0.5792076
milisi,-0.3148713,-0.36783558,-0.28832006,-0.012697001,0.48876247
wright,-0.19500516,-0.15021762,-0.20375046,0.0908428,0.68142265
eskalasi,-0.34908825,-0.45241174,-0.22113593,0.27093464,0.6409807
brent,-0.30324006,-0.3327728,-0.066745855,0.38458875,0.7114058
cnbc,-0.21744056,-0.29752457,-0.12672296,0.093356796,0.66793436
drone,-0.45967838,-0.31426632,-0.466688,0.0071233814,0.50161827
departemen,-0.2834468,-0.39259103,-0.11915484,-0.0056505455,0.71624506
gin,-0.30511332,-0.2841284,-0.3822059,0.212769,0.592035
jakarta-bandung,-0.50935364,-0.37188658,-0.29709634,0.2934838,0.41284773
kek,-0.38419285,-0.25722504,-0.43858883,0.04440275,0.41210714
persepsi,-0.32261774,-0.2400837,-0.3344711,0.03611169,0.6139699
ma ruf,-0.23599531,-0.3752742,-0.397726,-0.055080246,0.6470852
ang ang,-0.08994517,-0.26966655,-0.24885148,0.056932576,0.19673824
niagaboga,-0.24248435,-0.13021597,-0.45819125,-0.02462095,0.56700706
macrosentra,-0.35178548,-0.19863465,-0.42468053,0.033069614,0.5646545
iklan,-0.5317357,-0.4501941,-0.32266846,0.20315015,0.41083586
klbf,-0.58518636,-0.05829977,-0.13911983,0.2906642,0.6418353
bahaya,-0.24712026,-0.26265883,-0.3499926,0.07059175,0.54668856
jembatan,-0.22790422,-0.19953002,-0.2564983,-0.07570183,0.65875024
bhs,-0.17000698,-0.2056808,-0.26194298,0.016717928,0.703002
selidik,-0.32320818,-0.30276567,-0.2862627,-0.015463981,0.7302437
pns,-0.32071465,-0.365002,-0.21485202,0.006737093,0.6204744
nya,-0.25823027,-0.446683,-0.23542506,0.2633809,0.60212445
plat,-0.41836035,-0.1916128,-0.30505538,0.17723908,0.61423755
ex,-0.4652099,-0.41257858,-0.43543094,-0.054099888,0.46933568
buyback,-0.52136046,-0.18860067,-0.03672468,0.15975305,0.52621335
rentang,-0.22506595,-0.21773885,-0.20414777,0.46235746,0.54153705
jpy,-0.33574775,-0.19077614,-0.3008133,0.07434415,0.62886745
aud,-0.15932786,-0.21611385,-0.40411127,0.20474721,0.66894966
gbp,-0.2316745,-0.21905741,-0.18712206,0.11090841,0.6276542
tipis,-0.34688708,-0.3246748,-0.1234684,0.3722723,0.4199836
camat,-0.486898,-0.13692896,-0.15165266,0.31551158,0.46903464
siak,-0.2586727,-0.1335645,-0.13659582,0.2659272,0.6569271
mellifera,-0.30846444,-0.35537055,-0.34569356,0.26667482,0.5643721
apis,-0.45210734,-0.23162879,-0.31923342,0.036158707,0.47258705
tv,-0.32011905,-0.32711157,-0.2959577,0.17466797,0.7235222
understanding,-0.43649554,-0.3769204,-0.27056608,0.07451791,0.6903094
memorandum,-0.19268084,-0.23589619,-0.48457947,-0.015141984,0.5496586
tp-link,-0.26818177,-0.17628102,-0.36729953,0.28234497,0.47753823
technology,-0.2595375,-0.4394293,-0.14327048,0.11064126,0.3859005
loan,-0.31349227,-0.2179057,-0.29828748,0.39118755,0.5369081
unsustain,-0.18461229,-0.32015154,-0.17950156,0.24190244,0.5795759
terampil,-0.26912695,-0.3225555,-0.1869773,-0.0919747,0.4816124
finansial,-0.21570541,-0.2151365,-0.24058561,0.08412531,0.7511935
iur,-0.49780127,-0.26794893,-0.16391614,0.059159484,0.57071245
taspen,-0.40553695,-0.1967066,-0.16188645,0.105503656,0.5747576
situs,-0.14502734,-0.28304785,-0.3262505,0.22176039,0.5066144
umur,-0.11578321,-0.3188403,-0.40744242,0.08214225,0.50926477
lowong,-0.21214251,-0.21726356,-0.26951215,0.0649322,0.56649595
darmawansyah,-0.3500637,-0.1465993,-0.20431812,0.20713025,0.43298703
rekrutmen,-0.44480422,-0.30604857,-0.17888753,0.2733131,0.618173
batch,-0.42421347,-0.3795717,-0.20794488,-0.020428373,0.56695634
kemnaker,-0.35194665,-0.07564501,-0.20863038,0.21925417,0.48052973
sulsel,-0.19988294,-0.26778105,-0.26150155,0.092868365,0.5644257
mihan,-0.19415279,-0.31298223,-0.45149603,0.097210556,0.47305986
klien,-0.32080376,-0.43736938,-0.3975543,0.023978379,0.51109433
apartemen,-0.4495621,-0.29786313,-0.37820452,-0.038093362,0.5099554
lansia,-0.42062673,-0.42633694,-0.17239481,-0.04044944,0.57923716
fei,-0.27360004,-0.15086693,-0.31243178,0.17541374,0.6717555
zhejiang,-0.2611882,-0.38866076,-0.2257842,0.16268975,0.4645833
malas,-0.20515564,-0.040099163,-0.36079532,-0.1346007,0.6455085
tren,-0.30448523,-0.46753228,-0.17323078,0.16534436,0.47956204
jelma,-0.37036866,-0.21348795,-0.44177392,0.0454916,0.51143944
konteks,-0.45855477,-0.14208151,-0.43887824,0.27294025,0.36097956
sense,-0.32498544,-0.40074146,-0.29901788,0.1408292,0.37419045
golong,-0.23170426,-0.13179438,-0.23502135,0.057084844,0.67603064
sekretariat,-0.3981943,-0.36635038,-0.23004346,0.10345506,0.3484335
youtube,-0.21950364,-0.15914337,-0.14618592,0.16724797,0.57694525
kalo,-0.16134042,-0.39680997,-0.37282246,0.2649718,0.45088786
bincang,-0.10179219,-0.33162794,-0.29744306,0.2985891,0.49371958
bumd,-0.08762176,-0.39561194,-0.3362212,0.21232116,0.59391433
konsekuensi,-0.1579489,-0.16764027,-0.2569677,0.11450366,0.5007469
meminimalisir,-0.14195234,-0.23035362,-0.43698654,0.22589992,0.46641496
kahar force,-0.3327162,-0.2551227,-0.13544309,0.07469319,0.5377082
memberitahukan,-0.40494052,-0.28463164,-0.38349992,0.08788743,0.6037893
agreement,-0.38289165,-0.13176854,-0.14840001,-0.040746015,0.61614865
coal,-0.3312735,-0.34983325,-0.19117083,0.06883072,0.4648345
fsp,-0.24257942,-0.3372932,-0.27189535,0.11029687,0.5461953
sakti,-0.3837335,-0.276781,-0.41285434,0.039128996,0.4805473
tj,-0.2190919,-0.3113135,-0.41311005,0.08423173,0.4849111
tanur,-0.47556013,-0.24326481,-0.4061093,0.055877678,0.4677484
ta,-0.26548904,-0.22487655,-0.19863035,-0.015933137,0.6857559
tiwa,-0.41688254,-0.3092997,-0.2068896,0.016616555,0.40794608
kelar,-0.24388605,-0.17776528,-0.28528708,-0.020657554,0.56464106
akan,-0.37252313,-0.16619825,-0.20113267,0.19640061,0.6443818
elpiji,-0.32920632,-0.33460414,-0.16568387,0.28815994,0.26147327
bongkar,-0.2916375,-0.2807816,-0.29543242,0.23299634,0.5284984
akomodasi,-0.31248572,-0.120475665,-0.30445588,-0.054958012,0.7147391
yurisprudensi,-0.40733078,-0.17033873,-0.18221326,0.14187023,0.34732112
sal,-0.21964389,-0.21865343,-0.39775047,0.2699967,0.76289433
investment,-0.35081613,-0.43212184,-0.33985,0.12715554,0.54996455
bungkam,-0.39994788,-0.3071245,-0.45291972,0.19606191,0.6100574
happy,-0.32914326,-0.38837612,-0.19472212,0.1589303,0.6445077
demo,-0.41342705,-0.3844186,-0.35732985,-0.045001887,0.72343254
kaum,-0.39029288,-0.18047899,-0.12021574,0.3046325,0.50324
ketenagakerjaan,-0.28825098,-0.23196234,-0.3955362,0.23517758,0.5627464
ruu,-0.41139948,-0.24331068,-0.1695853,-0.052808095,0.6499776
umk,-0.21962932,-0.07709206,-0.16392764,0.10647078,0.60455436
ricuh,-0.3512988,-0.36009368,-0.3380606,0.21631779,0.5645198
iqbal,-0.46503845,-0.120042056,-0.096356034,0.066681646,0.50268245
konfederasi,-0.07733485,-0.32944193,-0.25924113,-0.086097196,0.2594708
kondusif,-0.38209248,-0.38151926,-0.18592966,0.2741709,0.76629454
patra,-0.3432971,-0.21890624,-0.2922391,0.36612257,0.5348834
lesu,-0.19850345,-0.4130562,-0.32334706,0.06790864,0.7033012
ytd,-0.4030684,-0.40000385,-0.17868765,0.35846794,0.59741193
konservatif,-0.35426632,-0.22894102,-0.40829155,0.13248067,0.762933
asset,-0.4525014,-0.105025604,-0.19949242,0.12669747,0.69798297
timbun,-0.37251577,-0.29553154,-0.42241776,0.14377278,0.52740926
pertamax,-0.5773947,-0.4238409,-0.20760313,0.13615768,0.61720264
non-subsidi,-0.39773834,-0.19036344,-0.3953203,-0.004935039,0.45619294
bentang,-0.4246529,-0.34227663,-0.14631511,0.36992496,0.60312104
share,-0.5023066,-0.39372274,-0.28152624,0.14720462,0.7306476
garap,-0.30900687,-0.28847528,-0.30206802,0.15827559,0.66184545
effect,-0.5010909,-0.31368843,-0.25751865,0.15179186,0.68374807
multiplier,-0.36150882,-0.3287578,-0.42372543,0.13958362,0.69587004
arifin,-0.4441942,-0.50605285,-0.39012566,0.017676346,0.58814913
upstream,-0.45610577,-0.3214464,-0.14694962,-0.042846277,0.8427201
subholding,-0.48980376,-0.2938544,-0.20890974,0.33255047,0.5977122
sunaryanto,-0.23754703,-0.56339324,-0.22669047,0.21649538,0.6828145
jika,-0.40623087,-0.50476784,-0.2204156,0.2161209,0.801966
chain,-0.24839495,-0.19036984,-0.16981952,0.06892962,0.7753791
muraza,-0.48813564,-0.21247366,-0.27391642,0.09982391,0.7823082
cadang,-0.38164654,-0.21233341,-0.25345883,0.032558076,0.78340364
pionir,-0.50456876,-0.21180834,-0.43309215,0.005660344,0.5148974
bumi,-0.523504,-0.3955524,-0.15826009,0.34215745,0.6462492
appraisal,-0.5081239,-0.16823737,-0.25312862,0.09611583,0.8190548
north,-0.38297793,-0.34912783,-0.21638128,0.12764159,0.63857603
kelok,-0.29899436,-0.15595588,-0.37792316,-0.007777483,0.6060974
gulamo,-0.27746534,-0.12407861,-0.39747533,0.2232453,0.6612038
phe,-0.30533114,-0.28668794,-0.18446104,0.17642371,0.70521605
discovery,-0.35552487,-0.20029928,-0.386732,0.2309264,0.6342721
mock,-0.35614285,-0.29249683,-0.18288742,0.03316215,0.69014543
optimis,-0.31697705,-0.1666855,-0.19207509,0.09943265,0.47660136
shanghai,-0.29103172,-0.43099046,-0.38195094,0.2725813,0.5765034
index,-0.35568136,-0.23638526,-0.44502723,0.28276995,0.7557141
turnover,-0.35868293,-0.29102468,-0.15386906,0.3448071,0.5650747
senyum,-0.45709792,-0.28205726,-0.33353126,0.076008886,0.6484233
lompat,-0.16494572,-0.34785032,-0.40844426,-0.01129194,0.89430916
simpang,-0.23568359,-0.32019162,-0.3062874,0.23223878,0.75132823
rasio,-0.32194394,-0.32560143,-0.25144032,0.25751874,0.6863238
aspirasi,-0.3897483,-0.16477445,-0.37478542,0.24525517,0.6633605
kerangka,-0.2871071,-0.2673215,-0.46356714,0.23648752,0.53877014
pisah,-0.5051045,-0.24015754,-0.14559382,0.1881213,0.6511509
properti,-0.31329584,-0.40349725,-0.23982608,0.29518843,0.64994854
desentralisasi,-0.2457022,-0.16601762,-0.19637503,0.21708262,0.7712064
governance,-0.32376307,-0.15529269,-0.24318697,0.249606,0.75511557
modernisasi,-0.12864767,-0.27110142,-0.17533572,0.33758733,0.60540116
limut,-0.5035779,-0.11758531,-0.23309872,0.13904263,0.6573677
afirmasi,-0.48258713,-0.18713368,-0.3536063,0.0075605516,0.78913605
pendayagunaan,-0.24668905,-0.276299,-0.28958535,0.025742248,0.67777413
panrb,-0.38726544,-0.21780343,-0.29838336,-0.0016281831,0.65092343
purabaya,-0.32735765,-0.27118906,-0.3670577,0.23627906,0.5731812
payah,-0.23255554,-0.26587144,-0.4525521,0.2100338,0.74475646
conference,-0.47752336,-0.17422184,-0.16606508,0.35789642,0.7003439
tax,-0.32805282,-0.1274447,-0.15717801,0.1425751,0.7872709
tar,-0.47732237,-0.15724358,-0.0888163,0.10863543,0.70019585
gnm,-0.2360594,-0.45226243,-0.22769512,0.26546642,0.7023349
skm,-0.52539927,-0.18229243,-0.19758092,0.00093634694,0.69850177
arn,-0.28939193,-0.1239,-0.51128083,0.29987028,0.60469174
arp,-0.4548765,-0.324664,-0.21484013,0.33745784,0.5100521
ptk,-0.2107036,-0.21637814,-0.42075208,0.23104802,0.68961054
imc,-0.5204479,-0.42158625,-0.4905268,0.18382207,0.38086528
mky,-0.16137096,-0.38169357,-0.42144212,0.041875143,0.593963
plk,-0.21471341,-0.33006236,-0.31935865,0.26280305,0.6714361
wjk,-0.4790495,-0.15203829,-0.17285624,0.21269119,0.58005846
tkr,-0.45795125,-0.13737741,-0.1981494,0.16748767,0.66603315
dtr,-0.41200107,-0.18062167,-0.45722374,0.31957284,0.5592999
gnb,-0.32724747,-0.35308197,-0.29285616,-0.04501767,0.65697235
pbk,-0.27850902,-0.29029158,-0.14866787,0.2852952,0.4530001
iak,-0.4949416,-0.30920008,-0.4538297,0.17031807,0.4802901
ihj,-0.34658355,-0.421505,-0.139405,0.3378239,0.60711163
imr,-0.5322927,-0.33747452,-0.21778083,0.21128272,0.45340014
brv,-0.26885116,-0.116766684,-0.31128594,0.12954399,0.61716014
hok,-0.5316804,-0.23535421,-0.44300157,-0.026704,0.53141546
tkl,-0.32002422,-0.029062813,-0.2574333,0.32849318,0.6200519
imf,-0.43897343,-0.115250126,-0.30509445,0.20075664,0.5066661
tks,-0.46415758,-0.23878378,-0.3779806,0.19272825,0.43297875
sni,-0.38877994,-0.234452,-0.24246465,0.36186567,0.9088826
rujuk,-0.18388614,-0.4629997,-0.2495993,0.00082769897,0.5404552
hiariej,-0.46995547,-0.26739502,-0.42770708,0.18125516,0.50788826
spesifikasi,-0.30309966,-0.23928377,-0.43039685,-0.002050897,0.84850246
jujur,-0.23199417,-0.3330931,-0.11334676,0.046952195,0.80885816
kredibel,-0.4670867,-0.2361885,-0.4858895,-0.0055792145,0.6268658
lab,-0.43407497,-0.27687657,-0.32663792,0.021526381,0.80754024
abal-abal,-0.19253162,-0.10442769,-0.44754416,0.17933217,0.7020545
merk,-0.37046662,-0.3135195,-0.22229475,0.18228659,0.66994625
okkpd,-0.1767729,-0.14239791,-0.37831065,0.053378653,0.6819461
inspektur,-0.44197115,-0.14220053,-0.35653654,0.021477597,0.6089948
ditindaklanjuti,-0.41579655,-0.23017797,-0.33388433,0.26724136,0.6646003
giur,-0.53102785,-0.14061396,-0.2687912,0.14348984,0.5929775
truk,-0.36876237,-0.44773456,-0.10025594,0.035592373,0.4969684
limpah,-0.37458575,-0.2613945,-0.427542,0.11363096,0.62901795
direplikasi,-0.505926,-0.23582038,-0.18839128,0.19752598,0.70983845
komersialisasi,-0.22897103,-0.36216494,-0.35251415,0.00076201814,0.7649474
test,-0.58006805,-0.24748264,-0.26183906,0.042877864,0.7006045
andriyuda,-0.38328218,-0.4004872,-0.2730305,-0.01889134,0.79591477
oksida,-0.4817695,-0.32645,-0.25472215,0.054329384,0.6662429
engine,-0.124015816,-0.3183043,-0.4535147,0.018100167,0.7873986
auxiliary,-0.2928852,-0.22930025,-0.4481232,0.25167316,0.666354
genset,-0.25020576,-0.14901358,-0.41450518,0.2641752,0.6352042
hours,-0.284648,-0.19944118,-0.4503203,0.21741317,0.5681578
running,-0.4132348,-0.42851964,-0.41364583,0.29368222,0.58099353
port,-0.40549853,-0.31472528,-0.18068726,0.17255777,0.606909
green,-0.22164811,-0.27345967,-0.15676795,0.2651346,0.6386525
tenggang,-0.5667403,-0.38475108,-0.28418693,0.14210212,0.5735029
grade,-0.41740805,-0.3979181,-0.4124758,0.2746125,0.4322135
scp,-0.24743201,-0.31760955,-0.22429162,0.06820181,0.71460545
profile,-0.36377984,-0.13565598,-0.49782634,0.28671706,0.4788426
credit,-0.3971074,-0.40506667,-0.11603641,0.19641598,0.69445175
standalone,-0.345625,-0.3959449,-0.36340836,0.18107285,0.43044195
volatilitas,-0.1617271,-0.13357717,-0.2653776,0.1218956,0.74713486
outlook,-0.23220785,-0.41309252,-0.28888825,0.2578189,0.6306718
idn,-0.3732717,-0.1582638,-0.3113583,0.065798685,0.59531224
c,-0.26761112,-0.109058544,-0.43036202,0.035672028,0.5757869
kepelabuhanan,-0.27343374,-0.3711166,-0.26485112,-0.053484038,0.5906854
bensin,-0.20963612,-0.29702333,-0.18282855,0.04914953,0.6063723
energy,-0.19334298,-0.092835315,-0.13451667,0.11325428,0.7289453
banten,-0.37133005,-0.19966385,-0.18454427,0.15169245,0.58358896
alkali,-0.14792472,-0.28346822,-0.323105,0.20592517,0.7784975
kode,-0.5132069,-0.069954045,-0.29637596,-0.0062948638,0.42480123
sontana,-0.35908568,-0.20236951,-0.23795079,0.06960818,0.61224556
rizal,-0.42356604,-0.33601227,-0.20373954,0.26798332,0.43075606
erw,-0.27363175,-0.30187798,-0.29842275,0.25914267,0.5151803
ptun,-0.1765279,-0.22489499,-0.3771829,0.25039744,0.59989953
gugat,-0.33609763,-0.18953678,-0.39148495,0.10906216,0.5880768
suap,-0.23623858,-0.3625457,-0.20657891,0.10677258,0.7310136
kronologi,-0.43052903,-0.18937036,-0.46261317,0.26851103,0.42784238
kooperatif,-0.14446865,-0.1396515,-0.28971455,0.33518657,0.7799553
perseoran,-0.41701052,-0.14385232,-0.29664272,0.24597353,0.7068962
dan atau,-0.23257758,-0.35679534,-0.48014018,0.03619452,0.61844486
berantas,-0.16998199,-0.2340196,-0.36404586,0.14321242,0.5074288
hal hns,-0.1890755,-0.17408727,-0.085537,-0.11517768,0.58216965
makasih,-0.43744025,-0.2306734,-0.2993654,0.19782454,0.47683504
hrp hns,-0.31160936,-0.15497541,-0.13663669,0.065625474,0.16199651
revitalisasi,-0.45733702,-0.27768475,-0.42088217,0.14127105,0.42329368
stunting,-0.26482755,-0.37463713,-0.20586933,0.2654853,0.52416414
sanitasi,-0.43274704,-0.39263475,-0.26843023,-0.03428803,0.56238204
climate,-0.1873713,-0.047973726,-0.11389484,0.2276184,0.5521975
sedang,-0.4719419,-0.336765,-0.22973606,0.20772006,0.57475406
nali,-0.32710132,-0.32581195,-0.34579295,0.076943286,0.38935724
slide,-0.51843995,-0.2700504,-0.06380746,0.06563943,0.5769066
haornas,-0.403714,-0.39337286,-0.3748985,0.13689665,0.5983263
secretary,-0.32654947,-0.1824551,-0.22180085,0.01106119,0.46357504
letjen,-0.28351948,-0.41072744,-0.24255665,0.09299703,0.60663563
pbti,-0.39472938,-0.082509175,-0.19986302,0.009986183,0.48292848
muka,-0.1983274,-0.35177144,-0.24316166,0.22015584,0.6158758
setting,-0.43102053,-0.30357584,-0.2883181,0.048019756,0.5515571
konsentrasi,-0.4964499,-0.2134298,-0.16633828,0.24019973,0.5268462
lawyer,-0.17534989,-0.26334232,-0.29881227,0.1807952,0.3850946
militer,-0.43582973,-0.07559861,-0.33114627,0.051394876,0.4637385
marsda,-0.26601905,-0.26397908,-0.045828104,0.26000452,0.6966725
ran ran,-0.14176568,0.05018091,-0.1272205,0.11876464,0.3880513
adik,-0.2461075,-0.50837255,-0.18876663,0.25556853,0.6863725
sanjaya,-0.28101948,-0.17878106,-0.3496568,0.06759706,0.44683915
mensesneg,-0.39118323,-0.37241504,-0.21902983,-0.0013273213,0.40627533
evakuasi,-0.32501516,-0.133399,-0.3457261,0.17611703,0.6191187
luka,-0.29248527,-0.4479138,-0.18959053,-0.009991089,0.42310205
tau,-0.30701563,-0.14877562,-0.3445485,0.2108182,0.6035201
kosong,-0.12507273,-0.3179798,-0.3776309,0.061791636,0.5497346
derajat,-0.43781134,-0.1809863,-0.32743156,0.22620484,0.45666355
ngomong,-0.30582607,-0.2751114,-0.088712916,0.11217599,0.5386309
ayu,-0.29703763,-0.09192693,-0.2941036,0.09822937,0.5981443
wardani,-0.13732508,-0.23330234,-0.32309377,0.08828689,0.48042074
dewi,-0.25819436,-0.20769942,-0.19306335,-0.09114356,0.535793
leonardo,-0.24074867,-0.17666496,-0.38480604,0.29578334,0.31662947
veddriq,-0.43247572,-0.17271733,-0.13586153,0.32087135,0.4692226
wahid,-0.31416637,-0.33975458,-0.28605315,0.14806561,0.53757364
rolly,-0.21225373,-0.32170087,-0.27760598,0.21781462,0.5720452
fikri,-0.28967863,-0.4056473,-0.32766658,0.13507631,0.43615618
shohibul,-0.24525253,-0.1529437,-0.1947307,0.11544137,0.40792656
gudang,-0.22488274,-0.17018706,-0.3425443,0.2496932,0.6941286
alfian,-0.25551996,-0.3525453,-0.38170436,0.20835258,0.4425724
noc,-0.46797076,-0.44281578,-0.085286,0.0969432,0.49746582
hindar,-0.37084237,-0.36685866,-0.19742061,0.227205,0.5692386
mcy pur,-0.27379885,-0.003698314,-0.11696373,0.231016,0.22458668
multi-event,-0.4937971,-0.19542356,-0.2813458,0.24854799,0.6260985
peta,-0.44104207,-0.2547603,-0.32876122,0.11287694,0.41098556
championships,-0.30154765,-0.26423353,-0.22958721,0.18315163,0.5506423
plan,-0.4189728,-0.14395012,-0.4111603,-0.021582149,0.5823126
imbau,-0.47141793,-0.17819102,-0.41307545,-0.034279093,0.7052656
lanud,-0.35405964,0.0071907206,-0.22015119,0.29745957,0.57423735
watimena,-0.4201193,-0.28901288,-0.21890402,0.25845218,0.33622754
tribowo,-0.39456925,-0.23815186,-0.3137638,0.025627123,0.25473297
minggit,-0.14713356,-0.10246394,-0.3621049,0.13647537,0.5154347
marsdya,-0.2792097,-0.07727895,-0.25443903,0.20834248,0.35425055
madya,-0.45156658,-0.16408889,-0.0875413,0.070715494,0.53059417
pangkoopsudnas,-0.41004777,-0.24033448,-0.10151915,0.20328821,0.32182103
trio,-0.19585784,-0.17692,-0.2882575,0.08193927,0.52549624
au,-0.15924144,-0.22510107,-0.39860672,-0.0362936,0.5730931
hayden,-0.35858977,-0.14155804,-0.54848015,0.06046108,0.55983555
da,-0.50861615,-0.3740976,-0.27301857,0.07581389,0.46535355
rampung,-0.42602414,-0.21675108,-0.30673593,0.11122069,0.55683565
sedikit,-0.3399808,-0.4896366,-0.20911545,0.2920371,0.49493736
jumlah,-0.1988298,-0.5601073,-0.32503328,0.24009211,0.54432285
cara,-0.4294288,-0.516493,-0.16461115,-0.06237716,0.5664022
visi,-0.4576285,-0.14555882,-0.16859947,0.30957186,0.69162613
sportivitas,-0.30930257,-0.367987,-0.43681422,0.29011282,0.5635074
jejaring,-0.38951564,-0.45511016,-0.3739803,0.17716359,0.64745855
anniversary,-0.35109952,-0.47158036,-0.4940728,0.34836927,0.6032378
th,-0.47275737,-0.41229662,-0.31480867,0.17012069,0.56779
cuan,-0.11085344,-0.1746089,-0.3446827,0.14722732,0.75012124
simpul,-0.29478285,-0.34070662,-0.38719872,0.23305055,0.59678155
night,-0.5387259,-0.30798855,-0.35373974,0.11269277,0.73282313
polytron,-0.34801847,-0.4408918,-0.6059278,0.11603734,0.6317125
madiun,-0.30463067,-0.2278671,-0.52935356,0.10204697,0.5973688
tasikmalaya,-0.41794083,-0.29365686,-0.3927471,0.11745198,0.52552474
garut,-0.53796005,-0.44546458,-0.2667178,0.012550062,0.6333227
sukabumi,-0.31227496,-0.2636697,-0.370395,0.07791584,0.7541778
karawang,-0.31568804,-0.37095723,-0.2686954,0.28629988,0.6720376
communications,-0.53638095,-0.44999722,-0.3916877,0.10472084,0.6124292
tempuh,-0.32968122,-0.3105883,-0.27500078,0.2629541,0.73924613
padang,-0.2809478,-0.3716842,-0.20163034,0.15802807,0.5836311
jingle,-0.57244813,-0.442553,-0.16254137,0.038247347,0.7587254
alun,-0.32177734,-0.35137844,-0.19545351,0.34873325,0.7762257
seni,-0.37089556,-0.41957557,-0.55279535,0.20948188,0.7119546
helmet,-0.44884625,-0.4181275,-0.25257707,0.07771199,0.6539245
painting,-0.30202997,-0.37029177,-0.4611771,-0.054934606,0.7110538
interaksi,-0.22603317,-0.3906807,-0.3690135,0.109979406,0.6649261
community,-0.4655958,-0.41730994,-0.23883599,0.089273065,0.7009637
meet-up,-0.28278956,-0.42040408,-0.46743566,0.18931676,0.46919715
captain,-0.40386307,-0.1436982,-0.31487533,0.14429781,0.6913476
mataram,-0.5077872,-0.3016812,-0.5601085,0.14958322,0.55279756
taman,-0.29060164,-0.4469726,-0.46514243,0.014872503,0.5792702
cross-genre,-0.5464621,-0.33709046,-0.23701504,0.23463765,0.73676544
format,-0.31139213,-0.12843335,-0.41025567,0.1353993,0.7642423
skutik,-0.5197335,-0.26215065,-0.20212492,0.0011422648,0.7302776
supermoto,-0.2929071,-0.33495104,-0.51243377,0.052379146,0.6220706
adventure,-0.4754013,-0.2543452,-0.37612104,0.049165588,0.74383104
galaxy,-0.26057968,-0.46592733,-0.50698197,0.36698905,0.5872235
samsung,-0.47679374,-0.17407925,-0.26928133,0.31480318,0.51078784
prize,-0.34995285,-0.18954837,-0.46826926,0.30878413,0.6520372
microsite,-0.5801288,-0.416826,-0.367616,0.16930944,0.6442282
lipat,-0.48162395,-0.28679666,-0.35793376,0.15582302,0.52050316
tombak,-0.298868,-0.348245,-0.2721679,0.058071084,0.54507965
leluasa,-0.5246177,-0.41706595,-0.3043613,0.077517934,0.45192233
prosper,-0.4381109,-0.12058259,-0.3177439,0.022993946,0.5450732
lester,-0.40651873,-0.34866014,-0.3156746,0.34317803,0.51700175
merangsek,-0.59336936,-0.20123024,-0.42949405,0.42793602,0.5323244
rubber,-0.27276188,-0.1433266,-0.34864536,0.22917035,0.63257116
anthony,-0.32514837,-0.26774243,-0.5267465,0.3058846,0.41859645
sheep,-0.520116,-0.3828775,-0.25791222,-0.0057590366,0.6016306
holvy,-0.37710336,-0.417697,-0.36448342,0.115028955,0.6608881
koordinator,-0.3575253,-0.17900655,-0.12695572,0.26758096,0.6698074
anu,-0.39016694,-0.34272757,-0.43222287,0.3445812,0.55953956
naga,-0.20840906,-0.22453585,-0.15009613,0.17378265,0.46754497
sikap,-0.43302846,-0.25533685,-0.3387557,0.10282347,0.6301628
enak,-0.31096804,-0.3655462,-0.23668243,0.16646223,0.5180073
kompeten,-0.37063015,-0.40656537,-0.26647457,0.24601032,0.7670555
menpora,-0.41830638,-0.3143172,-0.21990995,0.27090976,0.56379765
emosi,-0.25258446,-0.1633524,-0.49739042,0.11065319,0.67830473
rubah,-0.35562852,-0.34111634,-0.38578144,0.21933521,0.66617906
sentul,-0.508345,-0.2143003,-0.1143353,0.17668271,0.69160753
asyma,-0.41119286,-0.51735854,-0.19967209,0.057697546,0.32021987
south,-0.5715082,-0.11664309,-0.24162138,0.10319804,0.6921917
village,-0.42111084,-0.40657285,-0.1569791,0.24604364,0.45455113
round,-0.5090021,-0.11386742,-0.3950072,0.124554485,0.501463
santoso,-0.40992194,-0.2896693,-0.494262,0.17424084,0.5429854
bulus,-0.42263588,-0.30643776,-0.30553955,0.15708323,0.80375683
lebak,-0.34911603,-0.28925064,-0.46503675,0.33751553,0.5535415
benedict,-0.3937182,-0.36637458,-0.22038451,0.1322713,0.49697733
superbike,-0.6166656,-0.14469193,-0.44399676,0.11064131,0.6563957
penalti,-0.6193841,-0.25540656,-0.52661085,0.022838816,0.36414167
penalty,-0.63026255,-0.05547373,-0.5755923,0.32011634,0.44518778
tular,-0.27876964,-0.4866584,-0.4095004,-0.008127546,0.7116319
asmoro,-0.34201813,-0.32766896,-0.1356411,0.13417478,0.69257975
ibunda,-0.41696233,-0.35008293,-0.2666819,0.16044444,0.44868994
omasa,-0.5810284,-0.24401614,-0.36616924,0.31193933,0.5758601
ryo,-0.54752195,-0.3378053,-0.45098054,0.39719248,0.5113746
chu,-0.3685997,-0.22175257,-0.42171028,0.4024562,0.62245154
shouhong,-0.29907745,-0.2183332,-0.34421638,0.025031557,0.6543036
ling,-0.6039131,-0.26010254,-0.32969123,0.24817288,0.5858595
yongzhi,-0.5801585,-0.21843514,-0.27099898,0.19556262,0.68659335
hilmi,-0.20447391,-0.31398344,-0.3811843,0.31315252,0.48193306
antasyafi,-0.31594947,-0.1801976,-0.31119102,0.22682147,0.3671218
sensasi,-0.31957006,-0.5083512,-0.40498722,0.14306803,0.50515527
panggil,-0.41254935,-0.107836336,-0.44256765,0.09824491,0.53880286
komentar,-0.55047977,-0.2968681,-0.31829578,0.26918808,0.6177545
anda,-0.4259644,-0.23920041,-0.47422454,0.3931585,0.53664064
adp bay,-0.21026681,-0.3471162,-0.15414822,-0.033481687,0.29527086
besok,-0.5169703,-0.25033575,-0.5518895,0.107457414,0.5651694
adp pur,-0.1982997,0.0065489425,-0.20147304,0.120017156,0.3161126
khas,-0.42170724,-0.38762835,-0.5843414,0.14013259,0.4955538
biru,-0.49580202,-0.13606602,-0.33841142,0.19461565,0.53969175
corak,-0.31720945,-0.35024574,-0.13156873,0.14490585,0.6225113
gelincir,-0.4045804,-0.27821058,-0.60443145,0.2776057,0.37544465
waktu gap,-0.6278068,-0.26024336,-0.5807488,0.271518,0.23298216
intai,-0.48413542,-0.03453221,-0.49434367,0.2513518,0.4305598
motogp-nya,-0.3130481,-0.22578761,-0.33452573,0.18034549,0.59504944
maulana,-0.21048112,-0.12531957,-0.48699558,0.09638205,0.6070129
hobi,-0.4633673,-0.30760202,-0.22064407,0.07202503,0.8013274
sepeda,-0.2120454,-0.12403602,-0.49713913,0.102164015,0.44557482
runabout,-0.5646524,-0.33311093,-0.2714823,0.0021506296,0.38447484
amateur,-0.3450772,-0.08466225,-0.22587657,0.010178478,0.639116
curi,-0.31115034,-0.4115534,-0.1274042,0.12833485,0.7896553
prajurit,-0.52825886,-0.28471822,-0.4790352,0.3072155,0.5285949
isaac reece,-0.6261801,-0.3925314,-0.43992764,-0.015751494,0.38977036
becroft reece,-0.28669718,-0.15778151,-0.30798486,0.34939694,0.6832066
tumbang,-0.5474586,-0.18506007,-0.41093892,0.3277716,0.52134806
kompatriot,-0.5162456,-0.36961892,-0.19477415,0.30813453,0.55913436
kandas,-0.55837953,-0.10403467,-0.23381814,0.16196978,0.55563354
semata,-0.20804569,-0.30900797,-0.4960519,0.030645598,0.644862
kandidat,-0.23116727,-0.27280402,-0.2885127,0.13813394,0.555891
kristin,-0.4593733,-0.3045314,-0.17538084,0.27494922,0.5867836
maria,-0.25801566,-0.5252179,-0.20031713,0.038381312,0.5935378
postur,-0.19814521,-0.19198917,-0.22821137,0.088582054,0.6532651
skill,-0.28227693,-0.32075822,-0.37213528,0.10205069,0.6139758
hastomo,-0.55519205,-0.20582342,-0.4301773,0.37057334,0.48133132
reuters,-0.30967194,-0.27283174,-0.21314934,0.13163278,0.62644196
sangka,-0.56188834,-0.08140613,-0.27501744,0.27066416,0.4600815
ace,-0.56697375,-0.23849538,-0.42513767,0.2803904,0.56074846
kazakhstan,-0.47606486,-0.1432494,-0.4908877,0.30551997,0.43743026
australian,-0.27499825,-0.2666856,-0.33535632,0.08077285,0.35554087
deutsch,-0.16015875,-0.07463682,-0.3426006,0.06218696,0.41945255
reuters robert,-0.24873808,-0.34908488,-0.20899954,0.29439163,0.54532766
king,-0.29175448,-0.24991487,-0.32393605,0.23654838,0.4022612
jean,-0.46191344,-0.15974264,-0.40657857,0.31902874,0.40139654
billie,-0.3644927,-0.35271385,-0.37755617,0.3056842,0.4133242
usta,-0.17769276,-0.042787693,-0.42205662,0.0969669,0.5648115
rangkul,-0.3450099,-0.22070815,-0.27232787,0.20879467,0.6430736
adrenalin,-0.25788203,-0.20311232,-0.37032434,0.09554705,0.43210056
multigenre,-0.23867775,-0.42775875,-0.19664593,0.108945705,0.56356055
kotak,-0.16487657,-0.24304733,-0.28217894,0.14293893,0.4504912
motegi,-0.5410935,-0.37554294,-0.2794974,0.3034575,0.2989623
social,-0.4127346,-0.17366126,-0.1912183,0.24464856,0.5655371
gugur,-0.4895001,-0.35318056,-0.2720747,-0.051082358,0.37966934
derrick,-0.44598886,-0.08565241,-0.43864492,0.3705766,0.61146384
rios,-0.34224793,-0.117337294,-0.22465047,0.056276634,0.48325214
jesus,-0.42165524,-0.08582322,-0.5689961,0.1647962,0.45517203
guido,-0.44055688,-0.05103195,-0.35808277,0.29402545,0.60690653
o shea,-0.23565987,-0.32028097,-0.44666475,0.1579738,0.46024546
eddie,-0.27383277,-0.191588,-0.4530071,0.38477725,0.5482769
ogden,-0.40902147,-0.14654364,-0.16890901,0.22661288,0.44489527
scott,-0.3884455,-0.24476035,-0.19923401,0.33401603,0.5199352
yamanaka,-0.44287586,-0.19390485,-0.21192433,0.2554807,0.44826505
ryusei,-0.3993022,-0.015924187,-0.4006965,0.09037358,0.6480934
o gorman,-0.27223697,-0.15452808,-0.38836145,0.18139125,0.5033717
casey,-0.5690656,-0.19904931,-0.40033537,0.08107009,0.4933178
gonzalez,-0.15750052,-0.29003635,-0.11330028,0.1754869,0.6220614
cruces,-0.44327822,-0.051017005,-0.2854239,0.23678908,0.5176842
pamungkas,-0.5749489,-0.24348928,-0.4744548,0.26945654,0.30683863
fra,-0.3791369,0.034567785,-0.031470258,0.28483412,0.35672247
kuda,-0.27416256,-0.1920479,-0.35052836,0.13210654,0.44282565
kendur,-0.49514973,-0.32538477,-0.49359566,0.08595201,0.26076007
asocta,-0.5097373,-0.016890839,-0.56244224,0.17563961,0.28704506
kakak,-0.4599056,-0.1015015,-0.48943335,0.09102011,0.35872194
augusto,-0.55812967,-0.10185112,-0.37985197,0.3153262,0.54445016
lecuona,-0.36781004,-0.13509834,-0.33949673,0.35155186,0.5928346
iker,-0.6318265,0.07653036,-0.18647487,0.20899305,0.5527794
maverick,-0.46733826,-0.050414257,-0.27879956,0.24364497,0.59153634
dongkrak,-0.5317188,-0.19593634,-0.56247294,0.12944487,0.4477055
bay adp,-0.51254505,-0.2220759,-0.3972183,0.18796885,0.44863138
dns,-0.6460243,-0.27137902,-0.54968274,0.3336338,0.49646336
drama,-0.32288218,-0.3872457,-0.58077824,0.22481978,0.4720472
early,-0.4820466,-0.20651443,-0.51390624,0.19094184,0.5521771
tulang,-0.5113294,-0.35948244,-0.3527173,0.33445626,0.44137308
belanda,-0.66342956,-0.20202215,-0.52664393,0.30558258,0.602464
mm,-0.38638732,-0.285854,-0.4366779,0.07904615,0.4429585
badung,-0.5451541,-0.3014357,-0.27024844,0.10033957,0.5678287
skatepark,-0.39099956,-0.37640938,-0.25061485,0.13526195,0.59506965
amplitude,-0.46642944,-0.34207696,-0.3683896,-0.019664835,0.7043484
yuk,-0.5093451,-0.28504896,-0.40240705,0.34377939,0.40306625
haas,-0.6006274,-0.2640783,-0.5563306,0.16704121,0.5802153
tgr,-0.55382335,-0.21805441,-0.31323102,0.31248444,0.654325
esteban,-0.41220784,-0.1353421,-0.25515854,0.20820871,0.70476913
revolut,-0.47703904,-0.117294416,-0.56659955,0.38046238,0.66062695
audi,-0.45760334,-0.28352264,-0.3926492,0.39643073,0.58932847
bulls,-0.63651246,-0.051507413,-0.28378147,0.24451627,0.4837191
app,-0.40705925,-0.18960975,-0.28237763,0.44758174,0.58260643
alpine,-0.7401195,-0.027780674,-0.3072259,0.1531624,0.5812435
bwt,-0.7321898,-0.15934671,-0.36956057,0.35944122,0.510878
mastercard,-0.48972145,-0.16526218,-0.1830756,0.5693799,0.5988015
mclaren,-0.6818597,-0.031222235,-0.33676532,0.40926045,0.59044
oracle,-0.7362433,-0.22896944,-0.07845423,0.5864405,0.40730184
petronas,-0.5755661,-0.22461435,-0.095930934,0.47606793,0.58055776
amg,-0.49487165,-0.32009697,-0.3313065,0.16726069,0.5978153
mercedes,-0.6562428,-0.104624934,-0.08572106,0.23941936,0.59569716
hulkenberg,-0.39070624,-0.22076932,-0.41216695,0.14876759,0.56236815
nico,-0.39758092,-0.15723912,-0.47884524,0.33301786,0.71970654
lindblad,-0.72895926,-0.105728686,-0.43889242,0.22246064,0.64317876
piastri,-0.63012046,-0.024487777,-0.43318272,0.2697553,0.6397156
oscar,-0.49720335,0.019494854,-0.35111034,0.4240818,0.7819216
colapinto,-0.49814087,-0.08545629,-0.29304615,0.5990225,0.49483982
lawson,-0.64283,0.029111698,-0.31360066,0.42903727,0.57711536
liam,-0.6828788,-0.017576078,-0.24861538,0.53473943,0.60909796
russell,-0.5992535,-0.087164104,-0.4634631,0.22070146,0.666211
george,-0.4420455,-0.38086727,-0.3911742,0.23274219,0.50402087
berkah,-0.4040134,-0.3254086,-0.49758142,0.33575454,0.64036894
charles,-0.6278645,-0.09372425,-0.32904506,0.20137472,0.47618246
pit,-0.39595255,-0.23041983,-0.44876584,0.30185276,0.812325
car,-0.556271,-0.40797955,-0.313055,0.37404048,0.5028427
rehat,-0.36825413,-0.5070871,-0.21430154,0.26040685,0.69912624
patah,-0.42381242,-0.30451545,-0.58523595,0.27160528,0.6456385
merespon,-0.31424272,-0.39742288,-0.5100769,0.14146194,0.52585375
senjata,-0.32894316,-0.3675894,-0.14293288,0.25376755,0.5864026
bendung,-0.30146965,-0.20237121,-0.25546595,0.18477042,0.6819702
harimurti,-0.40757355,-0.2709622,-0.33540383,0.20468973,0.7537968
arjuna,-0.35228553,-0.34615013,-0.056702252,0.33112073,0.53844243
cahaya,-0.61918753,-0.37977114,-0.2203462,0.29339483,0.49262047
balikpapan,-0.5726855,-0.21948972,-0.34641653,0.31220198,0.6480831
ade,-0.52767605,-0.29424497,-0.2069325,0.12268372,0.6674121
samarinda,-0.5200393,-0.38816318,-0.4065383,0.19414476,0.63748264
aprian,-0.44513103,-0.42482427,-0.2301664,0.24623053,0.6677639
aldi,-0.33084375,-0.18425028,-0.31531858,0.22773038,0.69077164
palembang,-0.54126984,-0.30778736,-0.29610077,0.22912434,0.48329806
altrec,-0.58141685,-0.30370915,-0.41801846,0.22791025,0.6866813
abdullah,-0.4706211,-0.3591892,-0.36640576,0.029224712,0.59507364
jogja,-0.60638773,-0.33501628,-0.18855499,0.49585104,0.6166687
gigih,-0.4244636,-0.25834805,-0.34146473,0.0779165,0.6234306
sigit,-0.29695457,-0.31937686,-0.39106494,0.12144648,0.6768993
rosimin,-0.43947324,-0.19273853,-0.09335932,0.03189135,0.6074533
asrama,-0.307414,-0.3506227,-0.16879687,0.032006238,0.7453118
sempurna,-0.69487095,-0.13196819,-0.5473764,0.019386504,0.62362313
guncang,-0.2608241,-0.3626043,-0.403462,0.0232805,0.80768514
retired,-0.62051296,-0.1552369,-0.4852871,0.25425166,0.5921024
atmosfer,-0.22163415,-0.5181807,-0.14147559,-0.04911777,0.75499386
taruh,-0.51262313,-0.103236794,-0.4949827,0.19996493,0.7445574
winner,-0.26311302,-0.49247548,-0.50776196,0.30271065,0.4639922
pukul,-0.32173133,-0.5147883,-0.14456862,0.24884643,0.7468751
reuters mike,-0.6037971,-0.429173,-0.3969657,0.04422985,0.45966405
puasa,-0.55859184,-0.32507217,-0.37942082,0.06794401,0.471424
rengkuh,-0.46092394,-0.38353917,-0.42246068,0.11607299,0.50289917
stadion,-0.4562627,-0.32763854,-0.17885746,0.18957031,0.63707405
cetus,-0.5854496,-0.24677067,-0.43368936,0.3730763,0.54497653
sendat,-0.5991845,-0.2405706,-0.5297706,0.29824272,0.5621168
sitter,-0.4716664,-0.18094286,-0.7145656,0.2866531,0.42584366
lena,-0.6627392,-0.2714481,-0.24364808,0.38401523,0.5844873
padat,-0.3810459,-0.3020333,-0.20909187,0.18224175,0.6155745
bengkak,-0.15083592,-0.29175395,-0.22562298,0.14970383,0.76965183
otot,-0.38635367,-0.40005288,-0.33336526,0.18744223,0.74608594
pump,-0.34788704,-0.4830882,-0.46291038,0.06137368,0.5332911
arm,-0.366581,-0.05641086,-0.5952976,0.116763376,0.6093374
in,-0.48095742,-0.2804423,-0.24200067,0.3460364,0.7300606
it,-0.34432897,-0.14718825,-0.2917407,0.3859708,0.6676785
dampar,-0.8120202,-0.09580102,-0.69985265,0.16093335,0.4393427
agraria,-0.29732758,-0.20547059,-0.2845014,0.0761613,0.8413267
juri,-0.33555114,-0.13680771,-0.38358754,0.016070405,0.8238945
christopher,-0.5196802,-0.3717879,-0.32990918,0.05172412,0.62145644
lacak,-0.32433358,-0.37154707,-0.5123484,-0.008574023,0.63210475
tidur,-0.26216835,-0.37712368,-0.4432758,0.20993936,0.6235801
setop,-0.4800095,-0.12291161,-0.38952604,0.042435978,0.57128215
hidayat,-0.48132205,-0.32816353,-0.40129793,0.011675396,0.69043505
asean,-0.4617708,-0.5878617,-0.4274889,-0.02430008,0.609842
letnan,-0.21020585,-0.47705942,-0.24255721,0.19262348,0.6161625
diplomasi,-0.28312382,-0.51740795,-0.2837091,0.17080446,0.6509139
streaming,-0.51781064,-0.38907975,-0.22230732,0.32399192,0.45914355
amanah,-0.35752928,-0.18284616,-0.33314672,0.13629036,0.69109166
kukuh,-0.24317044,-0.24672602,-0.34195155,0.20403907,0.4636423
spirit,-0.22234906,-0.39878353,-0.49044916,0.13322999,0.5978941
info,-0.27422956,-0.25426015,-0.39791843,0.06055119,0.56378776
otomotif,-0.43677315,-0.26749578,-0.4367486,0.040402908,0.66001153
konten,-0.33286926,-0.42493436,-0.4503062,0.032614425,0.52227217
voucher,-0.3670656,-0.19415228,-0.31061485,0.18318665,0.5527196
anam,-0.5103644,-0.113417804,-0.23149721,0.17484699,0.5934247
khoirul,-0.27444288,-0.14881787,-0.50029576,0.11349389,0.4495056
mayawati,-0.5448515,-0.2257785,-0.47293666,0.08576816,0.61395925
vita,-0.37576404,-0.18056348,-0.46653828,0.07952061,0.70177484
adalah,-0.42501497,-0.119937204,-0.34436977,0.2844318,0.5767012
insting,-0.37599224,-0.29063022,-0.29233813,0.1190097,0.549862
gemar,-0.3166117,-0.27274644,-0.47370884,0.26044965,0.4270048
factory,-0.44238132,-0.0924804,-0.07323417,0.38567784,0.5801109
ucap,-0.20170195,-0.36246264,-0.11025108,0.34343523,0.5368613
out,-0.275475,-0.17048874,-0.32220882,0.19157626,0.75409025
step,-0.5348565,-0.2948788,-0.22318569,0.35196427,0.5688205
small,-0.6424559,-0.45710626,-0.24047673,0.22172953,0.51376194
big,-0.56152743,-0.3754903,-0.3798767,0.018112056,0.6078708
skuadnya,-0.34196594,-0.47483048,-0.34279305,0.2328831,0.7498794
sartika,-0.14971472,-0.19616154,-0.44865838,0.3307688,0.7211383
thasya,-0.43330428,-0.32773763,-0.4537689,0.2846375,0.62181103
akar,-0.58920276,-0.4084413,-0.3545086,0.17576715,0.6428555
sungguh,-0.30903655,-0.41426617,-0.24509288,0.061794013,0.6586793
laman,-0.48319542,-0.17207433,-0.316255,0.28346348,0.5862187
tel,-0.42696676,-0.559469,-0.32674825,0.15200572,0.47986156
laju,-0.47643262,-0.4702051,-0.38150832,0.34631774,0.38558075
allessya,-0.27980983,-0.37541625,-0.30290842,0.21677941,0.5998638
ariantho,-0.37156448,-0.4833515,-0.27161092,0.13579886,0.5531154
antonius,-0.22029322,-0.48512086,-0.28205898,0.200928,0.4928683
terjun,-0.3495073,-0.36892664,-0.15413736,0.14855376,0.715696
kontinental,-0.3993472,-0.4204076,-0.23811118,0.34476602,0.6262761
paris,-0.5386076,-0.29396415,-0.20427932,0.077654585,0.44885334
la,-0.398796,-0.2575082,-0.4441164,0.1789966,0.46546295
karib,-0.42968783,-0.24609263,-0.21608661,0.19559816,0.5272161
usai,-0.39332432,-0.1717154,-0.4403642,0.07523344,0.7161278
sahut,-0.47366428,-0.40106013,-0.7143506,0.18990216,0.5746625
cecer,-0.4169144,-0.035684425,-0.6716392,0.2141897,0.4933367
gambas video,-0.20442815,-0.28535023,-0.22394456,0.21627983,0.41538632
league,-0.25282437,-0.3108877,-0.33605805,0.21143694,0.57907814
referensi,-0.24396978,-0.36453304,-0.4267392,0.24845064,0.7937223
misi,-0.20051162,-0.16748151,-0.2698676,0.251743,0.6612232
dokumentasi,-0.4921561,-0.23873213,-0.4583136,0.10741971,0.5720824
adhang,-0.3865808,-0.13859007,-0.2253715,0.1469582,0.75715715
delay,-0.469439,-0.28801444,-0.4507725,-0.00957503,0.50307584
gema,-0.3080827,-0.25908995,-0.1922289,0.096056715,0.7269736
suzuki,-0.44571546,-0.37608507,-0.49243498,0.017500304,0.47113806
feet,-0.38947007,-0.11653148,-0.43041006,0.046509553,0.7108873
acu,-0.4050506,-0.21216752,-0.26813936,0.116859786,0.631201
akurat,-0.5132136,-0.30076426,-0.41829136,0.2169708,0.64059186
rinci,-0.49624437,-0.31390467,-0.17033988,-0.04991032,0.6994684
sederhana,-0.43903962,-0.23540032,-0.11259249,0.17309742,0.7618951
paspor,-0.3130737,-0.41764882,-0.18929699,0.18765673,0.53268397
injourney,-0.51429206,-0.1988256,-0.23184824,0.26011938,0.43728185
revo,-0.46204495,-0.2691288,-0.22450608,0.37470892,0.5743748
hilux,-0.54363286,-0.37170044,-0.3488131,0.06611004,0.58020407
imi,-0.4690351,-0.36845043,-0.1845984,-0.039190304,0.45841366
ikat,-0.4646735,-0.22868659,-0.1670731,0.13384008,0.51525426
andri,-0.4354786,-0.13549809,-0.24272747,-0.06665834,0.69907635
unjung,-0.30080086,-0.2758568,-0.30624786,0.023741119,0.6732166
rombak,-0.14176339,-0.30504352,-0.17134497,-0.023995787,0.58489335
full,-0.34251088,-0.4107577,-0.22909282,0.12247107,0.6767493
e,-0.33140326,-0.37776068,-0.17269337,0.033128735,0.62837225
sarga,-0.2054226,-0.40480003,-0.25397015,0.0745937,0.5812808
pr,-0.29772833,-0.33160624,-0.2286791,0.04779457,0.6802023
kejurnas,-0.24448408,-0.51598984,-0.2253759,0.37247702,0.5198546
pagar,-0.2297823,-0.10202093,-0.41228032,0.18448004,0.6628323
dempo,-0.350703,-0.3735759,-0.29341418,0.05364195,0.6069711
gunung,-0.3864198,-0.34785745,-0.06891966,0.1821639,0.70562094
raker,-0.23134261,-0.10519443,-0.34965086,0.36466098,0.72479826
lantai,-0.47779,-0.24565741,-0.28325826,0.1514342,0.6152147
trail,-0.18946184,-0.40435916,-0.20180571,0.306166,0.50840586
tampung,-0.1889732,-0.31704995,-0.10690481,0.32477745,0.47930944
huni,-0.24545099,-0.43407252,-0.097488254,0.27555397,0.462351
materi,-0.498583,-0.33418798,-0.33588862,0.15702814,0.45911458
harum,-0.5375672,-0.4132658,-0.16899392,0.13863659,0.57372326
walikota,-0.41899702,-0.34927016,-0.26675403,0.10972635,0.4901096
kalian,-0.3309719,-0.19815433,-0.30158895,0.28571117,0.6641924
baguna,-0.29426634,-0.22743191,-0.084340334,0.071137235,0.70907855
lemhannas,-0.477427,-0.48290238,-0.18348722,0.33806515,0.4628353
lxii,-0.293834,-0.33275962,-0.39712876,0.18488403,0.5810115
ppra,-0.32287574,-0.31802422,-0.13407913,0.090647176,0.60900414
alumni,-0.41749328,-0.14073126,-0.364795,0.35295475,0.57943773
penasaran,-0.47051314,-0.3879654,-0.388283,0.11938267,0.48114118
tradisi,-0.29122633,-0.46554375,-0.262453,0.27451813,0.4134534
catur,-0.33981997,-0.32061175,-0.3337012,0.3315756,0.50650334
suka,-0.3580038,-0.34461886,-0.14884111,0.23620492,0.6586187
atlit,-0.113794126,-0.22080685,-0.4113491,0.066851184,0.54272544
brodjonegoro,-0.23764758,-0.13592973,-0.27378115,0.290849,0.58444625
soemantri,-0.3425889,-0.4072327,-0.28941846,0.08245572,0.46850252
gelanggang,-0.2721261,-0.20457986,-0.30774152,0.26666448,0.5890319
hall,-0.34018442,-0.20297869,-0.20962206,0.09707253,0.5449215
thamrin,-0.19465517,-0.37941566,-0.08822589,0.2806379,0.7333188
mh,-0.25485086,-0.38179454,-0.3805232,0.17569423,0.4940188
fraksi,-0.4316885,-0.1157105,-0.04230378,0.09531446,0.584933
comeback,-0.38446036,-0.24031675,-0.23107731,0.13117284,0.6656597
prancis,-0.6625387,-0.22670838,-0.23740509,0.35547104,0.44697097
desmosedici,-0.6010929,-0.19931649,-0.18603188,0.31197894,0.66478205
tunggang,-0.5145914,-0.10777502,-0.23988424,0.2090001,0.44730732
kampiun,-0.5341029,-0.1805596,-0.41397986,0.28595388,0.24702008
naung,-0.41828808,-0.35097826,-0.38851574,0.36931783,0.5699466
surakarta,-0.5254689,-0.29221013,-0.2508032,0.38222697,0.60270727
passing,-0.18262939,-0.3542112,-0.22275174,0.12617697,0.73108
football,-0.36261722,-0.082993954,-0.17678577,0.038271513,0.609629
pesepakbola,-0.23379032,-0.32469383,-0.3768027,0.2944376,0.579748
tempa,-0.34306252,-0.19573681,-0.2830416,0.05018051,0.54845154
complex,-0.47759983,-0.4212661,-0.17660895,0.26162967,0.40061387
mimika,-0.24978647,-0.35260952,-0.27094224,0.19967285,0.565193
up,-0.38962692,-0.30333462,-0.18158722,0.2960133,0.5077581
warta,-0.48053446,-0.46430257,-0.12522121,0.06554798,0.44612187
tempur,-0.39381886,-0.5317082,-0.14015438,0.21427993,0.4724584
dwipuji,-0.46344566,-0.46567667,-0.015004638,0.14124615,0.55333173
febriana,-0.4425448,-0.35424402,-0.17999728,0.04371841,0.49982864
adelaide,-0.21908069,-0.294898,-0.341939,0.27375263,0.63627696
menandatangani,-0.6238943,-0.3782524,-0.11038157,0.32253602,0.39965937
impi,-0.36599746,-0.22653659,-0.21225457,0.27834988,0.4566106
izan,-0.21899618,-0.35294133,-0.439721,0.36544552,0.27355367
pirelli,-0.20779629,-0.23380275,-0.3110096,-0.0046534697,0.6461779
premier,-0.44887647,-0.32065067,-0.3313269,0.019527745,0.5285403
line-up,-0.6799522,-0.22189392,-0.45478195,0.044193406,0.33522123
antusias,-0.31818578,-0.36255395,-0.39030427,0.00029696035,0.6397609
french,-0.4036806,-0.2863472,-0.23389946,0.102427915,0.7002078
chemistry,-0.22587961,-0.42306572,-0.27734143,0.22772837,0.5583071
tur,-0.56588215,-0.09010176,-0.12794186,0.020090416,0.47696075
fantastis,-0.23677753,-0.22076629,-0.4025219,-0.05833852,0.49322268
undi,-0.24148154,-0.2675893,-0.09743248,0.3421399,0.556185
sidoarjo,-0.40642092,-0.095493615,-0.26490882,0.39799607,0.7434863
tas,-0.45138013,-0.2943878,-0.16095576,0.2882848,0.5696268
tangga,-0.1990624,-0.2484374,-0.31866643,0.009768529,0.4688381
bag,-0.18633007,-0.18627779,-0.25439,0.30798844,0.4475951
goodie,-0.27276984,-0.29385558,-0.16295034,0.10323496,0.5952776
pulau,-0.2689057,-0.16723739,-0.1248058,0.28110796,0.5236146
marketing,-0.31756824,-0.21568832,-0.4094296,0.18214744,0.42608583
riah,-0.3240721,-0.43406433,-0.24428123,0.14780273,0.30037233
alfagift,-0.27875164,-0.38118705,-0.41929328,0.123590656,0.43431783
ekstra,-0.22345553,-0.5083952,-0.35203946,0.24240889,0.39013705
nih,-0.24022722,-0.26747385,-0.17856233,0.38601476,0.51451653
hajar,-0.3104776,-0.15553907,-0.43529916,0.1764781,0.58145547
england,-0.3593367,-0.4361102,-0.22098237,0.29709303,0.47074494
minder,-0.4034834,-0.12036217,-0.47344404,-0.018670496,0.4944816
rahayu,-0.075434774,-0.18331139,-0.38113618,0.08879624,0.63932925
mcy krs,-0.3293649,-0.16854733,-0.20918378,0.19428663,0.4484479
ambisi,-0.24732561,-0.42299664,-0.28055757,0.249521,0.49801415
nathaniel,-0.22965673,-0.19572361,-0.283419,-0.043308366,0.63978004
alberta,-0.18433438,-0.12863436,-0.3384377,0.059188128,0.4502382
protokol,-0.5196558,-0.40780535,-0.35858324,0.35983783,0.47392842
mencret,-0.3742887,-0.31137484,-0.3808652,0.297861,0.40644196
dq,-0.2567706,-0.14149718,-0.35670832,0.32147115,0.5159314
apes,-0.18840635,-0.42784277,-0.5189229,0.17673157,0.58710253
gymnasium,-0.48248047,-0.19589044,-0.032306224,0.10436961,0.6272659
camp,-0.2258497,-0.4711178,-0.13326204,0.17832118,0.34621078
kento,-0.2710603,-0.24677502,-0.07902627,0.24678639,0.47066054
sulang,-0.3781482,-0.26913494,-0.5079562,0.17610529,0.50268465
mars,-0.5684579,-0.19272818,-0.34522766,0.035933826,0.4074756
makhluk,-0.4615937,-0.19741845,-0.4511824,0.26640305,0.3955795
carlo,-0.5207146,-0.34080008,-0.35448784,0.06931182,0.47582805
amat,-0.3908993,-0.35997123,-0.44594392,0.1631963,0.35534418
dagongan,-0.23848033,-0.09739578,-0.31522945,0.17715764,0.64540386
egrang,-0.3565993,-0.23892014,-0.3179207,0.14247312,0.54494774
kadung,-0.3556591,-0.313802,-0.38971096,-0.07714676,0.27499586
achilles,-0.16357292,0.009189572,-0.24595496,0.25512215,0.44186518
yudo,-0.15524085,-0.10787709,-0.3480827,0.10951396,0.44120574
trader,-0.18801856,-0.0460072,-0.3922674,0.15627456,0.5389721
balita,-0.46353078,-0.25158486,-0.1359947,-0.10017649,0.4152001
susu,-0.124991655,-0.36034527,-0.14352186,0.24885121,0.45411745
hamil,-0.220934,-0.21128243,-0.22693095,0.032253206,0.37104416
wfr,-0.17446464,0.004832166,-0.09300715,0.007643982,0.37215412
wamenkum,-0.12719075,-0.17148042,-0.23428898,0.05333917,0.25019953
murakami,-0.24397548,-0.14231306,-0.19263968,0.08766977,0.1975428
toru,-0.3348582,0.007898811,-0.21080568,0.0056965165,0.3795518
tti,-0.2265937,-0.18503463,-0.33613893,0.15102185,0.22110765
tsusho,-0.07110344,-0.1963939,-0.20854753,0.043476667,0.29615933
julyanto,-0.15172671,-0.20421073,-0.339499,0.13310066,0.31507593
nandi,-0.3667558,-0.06846939,-0.23592316,0.11185912,0.23489535
tmmin,-0.28643107,-0.23013979,-0.32125023,0.2833772,0.27481005
manufacturing,-0.22113852,-0.17090118,-0.2401075,0.12973799,0.38429424
badruddin,-0.4447397,-0.1233615,-0.3383093,0.095319204,0.3678562
siddik,-0.3395635,-0.4034671,-0.19033813,0.046502605,0.30528086
ahmad,-0.42883077,-0.16432214,-0.10896975,0.087719195,0.45611185
mochamad,-0.1570564,-0.059389837,-0.009635345,0.23085703,0.50682575
akademisi,-0.22076473,-0.18143342,-0.117501326,-0.06999134,0.44936764
demonstrasi,-0.18978877,-0.18637145,-0.06966147,0.16578534,0.5453658
commercial,-0.10323168,-0.09395733,-0.36783063,-0.0035120747,0.42556584
economic,-0.2143622,-0.097470656,-0.112732604,0.18275951,0.5279297
technical,-0.056226123,-0.14708112,-0.36906305,0.08130813,0.35446215
mochammad,-0.22334227,-0.19519377,-0.29455483,0.010555119,0.2897703
pabrik,-0.29300484,-0.061916783,-0.14421022,0.2548172,0.5531709
konversi,-0.10339456,-0.34328422,-0.28189984,-0.066463254,0.23643833
singkong,-0.2997016,-0.28319553,-0.35026783,0.22285831,0.38225996
ptpn,-0.18175748,-0.17338277,-0.031917244,-0.033361156,0.380615
reaktivasi,-0.26314032,-0.15648079,-0.16822441,0.17023277,0.3822489
kl,-0.33274594,-0.16832468,0.0032217572,0.116707325,0.41118938
jajak,-0.321049,-0.36603045,-0.27494264,-0.11336072,0.35419926
agribisnis,-0.05060434,-0.20339032,-0.11890501,0.21846,0.48573118
multi-generation kata,-0.16121912,-0.05899283,-0.2973676,0.059431396,0.3444095
cita,-0.13807823,-0.2564097,-0.069715135,-0.021123204,0.34433973
dehidrasi,-0.16830342,-0.08677746,-0.1393918,0.03300214,0.19858968
distilasi,-0.2690482,-0.20801498,-0.19954383,0.22384547,0.47584534
fermentasi,-0.11419568,-0.37169582,-0.3253428,0.072733365,0.3937975
hidrolisis,-0.12622984,-0.23273128,-0.31407616,0.011278015,0.3999029
multi-feedstock,-0.063564494,-0.017295264,-0.19787863,-0.04869836,0.5951827
feedstock,-0.3619085,-0.28751394,0.0012941263,0.08619603,0.28130952
sawar,-0.19384822,-0.33805087,-0.2123829,0.25932243,0.24310124
tegineneng,-0.07359422,-0.14226472,-0.13823362,0.17089279,0.36872435
renewable,-0.353445,0.05581922,-0.14359881,0.14226928,0.23491
ppnbm,-0.16130781,-0.26762673,-0.076746985,-0.034676146,0.46799776
ppn,-0.25468647,-0.25500867,-0.4402804,0.06899391,0.30126882
ia,-0.2099273,-0.09083217,-0.17258784,0.1887688,0.3127854
manage,-0.24445651,-0.1904826,-0.2600645,0.18983728,0.50904894
macemnya,-0.20740455,-0.06214195,-0.36924744,-0.060640812,0.3380614
direkturat,-0.22192979,-0.22957109,-0.17172873,0.22015087,0.33640903
resitusi,-0.24714601,-0.3535876,-0.2560257,0.228023,0.46514148
pucuk,-0.35312083,-0.26351714,-0.06146685,-0.04410477,0.3838627
hnu ega,0.022204585,0.011495696,-0.0562388,0.017797904,0.3422093
kur,-0.12701918,-0.055880744,-0.19614366,0.23999308,0.48521522
ngarang-ngarang,-0.37117708,-0.25509587,-0.07070202,-0.08349273,0.44603854
lu,-0.2618726,-0.2744051,-0.15055841,0.24982563,0.4477394
rembet,-0.21910694,-0.34139565,-0.01367537,0.22276433,0.37225246
anarkis,-0.17396659,-0.17639193,-0.37174693,-0.0125498315,0.22711433
massa,-0.085688755,-0.4039993,-0.20283037,0.04479146,0.2541505
lenggang,-0.05410845,-0.34671664,-0.021823667,0.19305477,0.45104057
beltim,-0.3224692,0.027159963,-0.084436476,0.054465305,0.3710078
beleid,-0.2846071,-0.2432958,-0.22024356,0.15020433,0.41332573
picu,-0.32204354,-0.23925658,-0.0050352006,0.086847164,0.48138973
sjamsoeddin,-0.25444093,-0.19757295,-0.23393957,0.094420515,0.3845239
ribut,-0.24051577,-0.20913365,-0.023055535,0.15450807,0.44153655
konfirmasi,-0.46595547,-0.1362203,-0.18781914,0.30105022,0.4443674
personil,-0.38929817,0.015481142,-0.2138477,-0.084560715,0.36253238
personel,-0.19275455,-0.044568945,-0.2712835,0.051693458,0.5030555
literasi,-0.04858089,-0.16828823,-0.25754303,0.08476944,0.31758818
interoperabilitas,-0.36105415,-0.065609686,-0.3559834,0.19728068,0.31020963
progres,-0.14555977,0.008709426,-0.11106946,0.19912462,0.28166103
bappebti,-0.190992,-0.10324493,-0.21317692,-0.07763036,0.54368657
komoditi,-0.33052534,0.010473701,-0.012048636,-0.112365566,0.44935435
pangsa,-0.21276206,-0.3013313,-0.08897332,-0.006025666,0.3329611
nonfinancial,-0.06574775,-0.08095246,-0.321689,-0.04009397,0.34765226
sustainabilitas,-0.35688803,-0.27947408,-0.1248715,-0.12575796,0.25988293
prakoso,-0.34753305,-0.00698535,-0.038611475,0.24098042,0.40905
pruden,-0.16322742,-0.14190589,-0.011963429,0.16527541,0.41735658
sbn,-0.17455786,-0.041981842,-0.08434592,0.19408134,0.46699184
bansosnya,-0.22342642,-0.096900426,-0.19205016,0.13589697,0.16737369
kpm,-0.12842143,-0.12353024,-0.117866665,0.019178804,0.47512895
kemensos,-0.09219535,-0.31530347,-0.2486013,0.18166134,0.5001411
kala,-0.09535196,-0.1388475,-0.21637964,0.2594987,0.47103214
lisan,-0.039138533,-0.25302112,-0.18343231,-0.013468311,0.5130751
junica,-0.048424017,-0.27879634,-0.25475672,0.09583018,0.30126598
din,-0.21545644,-0.21631445,-0.093895406,0.24611458,0.48589447
artoto,-0.20804955,-0.04283626,-0.07428767,-0.038681637,0.4494284
padan,-0.29446313,-0.14719374,-0.12699346,0.25937623,0.5437411
hanggodo,-0.09911292,-0.15599816,-0.22582069,0.06932745,0.57020897
inspektorat,-0.33874696,-0.11176746,-0.13769345,-0.11893966,0.4652042
profesionalisme,-0.34620428,-0.2609406,-0.17311731,-0.11218889,0.3099899
pergok,-0.20213807,-0.14337377,-0.2767009,0.06548748,0.2769053
wn,-0.1779156,-0.2244798,-0.35448498,0.12091589,0.4281507
suplai,-0.2169739,-0.29610103,-0.22987045,-0.018152978,0.3043752
cina,-0.23609532,-0.15954466,-0.20456995,0.26412654,0.42200994
usut,-0.39433375,-0.16420016,-0.15842849,-0.08927411,0.3242712
profiling,-0.07575418,-0.22288093,-0.21801594,-0.03891253,0.16547272
imigrasi,-0.31368187,-0.068159185,-0.0038365838,0.17614618,0.49527574
domisili,-0.16730735,-0.10091064,-0.2131996,-0.08723912,0.27489096
owner,-0.16580749,-0.2621938,-0.10948622,-0.04742698,0.39235556
beneficial,-0.36968964,-0.25219926,-0.048815552,0.10812788,0.45484632
manila,-0.26949823,-0.27375203,-0.094640486,0.047559004,0.31461814
kong,-0.12127396,-0.16398631,-0.27683213,0.24768905,0.27578527
hong,-0.30699503,-0.33430055,-0.28821573,0.20573626,0.43228713
wijanarko,-0.22445504,-0.06580867,-0.401938,0.15257512,0.28624648
kerugiaan,-0.107041806,-0.16019799,-0.0938844,0.1864005,0.41253725
hatta,-0.13578449,-0.02902059,-0.2930539,0.22149931,0.4157862
soekarno,-0.3807154,-0.043783206,-0.344595,0.13231485,0.23805316
apabila,-0.420248,-0.15168592,-0.17709109,0.1774153,0.37074608
inkracht,-0.1394045,-0.39016008,-0.09516431,0.031753555,0.46707276
sita,-0.082317635,-0.2753725,-0.22943826,0.25611195,0.5034057
keluar-masuk,-0.30919686,-0.18842244,-0.2353253,0.082136236,0.30631945
nambah,-0.3896682,0.0132659385,-0.102376096,0.099149786,0.17535666
season,-0.35690385,-0.13252011,-0.0875731,0.03672012,0.41017804
four,-0.23694108,-0.32222492,-0.13719006,0.016700722,0.1194932
arisan,-0.3817864,-0.2537953,-0.1983145,0.29161602,0.28263792
kasi,-0.38283485,-0.26856473,-0.231202,-0.014598733,0.18665099
paltformnya,-0.046239726,-0.23223409,-0.11666138,0.18319204,0.21865422
perilaku,-0.3073235,-0.17888549,-0.16906685,-0.08144115,0.35077858
legal,-0.2334188,-0.19272986,-0.11489066,0.21890108,0.40748563
pvml,-0.0681921,-0.19058745,-0.39906392,-0.037966646,0.34381378
seojk,-0.24469638,-0.20201176,-0.22526138,-0.026841857,0.34177014
fintech,-0.22808701,-0.302232,-0.18416329,0.20988163,0.27634022
twp,-0.27889588,-0.24865015,-0.22643782,0.039598145,0.51802003
macet,-0.08048272,-0.29816762,-0.08436293,0.22843358,0.28578827
informal,-0.23561786,-0.15301704,-0.2028093,0.062000137,0.4194663
daring,-0.12647466,-0.21783218,-0.13412383,-0.042392384,0.46422112
kalung,-0.3127746,-0.34234348,-0.29534277,0.057594907,0.29950443
hias,-0.06993017,-0.22868128,-0.31462353,0.11395995,0.24781637
serbuk,-0.22482733,-0.1106747,-0.3068418,0.27812633,0.30126345
zg,-0.17374316,-0.12708507,-0.075574264,0.17790721,0.46982324
lakban,-0.33212316,-0.33613777,-0.20651305,0.1424016,0.35480502
bungkus,-0.120355986,-0.25434718,-0.0144241415,0.11914644,0.24522918
kabin,-0.098852195,-0.31078467,-0.21211685,0.19372267,0.4244054
bar,-0.27510813,-0.29779562,-0.30332288,-0.04790942,0.41185227
cast,-0.1805618,-0.23106207,-0.1825664,0.09247147,0.3224438
mz,-0.3859229,-0.008635378,-0.2835215,-0.039224204,0.40546227
benda,-0.22280954,-0.25739408,-0.29900077,0.0075046485,0.41745985
nu,-0.28363088,-0.12664978,-0.3153076,-0.010960314,0.1728725
curiga,-0.24010278,-0.2963644,-0.31540608,0.11985071,0.36524743
deteksi,-0.33863804,-0.1376033,-0.21841082,0.050626706,0.39151597
intelijen,-0.35680634,-0.16752872,-0.15182573,-0.044956885,0.35122713
rutinitas,-0.3875121,-0.10983512,-0.33007154,-0.0016982559,0.30052033
deadline,-0.16241765,-0.07604255,-0.12800263,-3.620499e-05,0.31269473
prihandiko,-0.13932739,-0.333134,-0.090882644,0.1158284,0.21349445
duardi,-0.14242482,-0.31282106,-0.15927118,0.042580876,0.38200516
dapetin,-0.4103441,-0.36341074,-0.20711505,0.2775317,0.22551632
cashback,-0.20638607,-0.025289105,-0.2466421,0.05490528,0.43338218
week,-0.1769362,-0.28154162,-0.10278183,0.1720906,0.39411333
punya,-0.2400443,-0.047179386,-0.040778298,0.2803565,0.43590987
ribet,-0.27609986,-0.33708665,-0.34709376,0.24598554,0.29707432
valas,-0.3748772,-0.23538989,-0.365218,0.12367962,0.39413747
garudamiles,-0.23877706,-0.09559531,-0.18891038,0.22895046,0.44048837
buddy,-0.3631243,-0.28463772,-0.074528076,0.063409686,0.4613684
debit,-0.28759173,-0.3386398,-0.062168423,0.18194963,0.38480523
kartu,-0.26714885,-0.37928182,-0.07816725,0.14020371,0.38390154
murah,-0.31178337,-0.11195962,-0.039409712,0.24771304,0.39025304
traveler,-0.11629722,-0.21023387,-0.109535016,0.20023465,0.433333
smart,-0.07832594,-0.3508642,-0.053327877,0.2608188,0.39970782
worth,-0.19855216,-0.042979665,-0.17791082,0.080141515,0.44890735
hunter,-0.14499693,-0.25771636,-0.10805732,0.07299495,0.25190058
kopi,-0.08490931,-0.32679313,-0.3386127,-0.0058475947,0.460777
anti-ribet,-0.32769713,-0.27737316,-0.2026963,-0.014170526,0.16527975
spontan,-0.04251351,-0.1190629,-0.3362574,-0.061089564,0.497332
cny,-0.30336556,-0.30161163,-0.12572181,0.2079745,0.34782824
hkd,-0.12074006,-0.18740706,-0.34172034,0.20290421,0.48313025
eur,-0.05782276,-0.33592445,-0.14718288,0.15101449,0.2291041
sgd,-0.056728456,-0.29903144,-0.26691705,0.27946335,0.36943823
nabung,-0.14957204,-0.16730462,-0.08704334,-0.08549062,0.5002857
cemas,-0.41552436,-0.3392252,-0.24898833,0.083165705,0.25427863
flow,-0.1628,-0.25494465,-0.07759727,-0.06344781,0.2788966
fix-in,-0.3180167,-0.12222265,-0.2588929,-0.008404611,0.41482812
beneran,-0.029702403,-0.30826032,-0.2629587,0.06304433,0.3851647
bolong,-0.3339469,-0.28406754,-0.27041736,0.12765267,0.20838988
idam,-0.13925111,-0.21282645,-0.22997023,0.21483533,0.43107325
wisatawan,-0.117160186,-0.032748196,-0.2763067,0.30272543,0.24302348
statistik,-0.29099315,-0.13763443,-0.05582345,0.14792632,0.3694414
heran,-0.22573327,-0.101535656,-0.12089645,0.08564896,0.34009042
trip,-0.17937759,-0.24718198,-0.32907712,0.0059966166,0.31147912
self-reward,-0.32527632,-0.307028,0.023030788,-0.0054549454,0.3898673
gerindra,-0.34196258,0.026916655,-0.25235334,0.0543227,0.41888508
kamrussamad,-0.3728392,-0.16642481,-0.0947132,-0.0806377,0.2368961
akselerasi,-0.14986856,-0.28237167,-0.07032208,0.27115935,0.60803825
urgensi,-0.0478456,-0.07137609,-0.26731852,0.2787133,0.41432095
representasi,-0.18552954,-0.34080705,-0.056209143,0.11124738,0.50273705
mutlak,-0.27978078,-0.21023762,-0.23298927,0.19762425,0.42541218
rumus,-0.08527092,-0.20163932,-0.08496382,0.15227349,0.4980148
teknokrat,-0.33396238,-0.16068915,-0.25650072,0.024544517,0.44303557
absorber,-0.16830494,-0.124337286,-0.07689571,0.29524496,0.5466027
shock,-0.16013035,-0.047493942,-0.3296532,0.16150708,0.3700895
himbara,-0.00968048,-0.15363798,-0.2870411,0.16921245,0.53842473
tonjol,-0.38867185,-0.31220302,-0.09493505,0.09085352,0.3846198
terobos,-0.3697803,-0.14000224,-0.14416854,0.22331403,0.30282503
madrasah,-0.28209627,-0.34878498,-0.16517629,0.12044343,0.2700784
mbg,-0.14335349,0.054507762,-0.31085327,0.12386637,0.41591468
moneter,-0.40990958,-0.29082066,-0.22605918,-0.07232387,0.36526915
ideal,-0.33787352,0.004697705,-0.13733436,-0.00094105955,0.5057952
digantikansuahasil,-0.39662817,-0.1211814,-0.1081978,0.1886683,0.30336908
ketikapurbaya,-0.18021436,-0.019738294,-0.03546415,-0.025392434,0.5287905
olehpurbayayudhisadewa,-0.33126768,-0.18693732,-0.3186821,-0.015622439,0.26493603
srimulyaniindrawati,-0.36499244,-0.08398268,-0.17666304,0.060573414,0.3965217
presidenprabowosubianto,-0.128385,-0.19502567,-0.2246339,0.23550634,-0.0051324717
kokoh,-0.08826236,-0.047704425,-0.36533013,0.019470684,0.3437702
kadar,-0.155143,-0.27904984,-0.02868702,0.04412418,0.47477525
alur,-0.071712375,-0.22404554,-0.16790503,-0.0991104,0.22617012
lingkup,-0.1553392,-0.1478811,-0.16177392,-0.09731936,0.43413404
sdm,-0.24613522,-0.15151668,-0.17863186,0.07092363,0.33890387
r-qms viii,-0.10236056,-0.17282315,-0.30780867,0.23058663,0.30217916
c-,-0.40585187,-0.34701818,-0.055012487,0.05649267,0.16532744
independen,-0.1487781,-0.29531908,-0.08820924,0.2562089,0.22009969
lalai,-0.14685102,-0.12997867,-0.29425552,0.058614105,0.39164
tonggak,-0.28636697,-0.043182474,-0.22603801,0.2212182,0.39505908
garansi,-0.1509834,-0.31694165,-0.37359095,-0.059460726,0.37865028
dewiyanti,-0.15829644,-0.33072934,-0.14880091,-0.06148514,0.33907056
seremoni,-0.2526079,-0.043669146,-0.12218219,0.14704444,0.25822717
q-,-0.27849713,-0.037089743,-0.2972877,0.18326561,0.4169178
snas,-0.15155576,-0.26419458,-0.27060708,-0.0021517475,0.29391932
slovak,-0.22726558,-0.30230924,-0.15921386,-0.0024217858,0.3317861
iaf,-0.30725154,0.024206864,-0.26253092,0.2510195,0.22267734
qscert,-0.3686288,-0.26420453,-0.20423564,0.25512516,0.22979577
services,-0.069045156,-0.0857752,-0.23241025,-0.0056215,0.5015383
custody,-0.11305044,-0.23692958,0.0036007445,0.046956763,0.15830128
mobilisit,-0.09227051,-0.025638763,-0.21792336,0.17983662,0.2808808
baterai,-0.076996475,-0.23159689,-0.27157575,0.11220509,0.2688081
nikel,-0.15919161,-0.080528684,-0.21126755,0.21500349,0.38285327
industrialisasi,-0.033389065,-0.24780655,-0.10321283,0.12797382,0.55053765
effort,-0.32001388,-0.26311216,-0.01388618,0.25323159,0.44346857
eksposur,-0.20599191,-0.20003295,-0.08715078,0.18984601,0.26166525
futures,-0.37171224,-0.3083736,-0.22037926,0.15523759,0.33855245
derivatif,-0.17104495,-0.1547703,-0.2750977,0.2023936,0.42102665
bupati,-0.089286745,-0.0940229,-0.28032705,0.1770232,0.39281115
sugiyanto,-0.15500194,-0.19084902,-0.095444866,0.033003744,0.2969703
arif,-0.4071223,-0.15143785,-0.042672697,0.16560479,0.51761264
golkar,-0.31135228,-0.02666362,-0.034069706,0.01741637,0.59132993
dpp,-0.39060864,-0.12689458,-0.16949643,0.012248743,0.48119122
rafiq,-0.19879058,-0.34262025,-0.33290362,-0.049139906,0.30426714
fouz,-0.37048292,-0.24668494,-0.049010955,0.24378714,0.36991295
jubir,-0.2501032,-0.04670411,-0.01787452,-0.052556966,0.49544084
prosedural,-0.18745439,-0.26732853,-0.26774073,0.09196477,0.36457387
kronologis,-0.30279782,-0.23372853,-0.38715044,0.07706461,0.33975837
elok,-0.25628784,-0.22527035,0.04758548,0.16190732,0.33380634
etis,-0.096445054,-0.20325539,-0.2801018,0.14528237,0.43653363
spekulasi,-0.14667186,-0.08586484,-0.379912,0.14302728,0.39526746
dermawan,-0.23181826,-0.22689952,0.031320285,0.02402955,0.2547599
cacat,-0.14540571,-0.14574258,-0.15109919,0.21316114,0.2802339
trans,-0.3843806,-0.30943584,-0.015695462,0.09510203,0.36524647
caesario,-0.29175788,-0.064585134,-0.020867722,0.18998463,0.36658123
accessories,-0.21101925,-0.038931873,-0.052068077,0.038658306,0.54903316
sumit,-0.07932604,-0.05368449,-0.34462515,-0.0490255,0.3020664
samdarshi,-0.10772157,-0.32698384,-0.34569976,-0.08591101,0.2618308
dreams,-0.053486574,-0.08628656,-0.07340177,0.012581263,0.44333977
protect,-0.12500457,-0.15886042,-0.050053194,0.14132805,0.32271808
we,-0.16681892,-0.009714682,-0.067818195,0.08607,0.45312366
program telah,0.008013786,-0.05302729,-0.20142205,-0.012775384,0.52299356
jalan lalu,-0.06553137,-0.3820125,-0.3948097,-0.05537372,0.41013378
corpora,-0.3243051,-0.00051173323,-0.01942833,-0.049035035,0.4462596
ct,-0.3311422,-0.056559026,-0.2183399,-0.10745856,0.33317998
detiknews,-0.096747674,0.07718947,-0.27441186,0.3001122,0.20501538
pptr,-0.19815205,-0.31446,0.04119659,0.13572213,0.3853766
klik,-0.1667535,-0.0444819,-0.4243821,-0.018085506,0.26876375
cuci,-0.21404634,-0.21122637,-0.35780153,0.1573134,0.21518785
pangku,-0.11315724,-0.08044536,-0.07094121,-0.05077964,0.4843447
pkp,-0.18227716,-0.01653325,-0.089350216,0.16656746,0.18419999
sirait,-0.14985111,-0.19437324,-0.05255159,0.19476944,0.20966299
maruarar,-0.0522928,-0.2929003,-0.2294871,-0.0076801362,0.48054475
kawasanm,-0.30548155,-0.02978343,-0.25523588,0.13483413,0.19963878
ketidaknyamanan,-0.20721544,-0.026957624,-0.06739256,0.27056828,0.40157506
venture,-0.20057845,-0.21263541,-0.2612833,0.29198104,0.35144344
joint,-0.054568935,-0.17303917,-0.17669195,0.22443816,0.42972794
award,-0.33288026,-0.15720956,-0.30237657,0.18178378,0.14767697
bia,-0.08816138,-0.037763204,-0.3509812,0.18309884,0.23902667
azwar,-0.23733951,-0.24426557,-0.13524611,0.21835203,0.3057929
korporat,-0.20645171,-0.30784446,-0.03161562,-0.03465078,0.36331448
prudensial,-0.3098036,-0.20822297,-0.14355937,0.20287819,0.19573458
diatribusikan,-0.21378484,-0.021717606,-0.24041285,0.030406695,0.14956635
aviation,-0.040582336,-0.30891845,-0.28280672,-0.058480732,0.39022422
offshore,-0.26943398,-0.07342033,-0.11248506,-0.08527437,0.27624336
property,-0.41723853,-0.33799645,-0.16279696,0.008665329,0.17718247
fire,-0.24333905,-0.17012942,0.0077845627,0.17580454,0.30218554
optimalisasi,-0.20119287,-0.33699995,-0.20110522,0.115118034,0.15692118
underwriting,-0.0051782443,-0.14403097,-0.06617474,-0.03568008,0.4359134
alamat,-0.27625594,-0.029354006,-0.16825345,0.14609186,0.27134502
npwp nik,0.007901556,-0.30110607,-0.3250836,0.13093244,0.436302
mengeser,-0.07726343,-0.076239385,-0.18070841,0.29845893,0.42709824
budiharto,-0.25792092,-0.3416225,-0.11056114,0.0055399914,0.32815906
gerai,-0.25973618,-0.1359278,-0.27855575,0.08466066,0.29701766
aneka,-0.14987825,-0.082397774,-0.058086548,-0.07095002,0.21398884
tebar,-0.15767856,-0.2612112,-0.3616925,0.031504877,0.409083
bmri,-0.14017962,-0.32578015,-0.10730744,-0.044069204,0.46937954
sandi,-0.18823908,-0.35124764,-0.25303483,0.20209698,0.35356787
jhonson,-0.13247934,-0.06277637,-0.36215854,0.27883914,0.2606459
sme,-0.09683051,-0.16701694,-0.14180088,0.040269777,0.45536497
aryawan,-0.38775682,-0.05750716,-0.30289635,0.23388857,0.2117698
ruly,-0.402336,-0.34164938,-0.1645296,-0.020714458,0.40242475
fransiskus,-0.092801265,-0.42310888,-0.20877287,0.15380517,0.39888698
pangestu,-0.071908005,-0.14968018,-0.42127338,0.09474693,0.3839179
baritono,-0.39575818,-0.064345844,-0.32567778,-0.0984234,0.3581334
barito,-0.16027226,-0.14283986,-0.08910293,0.1345788,0.30215946
wisma,-0.29450464,-0.30326897,-0.14171277,0.02152427,0.5797032
sumbangsih,-0.3274741,-0.28909925,-0.048639145,0.12174813,0.35922772
jalin,-0.22651348,-0.2503939,-0.10034493,0.13937303,0.49087334
kssk,-0.05293413,-0.11196396,-0.29030117,-0.071864314,0.4862388
atap,-0.21244887,-0.24192435,-0.065260224,0.22934261,0.34670436
widyasari,-0.09971826,0.06773895,-0.3341336,0.01883433,0.40248162
cashflow,-0.2843034,-0.037276037,-0.21395731,-0.03497004,0.41888186
covid,-0.30395648,-0.07183285,-0.35960758,-0.029443141,0.27616847
hantam,-0.24996619,0.0063968897,-0.15114458,0.22508727,0.50182015
krisis,-0.14255615,-0.14099595,-0.25489324,0.2679344,0.53954417
ekspektasinya,-0.12523386,0.004874742,-0.27917856,-0.012810301,0.61143315
senjang,-0.24978521,-0.07623133,-0.16092214,-0.009432428,0.40482953
uud,-0.19958124,-0.22289935,-0.28968945,-0.0015283353,0.478851
amanat,-0.40200165,-0.32524878,-0.36867908,0.1984897,0.2447696
wamenkeu,-0.30321318,-0.2752535,-0.19068943,-0.061944008,0.27078298
seluk-beluk,-0.21958302,-0.023964565,-0.3169819,0.047131814,0.46136525
ui,-0.12925063,-0.11587733,-0.268974,0.19479105,0.28110543
universitas,-0.12426649,-0.19336477,-0.3434494,0.23563853,0.3700143
guru,-0.34455323,-0.35681012,-0.15521973,0.1026195,0.20903197
akademik,-0.08561928,-0.090882845,-0.27974263,0.0077442904,0.30367342
bakom,-0.22992235,-0.33375856,-0.21325104,-0.0088658165,0.21353373
katodat,-0.39143953,-0.25882187,-0.2322661,0.080643274,0.47851524
katoda,-0.23911536,-0.34164268,-0.029875442,0.21430713,0.386468
feeding-nya,-0.46328107,-0.064399235,-0.13665624,0.086514056,0.33482057
smelting,-0.345041,-0.2687306,-0.28273368,-0.094539694,0.3772637
konsentrat,-0.42308003,-0.2873953,-0.08272143,0.21053348,0.31095544
gresik,-0.15386389,-0.0056173895,-0.14543213,0.08497145,0.44065076
manyar,-0.35253912,-0.24981745,-0.002863634,0.14537297,0.36956063
basah,-0.37713405,-0.027301073,-0.2850487,0.1877623,0.34735805
gedungn,-0.30606622,-0.23567821,-0.18226855,0.2033846,0.32229435
production,-0.35272792,-0.22099583,-0.2890013,0.05627756,0.43987498
caving,-0.09464085,-0.038900502,-0.40985256,0.11520727,0.2990988
tajam,-0.24965408,-0.20901592,-0.12536092,0.06480843,0.23641233
grafik,-0.2764367,-0.27102304,-0.13906208,-0.0020236976,0.3925983
surabaya-banjarmasin,-0.25017548,-0.09804743,-0.02741927,-0.022818206,0.48295638
santun,-0.31771064,0.05696704,-0.14924683,0.16584861,0.43339965
raharja,-0.19192412,-0.21838453,-0.097739436,0.07547728,0.43047562
nala-,-0.13109894,-0.14877285,-0.28525412,-0.009420444,0.42816415
kri,-0.16830996,-0.0892581,-0.22558713,0.16277218,0.29364568
bahari,-0.32552674,-0.2802966,-0.22801597,0.0967468,0.2222894
transmisi,-0.30072406,-0.2528129,-0.27162248,0.17380075,0.3275844
kunyit,-0.25477803,-0.25693354,-0.1703454,0.3004064,0.43982574
kn,-0.27891657,-0.28061232,-0.2772665,-0.08317816,0.26942146
navigasi,-0.12222392,-0.04865645,0.003802212,0.14651583,0.5530256
pantai,-0.21591459,-0.20528814,-0.25833476,1.1955126e-05,0.4463918
traffic,-0.34027475,0.036290515,-0.04612567,0.013023486,0.39933547
vessel,-0.3688366,-0.1975565,-0.3530056,-0.06386824,0.21882066
sisir,-0.08815474,-0.09001912,-0.058271542,0.25525126,0.5828342
waspada,-0.033314187,-0.4066147,-0.06472734,0.1713581,0.29288206
ntm,-0.40557694,-0.049531132,-0.06965476,0.03597534,0.30694258
mariners,-0.3394126,-0.39737445,-0.15377437,0.06057433,0.24559835
maret,-0.07545341,-0.096418634,-0.0711917,0.2959719,0.31196916
kamboja,-0.14873959,-0.045233592,-0.13736232,0.0012523714,0.3143198
bangladesh,-0.029294986,-0.31005287,-0.10619695,0.20852326,0.44814974
vietnam,-0.21724984,-0.04148473,-0.032324,0.22138488,0.1963101
semen,-0.32170948,-0.23452117,-0.21529064,0.047331024,0.24473763
pupuk,-0.13637623,-0.3284684,-0.05403606,0.14164343,0.50767934
serap,-0.359642,-0.26307294,-0.010858297,0.048619855,0.3716319
pikul,-0.38187546,-0.057079736,-0.26996484,0.2845972,0.30194917
paruh,-0.30106127,-0.08879009,-0.16162935,0.079824276,0.4803589
gambar,-0.27276585,-0.1609897,-0.1380879,-0.026780518,0.4393643
ismawan,-0.28384304,-0.25781837,-0.33489117,-0.011121315,0.38199258
obligation,-0.11487475,-0.024829792,-0.069096945,0.014745904,0.4523178
domestic,-0.32879597,-0.27965912,-0.23419985,0.10875382,0.22054023
ke,-0.0726853,-0.2682969,-0.24122365,0.1318059,0.329404
eksportir,-0.22361228,-0.031330884,-0.19062243,-0.108552076,0.4963386
transhipment,-0.17485796,-0.3012608,-0.09297962,0.08032397,0.30614194
reload,-0.31922036,-0.050727896,-0.26980865,0.07457798,0.38964114
tenggara,-0.044040427,-0.17756166,-0.047385976,-0.0028647217,0.4533776
malaka,-0.27468032,-0.3408475,-0.0725394,0.17341183,0.4785034
pgn,-0.039803553,-0.3005896,-0.11351346,0.17675841,0.35204217
jawa-,-0.422165,-0.36893913,-0.14838517,0.22486791,0.26450497
regas,-0.34709075,-0.19898601,-0.24575606,0.25760266,0.4919494
vp,-0.21585609,0.012586043,-0.28250128,0.27445322,0.34498233
gastech,-0.22297575,-0.29060596,-0.26225093,-0.021314055,0.28905037
fifty-fifty,-0.38409415,-0.31661308,-0.18757205,0.26782936,0.23954195
praktek,-0.21424824,0.010531751,-0.19710787,0.031967536,0.28633094
taksir,-0.023743285,-0.21198893,-0.31213617,0.26460746,0.5106821
fadilah,-0.12632164,-0.33003828,-0.30531138,0.04702826,0.33307847
ilyas,-0.18827327,-0.18984057,-0.05100249,-0.014363101,0.48647422
omong,-0.045575008,-0.26420382,-0.11731403,0.12632142,0.19622831
nanya,-0.3404923,-0.07166684,-0.06509452,0.040908314,0.2790206
teter,-0.3204769,-0.030738393,-0.16251707,0.043921836,0.20631398
cuman,-0.11490732,-0.18995614,-0.14328884,0.21812785,0.42096937
feeling-nya,-0.026618186,-0.11973476,-0.20922682,0.25952303,0.383041
wapres,-0.1530667,-0.29777947,-0.118730016,0.17446733,0.28831005
ukmto,-0.27501947,0.012406631,-0.112267144,0.18490255,0.20784792
tanker,-0.31228346,0.021380829,-0.20885174,0.24710992,0.45066795
taif,-0.3095258,0.0024962828,-0.113773316,-0.055285815,0.21550423
abha,-0.3710322,-0.07836782,-0.31204635,0.01717975,0.33657676
mushait,-0.38922465,-0.22449999,-0.112089075,0.3172444,0.35851488
khamis,-0.13540864,-0.16758204,-0.21190214,0.116583765,0.58649415
balistik,-0.3654443,-0.119403884,-0.33623576,0.22271948,0.34295216
rudal,-0.3417426,-0.077795476,-0.14112195,-0.08761619,0.47176328
houthi,-0.2606233,-0.3529132,-0.14878665,0.015803203,0.3767812
protes,-0.33202183,-0.049552113,-0.19782226,0.06556562,0.51482266
ladang,-0.17373769,-0.36023462,-0.1300021,0.17596126,0.33309105
libya,-0.29613662,-0.35499206,-0.029057657,-0.12072994,0.40529594
chris,-0.081353195,-0.23925063,-0.25817132,0.17784223,0.41867155
sachs,-0.40104353,-0.13184682,-0.36210072,0.058017347,0.31573662
goldman,-0.12048898,-0.007536064,-0.1551221,0.19429721,0.20498654
grigsby,-0.38471964,-0.036672402,-0.18910152,0.1145345,0.3839522
zhestkova,-0.29481813,-0.1065145,-0.08686414,0.015383031,0.3993521
yulia,-0.3571322,-0.24463747,-0.060819138,0.279873,0.15469918
skenario,-0.16768871,-0.17430024,-0.12165057,0.24796729,0.24082752
konflik,-0.17580056,-0.29507026,-0.35975578,0.0900719,0.26206067
pasca,-0.21361333,-0.16777954,-0.21633123,-0.06374288,0.51299703
pipeline,-0.431694,-0.25845003,-0.24817479,0.18923524,0.32921574
memberitahu,-0.11342837,0.03282335,-0.07788583,-0.0718105,0.4233836
teluk,-0.32451576,0.010603295,0.0601271,-0.04450265,0.19064596
wti,-0.16183144,-0.27663866,0.0069114137,0.18365082,0.37125164
intermediate,-0.14033811,-0.30062762,-0.199961,0.35428044,0.23250991
texas,-0.37094453,-0.31457004,-0.21312423,0.016794205,0.30852643
west,-0.12140191,-0.17002104,-0.22667302,0.119402565,0.54933536
patok,-0.24662505,-0.21251024,-0.03716679,-0.08175336,0.3727814
authority,-0.18114102,-0.23144068,-0.09720589,0.27392477,0.41500738
vehicle,-0.078725055,-0.24564646,-0.26142296,0.276164,0.14040393
special,-0.29298386,-0.13841715,-0.22705497,0.21718207,0.2811261
sunter,-0.14287516,-0.2384079,-0.2755901,0.004896148,0.37667644
tawa,-0.26657313,-0.021722503,-0.2160234,0.114770085,0.47723848
santai,-0.07694551,-0.31295663,-0.0869263,0.28113386,0.40169662
tuh,-0.33461288,-0.077653676,-0.11297579,0.15894972,0.3178635
hebat,-0.21309015,-0.094365716,-0.1782868,0.21897471,0.4154459
di-stretch,-0.26657477,-0.09300671,-0.047482535,0.10126466,0.3988633
sampe,-0.31999418,-0.16715425,-0.079602465,0.23069334,0.3728878
canda,-0.18295659,-0.2578266,-0.14027002,0.017327176,0.24229433
nyenyak,-0.27895296,-0.06775218,0.02206871,0.06328784,0.44445854
lega,-0.096500225,-0.09711373,-0.082795754,0.08086565,0.34154853
handover,-0.08593615,-0.10746623,-0.15293016,0.069718346,0.52560896
mandat,-0.3706097,-0.3499356,-0.18334126,-0.09476355,0.2510438
benarbenar,-0.1542238,-0.20283157,-0.28958687,0.015159547,0.40307087
iklim,-0.07798514,-0.091909654,-0.1969571,-0.039420307,0.32661137
tindih,-0.16780546,-0.22931801,-0.05083939,-0.0008183145,0.4141816
belit,-0.26122972,-0.13268822,-0.04296317,0.024476176,0.43015447
antarnegara,-0.18375053,-0.11007588,-0.20914334,0.25181416,0.42089307
informatif,-0.3114043,-0.12562214,0.013566381,0.034877095,0.3459569
artikel,-0.11881082,-0.26277477,-0.13401118,0.13933314,0.25962758
disclaimer,-0.37289417,-0.11445739,-0.27233288,0.28497288,0.38587934
pgeo,-0.17371696,-0.108047634,-0.212435,0.10908337,0.40033743
map,-0.3121003,-0.11964943,-0.2726733,0.18037905,0.36813328
eral,-0.2665775,-0.1719392,-0.232298,0.10626568,0.261505
write-off-nya,-0.32585728,0.046314806,-0.24157564,0.019904682,0.38602126
capex,-0.09203271,-0.16970451,-0.07819621,-0.049005393,0.34022912
neraca,-0.40922388,-0.34249884,-0.19070593,-0.038756445,0.24492502
ebitda,-0.28348368,-0.015251138,-0.09175999,0.016132934,0.4697516
pengambilalihan,-0.2732605,-0.0247666,-0.21419449,-0.0396046,0.21699059
unirama,-0.2303556,-0.26753533,-0.25772616,0.0232488,0.4695962
rama,-0.3176308,-0.27152455,0.024918966,-0.034442585,0.49126115
afiliasi,-0.1826126,-0.025841033,-0.13450673,0.11525566,0.31654352
dairy,-0.23075384,-0.122499116,-0.02944629,-0.092561856,0.28403
mountain,-0.3975758,-0.061098035,-0.33275327,0.2073562,0.31618425
cisarua,-0.2849449,0.024130011,-0.082957335,0.0796175,0.46551916
subscription,-0.06766007,-0.10922253,-0.23845513,0.26179954,0.43014976
audiens,-0.043696143,0.013374055,-0.15813461,0.052974593,0.555101
views,-0.037362672,-0.29558718,-0.11999392,0.1328606,0.40319544
subscribers,-0.065704234,-0.32048237,-0.029450545,0.18910885,0.32839707
followers,-0.21902637,-0.30356297,0.02973061,0.24260429,0.5468772
channel,-0.14009061,-0.21053037,-0.18157841,0.2518783,0.18883649
idx,-0.11024097,-0.23874748,-0.18367313,0.1918819,0.2615835
news,-0.32763728,-0.29109177,-0.05409687,-0.08808641,0.3699608
sindonews,-0.4047058,-0.12702052,-0.035431497,0.08152004,0.33092603
okezone,-0.20448852,-0.08368213,-0.06842975,0.13746405,0.36751813
televisi,-0.12971878,-0.2994262,-0.29759648,0.25050065,0.41708732
sta,-0.040243797,-0.070144095,-0.1168787,0.11601017,0.36652353
rmab,-0.34974706,-0.19532527,-0.11347931,-0.058532193,0.27408573
msci,-0.34635583,-0.16101655,-0.26224542,0.08071617,0.21820152
eido,-0.33211485,-0.34857634,-0.05115269,0.115983985,0.21082251
etf,-0.22828048,0.0026415288,-0.061911453,0.25421068,0.31906536
nasdaq,-0.2895432,-0.23343898,-0.18320912,0.3226336,0.2122202
s p,-0.09214372,0.013008807,-0.05313956,0.18244106,0.4412801
dow,-0.45058864,-0.06599057,-0.19161133,0.3223038,0.22340341
wall,-0.09649154,-0.16451415,-0.39419672,0.11408598,0.22739103
health,-0.3911408,-0.16635503,-0.055541478,-0.06932669,0.2853502
industrial,-0.24345905,-0.14155625,-0.32305112,0.15548,0.3334645
reguler,-0.02396851,-0.21196225,-0.08825378,0.020751273,0.50392705
bbca,-0.091103554,-0.25392705,-0.22601528,0.2518149,0.26192346
bbri,-0.35103288,-0.27574024,-0.13406321,0.018924387,0.21560077
antm,-0.35580045,0.021925583,-0.043502975,0.2973383,0.3251969
bren,-0.2609344,-0.15847133,-0.14498438,-0.052502766,0.40612707
overview,-0.27963346,-0.16338645,-0.15117204,0.107866906,0.31295484
teliti,-0.13939479,-0.23394194,-0.16756073,0.12035211,0.30743322
nahkoda,-0.09300896,-0.070575416,-0.3539876,-0.058186293,0.34792477
dek,-0.11894478,-0.31738335,-0.3373316,0.12308458,0.17141755
exceload,-0.33887196,-0.35799384,-0.051394574,0.009914106,0.23578441
sidik,-0.109467074,-0.30714706,-0.15155381,0.056761533,0.43037498
strength,-0.17677325,-0.1250684,-0.33290488,-0.07149447,0.41844186
tekuk,-0.36226037,-0.21995293,-0.12050866,0.17767067,0.4472462
tensile,-0.02857672,-0.18022378,-0.21590072,-0.023564884,0.4227223
posko,-0.059998076,-0.22085002,-0.3253991,-0.11047365,0.34345934
soekartono,-0.14052628,-0.24865314,-0.3482661,0.1570417,0.22714642
haryo,-0.25779596,-0.2641541,-0.08521518,0.18959434,0.17620137
npwp,-0.42877886,-0.17039482,-0.13515723,0.042083204,0.30266342
bel,-0.10878987,-0.21117021,-0.31856602,0.14792088,0.20998888
banderol,-0.25772494,-0.03364866,-0.20064859,-0.021269703,0.40684408
kecil,-0.2473628,-0.12471145,0.07500474,0.32534736,0.33675098
mulia,-0.24446347,0.019235358,-0.34627625,0.05196217,0.17275089
karat,-0.14280999,-0.012727775,-0.026381534,0.31694877,0.13729125
chf,-0.17657666,-0.0686881,-0.24152277,-0.031633895,0.3510311
cad,-0.047471408,-0.17386666,-0.123930395,0.26197645,0.37732872
uer,-0.28406486,-0.10934933,-0.2520974,-0.06429756,0.41818777
variatif,-0.23990037,-0.06114839,-0.07508443,0.08310951,0.32465488
bloomberg,-0.3533343,-0.17100723,-0.06514398,-0.030953113,0.268989
darurat,-0.085014276,0.08727897,-0.16751282,0.1926751,0.12672883
nepal,-0.17546844,-0.013633121,-0.1732386,0.095201366,0.22027023
anti-asing,-0.22265075,-0.17592314,-0.026328204,-0.0072813886,0.3559378
sentimen,-0.12198185,-0.036300782,-0.26954556,0.15216875,0.51387495
kumamoto,-0.1450097,-0.18230484,-0.27711552,0.00079360814,0.122809194
kato,-0.29957426,-0.13505466,-0.28480744,-0.118025914,0.31734565
hikaru,-0.32621947,-0.26348624,-0.107218586,0.24945605,0.36588815
kyoto,-0.3638956,-0.28053898,-0.04268734,0.17873894,0.2884754
kishimoto,-0.042069066,-0.019211173,-0.04976053,0.2192636,0.4604954
fuyo,-0.3944927,-0.097256884,-0.031635694,-0.0056665475,0.20901664
ikigai,-0.25272518,-0.2424699,0.017915566,0.05003601,0.37483191
filosofi,0.0055936202,-0.059274703,-0.05314722,0.26151216,0.44116572
ilmuwan,-0.27555677,-0.07289484,-0.18742903,0.015236476,0.38939244
ueno,-0.28043446,-0.3203401,0.057644323,0.1169647,0.37243977
kenichiro,-0.08761108,-0.11604738,-0.09871206,0.20113163,0.22863199
cnn,-0.051616717,-0.061874554,-0.23974432,-0.04431864,0.4375863
ribu rp,0.001102396,0.09835775,-0.28206727,0.2421237,0.41932198
tualang,-0.12150611,-0.18870743,-0.19267306,0.08892851,0.21311913
pinang,-0.20441973,-0.24975035,-0.27992257,-0.06842761,0.2890044
sarang,-0.37352642,-0.005502374,0.0139747765,0.2159223,0.2482509
wifi,-0.3086949,-0.112868264,-0.061704602,-0.12557793,0.4012097
kabel,-0.22899982,0.017632226,-0.33109027,0.05556288,0.22944665
vlepo,-0.36125213,-0.049509495,0.023319753,0.08474875,0.30970162
keponet,-0.15751581,-0.2317266,-0.2436393,0.19652493,0.42189956
megalos,-0.33862865,-0.24117894,-0.08662475,0.10035494,0.26006225
cloudone,-0.023762157,-0.06629426,-0.26099303,0.2326917,0.5162893
isp,0.02195873,-0.20095293,0.001169953,0.1693377,0.47886553
iot,-0.15387602,-0.24649435,-0.2737997,0.2494066,0.34215438
cloud,-0.07514644,-0.18304779,-0.19463383,-0.069477215,0.4037644
roaming,-0.14106065,-0.27886057,-0.25668213,0.11473678,0.20350192
antar-access,-0.116980895,-0.16958946,-0.20155719,-0.08135939,0.29201886
latensi,-0.17579523,-0.08066511,-0.24523842,-0.10811774,0.42388955
spektrum,-0.047051083,-2.7352944e-06,-0.26507902,0.11426025,0.24833319
access,-0.017423917,-0.3483145,-0.15963064,0.23063551,0.4217225
antarsinyal,-0.065802336,-0.14578229,-0.31561598,-0.105037756,0.1839918
interferensi,-0.35389215,-0.15548539,-0.30757383,-0.04989,0.25601536
uhr,-0.08629193,-0.121319994,-0.32997087,0.23178354,0.34650433
reliability,-0.27116853,-0.23902437,0.0008640476,0.0826067,0.26490378
ultra,-0.23135397,-0.33622533,-0.29922226,0.023800872,0.22191514
bn,-0.30457354,-0.3482007,-0.17186615,-0.03770141,0.26259166
ieee,-0.041038223,-0.37573406,-0.28550747,0.11502722,0.30367458
gu,-0.2285411,-0.28379714,-0.17165452,0.15718916,0.28928262
jimmy,-0.035573244,-0.09511888,-0.0595724,0.06511381,0.42581156
budiman,-0.19713491,0.011291793,-0.15623249,0.10614039,0.17485577
founder,-0.091164924,-0.18880776,-0.090579994,0.1589865,0.16331092
towr,-0.12898792,-0.1779209,-0.26241568,-0.025132174,0.40811652
enterprise,-0.36984214,-0.1382068,-0.05170786,-0.0653145,0.16866717
hospitality,-0.37723333,-0.07146141,-0.026857955,0.26932532,0.17216526
lumpur,-0.19719586,-0.32518283,-0.20978384,-0.0008450543,0.3341203
kuala,-0.03700248,-0.05531634,-0.3369406,-0.009949981,0.2807692
semesta,-0.2241703,-0.1419656,-0.04858095,0.14231943,0.38557914
bumn id,-0.11991774,-0.20008273,-0.27505335,0.053807747,0.42148176
aneh,0.015294198,-0.21814664,-0.28533667,-0.10776376,0.16768992
benchmark,-0.17781958,-0.15142715,-0.14361095,-0.101549245,0.38158217
engineering,-0.27014837,-0.21307111,-0.08559931,-0.031139098,0.35486048
langgan jalan,-0.2590728,-0.15342674,-0.16841409,0.026419302,0.16724668
sutrisno,-0.1581986,0.03614471,-0.081204,0.16443162,0.43427765
sk,-0.3334592,0.012504588,-0.20378372,0.13046767,0.4342853
persentase,-0.14230752,-0.21073623,-0.1195935,0.16622783,0.3814455
nominal,-0.33407137,0.054116316,0.014744965,0.28453586,0.29442728
genap,-0.239461,0.06667273,-0.33199438,0.22958073,0.32795182
ayat,-0.1433907,-0.1333711,0.04205711,0.19958454,0.12937827
janda duda,-0.19295624,0.021624418,-0.310798,0.17768584,0.26640964
uang administratif,-0.21418458,0.0006712208,-0.18583715,-0.09070604,0.16656592
tayang,-0.13570294,0.056890655,-0.22305569,0.29695252,0.31528193
binalavotas,-0.3619416,-0.17014833,0.026835313,-0.025771054,0.52778155
vokasi,-0.12698118,-0.22236764,-0.09334135,0.030164372,0.1892725
maganghub,-0.1342934,-0.23299442,-0.14797322,0.2466996,0.23347124
global-el,-0.09465517,-0.17475183,-0.12723929,0.077185355,0.39778602
kombo,-0.29395005,-0.28267413,-0.17728679,-0.053102974,0.21916033
mitigasi,-0.12027299,-0.0036461414,-0.093122974,0.0066774352,0.43681717
sebentar,-0.19735862,-0.29751676,-0.07058226,0.055091422,0.25899902
plant-nya,-0.106058046,-0.04759681,-0.25836793,-0.0793453,0.31427577
curhat,-0.33450797,-0.05158951,-0.14752068,-0.03152199,0.30715242
dengerin,-0.22023338,-0.1242157,-0.2545625,0.13670853,0.3647973
pas,-0.15155658,-0.2098929,-0.03827656,-0.07667407,0.15563805
nang,-0.35192046,-0.009854268,-0.31893575,0.07963516,0.1819377
bionik,-0.325916,-0.12338543,-0.073285006,-0.10824609,0.22094612
robot,-0.28743935,-0.00946358,-0.35618415,-0.050146148,0.30146495
para,-0.24141088,-0.34767163,-0.13419496,0.09582701,0.2235234
lift,-0.11107234,-0.3177847,-0.06273401,0.0017370761,0.18823858
jiaxing,-0.3102209,0.002251655,-0.14698724,0.15270719,0.18117198
pilah,-0.2939102,-0.30906162,-0.12265545,-0.0071554095,0.3688911
scmp,-0.04400605,-0.20657256,-0.16109453,0.041026164,0.39756578
gerbong,-0.10003928,-0.020929135,-0.29412287,0.028018327,0.45554504
wisata,-0.17449263,-0.22550865,-0.20570393,-0.11441004,0.31874394
-tempat,-0.3051191,-0.0734147,-0.14521913,-0.07799168,0.3968747
transum,-0.10041695,-0.031515498,0.018774144,0.28232306,0.46647787
dahaga,-0.17720014,-0.06581827,-0.18632145,-0.055408034,0.24092427
betapa,-0.19146784,-0.31435767,-0.03100513,0.21119769,0.23593733
cendol,-0.20292619,-0.032071546,-0.21684425,0.15295643,0.332335
sarden,-0.27684048,0.0053911805,-0.28074595,-0.027086006,0.34204778
kaleng,-0.11639912,0.047165748,-0.10297937,-0.10166526,0.44184905
gencet,-0.2286802,-0.3111579,-0.13463154,-0.042783655,0.30679265
angkot,-0.15947327,-0.27036566,0.03380435,0.08946022,0.41837537
misal,-0.20590825,-0.105629444,-0.021344611,-0.005543595,0.4379324
design,-0.31375006,0.06702091,-0.11410309,0.079759985,0.19025129
seringkali,-0.14642957,-0.14411783,0.033989586,0.18216683,0.3220501
berdesak-desakan,-0.20642105,-0.16866343,-0.21409085,-0.13955854,0.07609182
peka,-0.075472325,-0.23490278,-0.17337807,0.17200471,0.36664915
minim,-0.24769785,-0.06065649,-0.3080175,0.09524261,0.17468962
desain,-0.19817588,-0.31397116,0.031387985,0.16815186,0.20217584
wamendagri,-0.13105743,-0.18898003,-0.12122105,-0.05352288,0.2688768
waskita,-0.30460295,-0.27974585,-0.09206407,0.04897386,0.18653059
propertindo,-0.3118294,-0.20781286,0.03052209,0.13899621,0.20828475
velodrome-manggarai,-0.0030674916,-0.18026918,-0.15667096,-0.030590232,0.3391491
jakpro,-0.06654647,-0.1952851,-0.29558238,-0.060432777,0.5008073
spesifik,-0.04376709,-0.309938,-0.0047682007,0.19689976,0.21608612
winarno,-0.102835074,-0.21026964,-0.22700955,0.16596538,0.15367816
niat,-0.23225535,-0.17253485,-0.27326682,0.22750728,0.36511746
danaantara,-0.021567851,-0.12323779,-0.28213117,-0.018251609,0.25619572
rapbn,0.07593887,-0.19182375,0.008917706,-0.095404424,0.35323176
dtsen,-0.10759824,-0.15601021,-0.18666776,0.01893123,0.20708573
rebo,-0.124810964,0.057001784,-0.22091141,0.19976752,0.3007504
agen,-0.03216394,0.006247364,-0.30192205,-0.11778307,0.3638611
loker,-0.2643935,-0.079364926,0.0022539697,0.07720438,0.038099796
alpha,-0.35622787,-0.082106516,0.018922098,-0.016572751,0.2803788
kabupaten kota,0.01696525,0.043543044,-0.098248824,0.14595059,0.4020839
mbr,-0.036028467,-0.17370057,-0.04186247,0.010760987,0.4462058
vertikal,-0.30211046,-0.20132361,-0.18520378,-0.059693,0.2826512
transjabodetabek,-0.061622046,0.033862382,-0.14052288,0.1280526,0.30664757
sesak,-0.298059,0.015813634,-0.27503327,0.06147234,0.35310948
jakarta-bogor,-0.040889114,-0.13587874,-0.21304901,0.17539968,0.41748098
januari-agustus,-0.1651465,-0.24629954,-0.045821466,0.13499947,0.38708836
purba,0.009915321,-0.211036,-0.20414671,0.25558287,0.1718443
isyarat,-0.26304212,-0.24432442,-0.1984653,0.18585661,0.36292818
bbb,-0.20294935,-0.21664251,-0.32534805,0.1979552,0.44180554
authority s,-0.27847084,-0.30919486,-0.19709715,0.14807147,0.45202342
hitam,-0.19308858,-0.09111192,-0.35573244,-0.038656328,0.23859693
jas,-0.35612285,-0.020701025,-0.10982009,0.14851068,0.4641424
gar,-0.44758984,-0.32564184,-0.107790776,0.09946576,0.43695465
dasi,-0.18241233,-0.41284254,-0.12446797,0.18142454,0.39783484
kemeja,-0.2228314,-0.26448286,-0.29053527,0.028057417,0.42248324
berondong,-0.3924678,-0.25474375,-0.33789867,0.017758477,0.31634605
manggarai-dukuh,-0.2672957,-0.050815348,-0.054811817,0.11233252,0.4730118
manggar,-0.11881217,0.0010086228,-0.042067047,0.023785545,0.4463897
kontraproduktif,-0.18172961,-0.31030744,-0.19691907,0.096585885,0.43861017
jht,-0.2671063,-0.30720383,-0.034804184,0.19668579,0.35496837
mk,-0.35203636,-0.3519398,-0.13874006,0.019802181,0.45678663
sangon,-0.054976966,-0.3704324,-0.22735846,0.2696565,0.31025413
permenaker,-0.13119519,-0.056609135,-0.18575811,0.028621843,0.49043468
kesah,-0.22194666,-0.169856,-0.31064025,0.23910218,0.3237374
black,-0.41432872,-0.32596555,-0.19853961,-0.017315866,0.3036165
istilah,-0.39035898,-0.21336883,-0.124385715,0.10574238,0.4489965
jebak,-0.3839623,-0.3555283,0.006017456,0.14455165,0.23638473
rusuh,-0.24935566,-0.36589795,-0.34744245,0.06504448,0.39936474
anarki,-0.24444485,-0.10145073,-0.37050107,-0.0013603548,0.5401178
kapan,-0.12620519,-0.12277627,-0.1426701,-0.030455012,0.5857215
akal,0.098056465,-0.09260551,-0.16633889,0.093001544,0.31155434
ecer,-0.10299397,-0.3747023,-0.1953602,0.22033797,0.3747676
kamil,-0.13541508,-0.35832366,-0.37814376,0.28479558,0.28354102
haykal,-0.30146992,-0.32174802,-0.16279408,-0.022482775,0.42403156
pcc,-0.11260977,-0.21984695,-0.17328544,0.3223488,0.5158086
contact,-0.194048,-0.032767877,-0.17282093,0.255722,0.5419751
monitor,-0.15647891,-0.16555226,-0.33169916,0.13126993,0.4724596
wibowo,-0.29974362,-0.23401877,-0.18050365,0.10230135,0.4676645
aditya,-0.29586023,-0.17363359,-0.34608617,0.046340223,0.3040678
csr,-0.080093786,-0.17432971,-0.36464143,0.0216917,0.45454744
relations,-0.3780853,-0.28092083,-0.2184718,0.056272857,0.34201753
pjs,-0.39583665,-0.097946726,-0.27289686,0.14645816,0.4508763
maros,-0.40168482,-0.22981629,-0.40273967,0.16970883,0.40075424
takalar,-0.34150964,-0.32747528,-0.29128826,0.050604586,0.31237867
gowa,-0.0696559,-0.29011756,-0.33003342,0.11869783,0.34779283
brics,-0.17769845,-0.041802965,-0.29107386,0.04239768,0.104970396
ktt,-0.33004272,-0.30350763,-0.25429785,-0.028444385,0.45328388
bapak,-0.12670082,-0.37675336,-0.048014514,0.20604752,0.5434016
ii-,-0.09855723,-0.17059147,-0.25750357,0.16153252,0.5341497
ninja,-0.17357641,-0.2987111,-0.085981585,0.011350457,0.5556758
yield,-0.35043514,-0.39616722,-0.028584115,0.15274596,0.31751505
dividend,-0.4285405,-0.34404045,-0.330178,0.25521073,0.2863642
valuasi,-0.41659132,-0.13323708,-0.054136075,-0.024289388,0.52305937
selektivitas,-0.18104419,-0.1489663,-0.27688402,0.14579694,0.5051377
sid,-0.13490745,-0.020191122,-0.3306342,0.165884,0.5500223
identification,-0.20072012,0.017217312,-0.23115712,0.25265738,0.5258214
horizon,-0.16317129,-0.13555688,-0.15203707,0.04111511,0.44779265
dinamis,-0.06731734,-0.40788966,-0.32715136,0.09120855,0.41055298
hungga,-0.24235415,-0.22800185,-0.10134332,-0.022030545,0.37680653
under,-0.17874488,-0.19610044,-0.109322034,0.15817772,0.3677634
kayak,-0.31760046,-0.00047811307,-0.040372927,-0.05382745,0.48277542
ngisi,-0.269813,-0.4113226,-0.18026133,-0.08566147,0.3502577
sulaeman,-0.19210936,-0.042898003,-0.24096337,0.23683892,0.5417945
langka,-0.21683037,-0.28359547,-0.11494537,-0.084941715,0.5297997
ngantri,-0.2715217,-0.04309373,-0.09031057,0.076543696,0.5052002
antri,-0.13386069,-0.03521278,-0.39017704,0.12740956,0.6391895
tolong,-0.20135148,-0.23318727,-0.43544605,0.052578036,0.4635887
anjur,-0.18319643,-0.09593944,-0.39753032,0.05257487,0.37412688
formulasi,-0.08906822,-0.39505425,-0.34433046,0.025448553,0.31095058
pertalite,-0.19740535,-0.14355554,-0.17043167,0.27525297,0.34328336
biodiesel,-0.3086113,-0.2746838,-0.11199709,0.06329774,0.24979497
hingga,-0.13292766,-0.03349254,-0.30226344,0.11248627,0.45356762
kembangan-balaraja,-0.2581193,-0.30791628,-0.012737316,0.13196433,0.35089168
depo,-0.3131762,-0.1744905,-0.054472513,0.024531312,0.5453762
cikarang,-0.3509406,-0.3421888,-0.04610522,-0.015708292,0.5329836
balaraja,-0.19475721,-0.093309306,-0.17143974,0.15846196,0.5617676
satria,-0.05871588,-0.09417998,-0.33336756,0.018949797,0.41700897
tomang,-0.18800145,-0.13849422,-0.10650769,0.012153195,0.32712087
hi,-0.4060315,-0.19730558,-0.17060114,-0.033559725,0.6167725
bundar,-0.32931834,-0.10995926,-0.108037256,-0.038301717,0.6633324
di-groundbreaking,-0.052192755,-0.016617635,-0.3431709,0.084654346,0.40484363
etika,-0.22228187,0.049766578,-0.047590107,0.20109986,0.28988415
fraud,-0.061064757,-0.01748189,-0.09563609,0.24413346,0.47016653
esg,-0.38258317,-0.293923,-0.0857524,0.0067056534,0.2935509
environmental,-0.123022355,-0.21252836,-0.08314362,0.044130854,0.41310012
kucur,-0.2789676,-0.22780058,-0.19309233,0.0007716721,0.52536184
changer,-0.2720798,-0.21522959,-0.06418435,0.042074345,0.21483365
kbh,-0.4202874,-0.21813802,-0.1376235,0.24200337,0.21784025
curve,-0.26345146,-0.31266767,-0.24884138,0.087027654,0.3964901
learning,-0.40797055,-0.3570377,-0.17866334,-0.029619712,0.3189806
stimulasi,-0.36898893,-0.3903534,-0.34689674,0.036508776,0.26385033
completion,-0.35653046,-0.26686794,-0.25830346,-0.09029967,0.30124456
drilling,-0.12770918,-0.21506213,-0.4185543,0.019404594,0.46389264
subsurface,-0.12386456,-0.073177785,-0.15099238,-0.07837137,0.5110959
sumur,-0.24077508,-0.19689879,-0.103775226,-0.015216159,0.5135596
siswanto,-0.30304033,-0.334548,-0.23694243,0.19275206,0.399228
skk,-0.15703912,-0.106477275,-0.23944993,0.28862256,0.2653447
split,-0.04047115,-0.35019064,-0.22736745,0.20306282,0.41944093
recovery,-0.293118,-0.010504767,-0.3242339,0.15988775,0.39523178
cost,-0.38345268,-0.042931996,-0.11151587,-0.09051284,0.26810881
mem m,-0.34839714,-0.14840765,-0.17051496,0.1527007,0.36160707
k mg,-0.43316752,-0.2000684,-0.08361673,0.24009423,0.3707697
balam,-0.37162971,-0.27315742,-0.22537456,0.047080964,0.23810494
rangau,-0.39436927,-0.27570078,-0.29433298,0.07735415,0.26176864
mmboe,-0.077027425,-0.244182,-0.23953333,0.27400365,0.54379
recoverable,-0.36454982,-0.28112715,-0.34679747,0.16351919,0.25638357
studi,-0.2917966,-0.20192228,-0.17759946,-0.08244346,0.28660017
bor,-0.116847396,-0.025180135,-0.07304438,0.23673157,0.41693968
sumberdaya,-0.11641951,-0.09375891,-0.10509331,-0.0661147,0.35375097
nonkonvensional,-0.247638,-0.2510061,0.007313761,-0.0030999687,0.5221488
dasco,-0.081232555,0.0836446,-0.31517896,0.030885288,0.23520015
gocap,-0.20744729,-0.16708153,-0.25220472,0.027189143,0.5410393
genggam,-0.13214691,-0.16468538,-0.28078172,0.1549726,0.45193693
selling,-0.1679941,-0.0019434268,-0.22309825,0.17713527,0.46265343
hendrik,-0.35505912,-0.25803566,-0.38115424,0.05465635,0.18988627
composite,-0.17908409,-0.34085286,-0.1266848,0.19313662,0.59536624
nikkei,-0.30792114,-0.22622716,-0.3035331,0.15307245,0.27286914
seng,-0.42813918,-0.004215411,-0.1418088,-0.027017554,0.45556626
hang,-0.37519175,-0.32020903,-0.2246349,0.297681,0.24614477
bentar,-0.2805864,-0.017531114,-0.19678248,-0.044025376,0.4139756
hampir,-0.22390147,0.055882696,-0.1938707,-0.039996967,0.56738085
reform,-0.13865805,-0.13040635,-0.104517154,0.22493297,0.32274878
timpang,-0.22590822,-0.13533261,-0.13762084,0.15351339,0.40574595
struktural,-0.37343836,-0.13211717,-0.39106306,0.08851911,0.32899404
nisa,-0.31894222,-0.036868125,-0.3074709,-0.102400996,0.38030455
antarwilayah,-0.11154526,-0.34150475,-0.2008189,0.04673119,0.52107495
fragmentasi,-0.35485655,-0.3228388,-0.15152211,-0.07032822,0.41498885
subnasional,-0.25090045,-0.11833602,-0.38562357,0.12986146,0.3638674
arsitektur,-0.37248343,-0.15020809,-0.24777058,-0.031161798,0.35450035
esensial,-0.18572898,-0.01949682,-0.21119767,0.18689762,0.41645405
responsif,-0.17476393,-0.049016804,-0.13599195,0.1817433,0.51745635
alimov,-0.2259675,-0.112909,-0.052349187,0.16868149,0.45235088
adb,-0.35534447,-0.22157842,-0.33291855,-0.06861046,0.36660597
local,-0.21619461,-0.14326921,-0.018897187,0.21221505,0.3065046
improved,-0.30421728,-0.06582485,-0.27836367,0.24170616,0.48553762
decentralization,-0.15662414,-0.27449134,-0.15996188,0.21325447,0.2223435
accelerating,-0.3249987,-0.14066458,-0.21988492,0.16604725,0.3056714
subprogram,-0.07099009,-0.28648618,-0.27157784,-0.11166104,0.34470728
bank adb,-0.34774697,-0.10834895,-0.18339624,0.046929225,0.3587284
hutan,-0.20622443,-0.081669755,-0.025633564,-0.082462534,0.5719109
karhutla,-0.23503649,-0.047375515,-0.3511031,0.11478627,0.47564128
jppi,-0.35744154,-0.01788941,-0.2807811,0.28465366,0.40193495
formasi,-0.13035525,-0.04536547,-0.311446,0.08139469,0.5372044
cpns,-0.28810814,-0.2916695,-0.30020055,0.23587438,0.3566569
anti-radikalisme,-0.24787399,-0.19767517,-0.24450748,0.19946772,0.54803663
silogisme,-0.24417391,-0.12840196,-0.39183012,0.27045894,0.36170194
nasionalisme,-0.403769,-0.3828371,-0.28236392,0.21690054,0.28720808
butir,-0.17507009,-0.22921693,-0.39337882,0.10648905,0.3255952
taruna,-0.3587744,-0.18961933,-0.11808925,0.16175362,0.30391493
praja,-0.13725698,-0.112648964,-0.34928027,0.20469768,0.51030236
tuang,-0.20713581,-0.23888357,-0.24920838,0.07842568,0.33258745
kumulatif,-0.32628185,-0.30535293,-0.32149026,0.23541856,0.23586398
intelegensia,-0.2123272,-0.17969161,-0.3402268,0.22137792,0.4807378
bkn,-0.16859762,-0.07896332,-0.26472795,0.23562437,0.49522528
cat,-0.3149724,-0.11740588,-0.08267502,0.14106035,0.36750194
assisted,-0.3165718,-0.27654907,-0.27066717,0.26264295,0.28262198
computer,-0.15433066,-0.2819317,-0.2599343,0.14484614,0.33271754
kelulus,-0.33438042,-0.2411506,-0.35700858,0.20858915,0.40961525
oknum,-0.16875061,-0.08272716,-0.32274485,0.24997576,0.30725294
widyantini,-0.28156665,-0.12678564,-0.19337335,0.17786172,0.5136975
sampel,-0.21226741,-0.264168,-0.11880074,0.23121296,0.55449843
cms,-0.13722906,-0.29136628,-0.3278997,0.14594737,0.40460527
fortifikan,-0.23527178,-0.0085096285,-0.21654943,0.11975228,0.6760991
kernel,-0.23778795,-0.16607462,-0.3819762,0.084883526,0.43736374
tabir,-0.38731164,-0.31721297,-0.0938862,0.018770888,0.33884922
denda,-0.37790802,-0.3336896,-0.18412733,0.072697274,0.37864852
culas,-0.20811819,-0.14256741,0.013217861,0.012318309,0.40739384
wamen,-0.32081705,-0.023750857,-0.15345384,-0.0031037817,0.19847646
kitab,-0.29741538,-0.2837461,-0.018168287,0.055995215,0.45083687
bahwa,-0.07985512,-0.06163726,-0.08951723,0.15657403,0.58144045
jabar,-0.35911128,-0.08348866,-0.19666149,0.051146485,0.34671202
sharif,-0.24217106,-0.36927533,-0.11148753,0.017496008,0.43091723
omar,-0.35076168,-0.12389503,-0.22624348,-0.0031907985,0.5165356
petan,-0.06214626,-0.182132,-0.34182638,0.2440883,0.4176775
kasar,-0.22510505,-0.14710164,-0.34821516,0.12265571,0.30910325
pula,-0.14250505,-0.019923419,-0.1546226,0.1415181,0.4632904
d i yogyakarta,-0.04835712,-0.35267195,-0.25340793,0.035038,0.4573128
tera,-0.19894539,-0.047868583,-0.18463334,0.26759544,0.45139277
kawal,-0.42139262,-0.011912734,-0.04503522,-0.092984654,0.41196114
moratorium,-0.06256159,-0.03178918,-0.22627096,0.12706259,0.21966836
widada,-0.21567546,-0.12696892,-0.22521336,0.030835684,0.58379453
wahyu,-0.30071366,-0.2899749,-0.26502922,0.11335411,0.32216454
komjen,-0.19185977,-0.041568644,-0.056533158,-0.008888734,0.41535932
irwasum,-0.26557243,-0.08254651,-0.10472729,0.14597924,0.29206318
asupan,-0.14591551,-0.32442224,-0.07569262,0.2501175,0.4684971
biochemlab,-0.27941993,-0.07382097,-0.20604648,0.08426007,0.55141145
angler,-0.41356117,-0.108905315,-0.18926215,0.12777592,0.2940321
eurofins,-0.15637825,-0.293604,-0.08518703,0.23896219,0.37094754
ipb,-0.23127472,-0.31382063,-0.16275008,-0.09753967,0.5035675
brmp,-0.2096662,-0.28598815,-0.08172643,-0.069558635,0.42756316
genetech,-0.35038587,-0.3308922,-0.2650399,0.00058708084,0.3927875
indo,-0.11143289,-0.060393192,-0.091381855,0.14206313,0.38030753
saraswanti,-0.3749169,-0.055987928,-0.20981313,0.14483148,0.25894564
wewenang,-0.1852317,-0.13718255,-0.21215075,0.081808686,0.5446978
scope,-0.38424852,-0.03355716,-0.03068923,0.037954602,0.5613535
kasus,-0.3059805,-0.23383288,-0.29861456,0.11255035,0.4881547
antar-aparat,-0.10339233,-0.037716515,-0.2743241,0.25139672,0.18489966
kawan,-0.19586787,-0.11213036,-0.07220716,0.25081077,0.4384337
ekspos,-0.1763417,-0.17826977,-0.14324322,0.1604636,0.35040683
jampidsus,-0.14754139,-0.1534363,-0.23008701,-0.06443746,0.31155834
escrow,-0.28446737,-0.12807053,-0.049902264,0.1831059,0.5287052
rekening,-0.22165036,0.0049765566,-0.032592777,-0.01973727,0.45038188
tenggat,-0.2542177,-0.0051370375,-0.21415325,-0.06271383,0.33835164
dramas-lah,-0.37215754,-0.25515825,-0.35294834,0.20233785,0.33060983
stabilisasi,-0.20218013,-0.027061792,-0.17541662,0.0884019,0.34893158
sandbox,-0.1447652,-0.23342532,-0.14457798,-0.1538616,0.34373796
bottleneck-nya,-0.35589525,-0.06864712,-0.15728272,-0.00143821,0.37683704
aktivasi,-0.22736645,-0.022103596,-0.0033762793,0.14240989,0.51836324
pmse,-0.31833676,0.0587191,-0.3399898,-0.00961363,0.38689628
seller,-0.09064868,-0.34825936,-0.17503257,-0.013845055,0.24688546
insa,-0.24544038,-0.2002481,-0.30461735,0.20576134,0.4750592
polres,-0.31335145,-0.22138123,-0.22484216,-0.041106336,0.50616366
syahbandar,-0.100418754,-0.18600565,-0.22542699,0.23109561,0.49738228
indikatif,-0.2527111,-0.36992216,-0.025666699,0.099294566,0.4013167
multipurpose,-0.29294538,-0.27099845,-0.17655954,0.17870149,0.23064958
operator,-0.23312654,0.013767796,-0.31361488,-0.028333498,0.2847572
sat,-0.15134545,-0.19313115,-0.094819106,0.28356993,0.3927137
acceptance,-0.43582565,-0.23830491,-0.16970073,0.061275348,0.17366569
site,-0.06298779,-0.27207485,-0.18383867,0.24072231,0.41093016
siahaan,-0.13204375,-0.3520322,-0.10251993,0.20891805,0.54227275
overhaul,-0.3287193,-0.26678652,-0.3314353,0.23166381,0.24605408
interval,-0.20149326,-0.17174916,-0.13656959,0.25385323,0.34082195
partikulat,-0.12017961,-0.27500033,-0.33771303,-0.07388377,0.3622172
sox,-0.23800805,-0.07608789,-0.10225278,0.11340195,0.34725693
sulfur,-0.36286238,-0.006247175,-0.23071824,0.17331721,0.4219602
nox,-0.07955865,-0.04402655,-0.15224238,0.13556609,0.34936216
nitrogen,-0.47911003,-0.18918738,-0.1414381,0.20548011,0.35860622
cerobong,-0.23418133,-0.03546494,-0.34087786,0.048743784,0.564626
reefer,-0.33247653,-0.2645958,-0.21663868,0.10392787,0.31077778
load,-0.11280844,-0.29736558,-0.248609,0.09443719,0.22963434
shore-to-ship,-0.16285294,-0.119366184,-0.07022494,0.02099977,0.43574318
prasodjo,-0.021759916,-0.37032804,-0.15422173,0.061385553,0.35535014
darmawan,-0.2294775,-0.06879032,-0.30569047,0.1948021,0.5051217
muchtasyar,-0.3326857,-0.008093866,-0.27687922,-0.09382509,0.34712157
getar,-0.15394376,-0.0705522,-0.1650411,0.20266786,0.31893274
bising,-0.1006835,-0.14809208,-0.3843024,-0.04622898,0.34049314
best,-0.38993663,-0.21488892,0.0452278,-0.02002433,0.37220892
rang,-0.054679997,-0.2891225,-0.12246729,0.08497121,0.3275456
pnp,-0.039523914,-0.11208542,-0.2113194,0.19548608,0.5182263
kva,-0.14996518,-0.06504787,-0.30368686,0.02690491,0.347211
onshore,-0.12672138,-0.08273387,-0.13884439,0.10212844,0.503692
a-c,-0.3701597,-0.19171785,-0.13891077,-0.058977857,0.44197813
rating,-0.31702015,-0.04671133,-0.10886833,0.24278349,0.42557013
entities,-0.18021467,-0.05772188,-0.2131805,0.13562122,0.49123964
revenue-supported,-0.35245615,-0.18664618,-0.33595756,0.10114193,0.43853125
policy,-0.44703135,-0.15722778,-0.24907592,0.21679987,0.2960937
public,-0.34265733,-0.2960174,-0.19620287,0.07778825,0.48673105
kriteria,-0.21124117,-0.25921324,-0.07801295,-0.08411049,0.2642565
speculative,-0.1626642,-0.2540441,-0.12788771,0.08143468,0.5091571
lower,-0.30818543,-0.034564342,-0.13449481,0.20541365,0.2749361
predikat,-0.37220496,-0.06678128,-0.1745671,-0.023472471,0.4503838
antarkawasan,-0.23012766,-0.17382738,-0.085485846,0.26273364,0.53868234
excellence,-0.15002698,-0.3526383,-0.32947904,0.14061959,0.34297696
operational,-0.3838082,-0.15018202,-0.017192025,-0.079146765,0.575818
cass,-0.29424787,-0.2745434,-0.0824308,-0.022385364,0.35142443
sentral,-0.02612939,-0.26496014,-0.31685162,0.13403238,0.29427686
utilitas,-0.054866817,-0.33905208,-0.1417655,0.0147295715,0.52338445
cdi,-0.14582111,0.0188607,-0.24158657,0.031596515,0.43510103
bitumen,-0.35268125,-0.08134094,-0.07854067,0.11052159,0.30390948
oil,-0.11307401,-0.100094795,-0.27529234,0.13892771,0.28482953
jet,-0.2228864,-0.27735808,-0.120825514,0.095096424,0.34800637
petroleum,-0.11927867,0.019785814,-0.28117663,-0.022464562,0.25715238
ritel,-0.00016958395,-0.31402615,-0.35007483,-0.08346551,0.43138817
esso,-0.13110262,-0.024441956,-0.25547007,0.021055289,0.38589233
pijak,-0.37248498,-0.03208135,-0.031937923,-0.07818537,0.519144
chemicals,-0.2640071,-0.25985238,-0.024698082,0.11206443,0.236793
akuisisi,-0.08245568,-0.12093478,-0.29763982,0.13703978,0.43497163
impor,-0.3071848,-0.21343309,-0.06832688,-0.058756262,0.4864597
caa,-0.0665307,0.006207905,-0.2531393,-0.030903393,0.5256385
cilegon,-0.2521068,-0.124787666,-0.16571695,0.11199816,0.38343522
ca-edc,-0.25714153,-0.19855495,-0.20160754,0.16800234,0.4524084
dichloride,-0.22634621,-0.11828481,-0.23313531,0.23271371,0.34155276
ethylene,-0.22838856,-0.32601976,-0.24054262,0.17419378,0.15547489
chlor,-0.3275516,-0.06934799,-0.021604825,0.06962433,0.34664124
ciputra,-0.127132,-0.060930163,-0.12133568,-0.091918685,0.31862217
cracker,-0.23416544,-0.095173754,-0.2796435,0.09450413,0.14384522
naphtha,0.07158086,-0.108147554,-0.25998884,0.2162241,0.33415115
kafe,-0.14488453,-0.30515853,-0.24494994,0.26149595,0.33829606
adr,-0.1569426,0.027139967,-0.20189711,0.047818672,0.4303609
broker,-0.41663373,-0.23591694,-0.057785206,0.031474687,0.38515157
sanggup,-0.14568116,-0.25849402,-0.23508544,0.05878278,0.44062576
lev,-0.30496553,-0.056619167,-0.21000986,0.18531545,0.23947896
pahlevi,-0.08514531,-0.21545327,-0.073370256,0.23456281,0.34408385
son,-0.14779143,-0.26426476,-0.17583133,0.046759605,0.47859505
swasta antara,-0.06234197,-0.06142518,-0.020608274,0.30885854,0.4674278
alfarisi,-0.19324076,-0.2865461,-0.07158578,0.0075920485,0.28565535
mediasi,-0.037304863,-0.26323134,-0.3070292,0.07307371,0.3383098
husein,-0.34455213,-0.18178406,-0.2354031,0.0049658874,0.20084566
plt,-0.15122631,-0.14654908,0.016102409,-0.08028554,0.44223025
nusron,-0.081707105,-0.16586025,-0.13290617,0.06588278,0.42233437
ruang badan,-0.043180577,-0.11776148,-0.1475107,0.28216276,0.33948866
tjio,-0.3094038,-0.09791355,-0.07761239,-0.04276225,0.44062614
lydia,-0.36337185,-0.23771589,-0.03423025,0.11781795,0.42799127
hybrid,-0.19387938,-0.27161476,0.0008066844,0.037371468,0.4369078
kulit,0.024264092,-0.25790188,-0.09659327,-0.09676078,0.41192272
ispa,-0.25610024,-0.3548826,-0.13475849,0.29259107,0.21571797
klasifikasi,-0.053562965,-0.036565963,-0.1565942,0.2644916,0.23956819
yudhoyono,-0.12891763,-0.083435304,-0.14116475,0.20454107,0.4799368
sekat,-0.13078384,-0.111734286,-0.009235699,0.09714504,0.3556502
dedikasi,-0.3598416,-0.24109358,-0.029320324,0.116648145,0.34249157
jago,-0.09204468,-0.2043103,-0.23737282,-0.07904861,0.19401251
mention,-0.20290634,-0.016835915,-0.2185469,0.078926854,0.16007234
kolom,-0.07018474,-0.159355,-0.29151025,0.10785767,0.30164698
hafal,-0.09009889,-0.24539189,-0.054107428,0.15645278,0.14122002
inspirasi,-0.09314235,-0.17760807,-0.1356287,-0.064942524,0.37910214
rushartomo,-0.1423776,-0.30085665,-0.18495601,0.16402791,0.33992878
carnando,-0.056890734,-0.28203365,-0.054720793,0.08395355,0.23787645
rose,-0.045646135,-0.097994484,-0.12571378,0.035110872,0.46112067
ran krs,-0.30148983,-0.25117794,-0.19248365,0.112007074,0.027587146
keberhasilanpbti,-0.116808586,-0.31323522,-0.1338545,0.19715632,0.4745063
menjadibukti,-0.26834184,-0.36236057,-0.05098577,0.052483622,0.4676964
optimismennya,-0.28504863,-0.15050052,-0.25978786,0.06802876,0.1554225
kerabat,-0.06562734,-0.14124958,-0.28571808,0.05551362,0.30296016
semprot,-0.14803901,-0.19279203,-0.22188991,0.19344416,0.34327176
madam,-0.07302078,-0.008131483,-0.011850249,0.27542523,0.36748913
organizer,-0.15612961,-0.12651382,-0.25883004,0.20451275,0.38037184
debu,-0.034736883,-0.06825163,-0.20660207,0.003455555,0.4706427
krakatau,-0.11941648,-0.028153814,-0.12034438,0.09908334,0.21010311
erupsi,-0.3502312,-0.09639273,-0.24976745,-0.072984405,0.45743287
vulkanik,-0.16577649,-0.32422975,-0.18287498,0.073006794,0.15415779
abu,-0.13891886,-0.2077931,-0.0023579667,-0.08389042,0.44484147
tiada,-0.41828826,-0.08150224,-0.08525441,0.05125298,0.28476232
stamina,-0.31550264,-0.23541385,-0.092394084,0.13161229,0.18718001
lawyers,-0.37296784,-0.08109107,-0.1555886,0.23116797,0.30639774
ahhn,-0.20992921,-0.08674528,-0.16146815,0.06493889,0.31779978
ran aff,-0.25069666,0.031023294,0.0551986,0.037435584,0.17572369
multi,-0.16672136,-0.01716261,-0.28428358,0.01209753,0.3187711
petathlon,-0.10232254,-0.32332194,-0.28043708,0.073971465,0.39730465
menyampaiakan,-0.09799258,-0.3601583,-0.32832524,0.030627577,0.34249705
biathle,-0.34557822,-0.26718414,-0.16668445,-0.036552697,0.345422
triathle,-0.345955,-0.024739595,-0.3039963,0.012127137,0.4817643
medai,-0.15052372,-0.0018938278,-0.38397548,0.14979771,0.19062048
wawancara,-0.18424878,-0.2368099,-0.07250718,-0.047323216,0.4922267
rupa,-0.2089452,-0.13122222,-0.12245737,-0.11180058,0.1677156
aau,-0.15035874,0.015879178,0.0029916181,0.093958594,0.25623137
obstacle,-0.18271495,-0.14744468,-0.1880535,0.013985969,0.42685017
rintang,-0.21421707,-0.31205025,-0.06357101,0.13846572,0.25376785
pekanbaru,-0.11878637,0.0244967,0.034115355,0.17569698,0.33148983
pahlawan,-0.34162927,-0.14505325,-0.021381572,0.20128806,0.35331345
angin,-0.035292983,-0.15982324,-0.36164364,0.10668474,0.28130695
takut,-0.09290601,-0.07198258,-0.2571614,0.029443912,0.16820918
nostalgia,-0.33992532,-0.20067167,-0.25419438,-0.01765755,0.4203774
mrp yna,-0.08349924,-0.04895746,-0.24214233,0.20244977,0.23100907
rame,-0.19772546,-0.09524308,-0.13969527,0.20713547,0.32500863
jaysinghani,-0.24606435,-0.055248808,-0.014132449,0.048808243,0.4784203
raghav,-0.15050459,-0.26942492,0.023282764,0.12309484,0.2533908
moonga,-0.3257972,0.0048383465,-0.0633025,-0.09067528,0.36381343
ahren,-0.33609572,-0.24689955,-0.11090548,-0.029793143,0.35169882
eric,-0.2413792,-0.14542967,-0.055155504,-0.05371143,0.44917285
swedia,-0.28812453,-0.34564307,-0.17293143,0.011861241,0.18101203
heisnam,-0.29081735,-0.034860447,-0.17200913,0.19714329,0.20668781
selebrasi,-0.34821543,-0.20308012,-0.05668026,0.23398243,0.13762711
runner,-0.25140843,-0.2249647,-0.06552776,-0.022306843,0.35118055
surut,-0.09012371,-0.25476962,-0.03514929,0.116492495,0.40617207
hirosawa,-0.2879592,0.07794351,-0.1833352,0.28992623,0.47900322
rembes,-0.20749798,-0.08961156,-0.064904645,0.18103382,0.1996888
ungsi,-0.32530254,-0.33419836,-0.32797635,0.23402393,0.19521123
prefektur,-0.3484557,0.05239877,-0.1615962,0.20210017,0.42440924
landa,-0.22803397,-0.0022406392,0.06641948,-0.006429207,0.20932738
lebat,-0.25750378,-0.14793096,-0.053341914,-0.050902955,0.20370251
terjang,-0.28544435,-0.24289319,0.057479925,0.039502293,0.42300195
aduh,-0.37877634,-0.3058765,-0.056428105,-0.027137822,0.12747383
ingin,-0.13640696,-0.34355167,-0.29685894,0.054296218,0.31379217
kaget,-0.18507078,-0.11425086,-0.34919542,0.021742402,0.23035991
pikirin,-0.2713534,-0.14557676,-0.25204256,0.14004394,0.4438631
karel,-0.10677742,-0.213917,-0.16037704,0.10511169,0.3591448
mixednya,-0.29216823,-0.34231794,-0.08700407,0.16366799,0.16551061
mirip,-0.20029739,-0.39060658,-0.11980146,0.18405046,0.22184396
riskan,-0.11603751,-0.32975537,-0.29083526,0.14133787,0.26470932
fight,-0.12759826,-0.08041021,-0.087172985,-0.033524893,0.34209716
beberapa,-0.3136451,-0.13274328,-0.20306593,0.17121357,0.2365727
daripada,-0.3154115,-0.09715718,-0.10199485,0.17257695,0.23382972
rombong,-0.19552623,-0.0040806835,-0.03978738,0.26295048,0.28231922
raya detiksport,-0.38823014,-0.099196635,-0.1466472,-0.06981487,0.22233546
mercy,-0.26922077,-0.2475483,-0.07221485,0.14268695,0.2312799
muluk,-0.3617346,-0.4108634,0.001481575,0.029801486,0.23615968
dhinda,-0.09416856,-0.012660688,-0.32174265,0.24221069,0.37945604
kadek,-0.29267055,-0.06861425,-0.21075271,0.12932944,0.1618208
ni,-0.32330143,-0.07806304,-0.06268373,-0.10707648,0.2755984
wiryawan,-0.1745397,-0.005593862,-0.09919311,0.16695654,0.29912624
r,-0.40875247,-0.04971123,-0.08183365,0.079229064,0.33859342
thalita,-0.32126114,-0.19186062,-0.2883435,0.06538496,0.19443469
perahu,-0.07017294,-0.20418052,-0.006105104,0.04583117,0.33201814
wushu,-0.2842224,-0.21713571,-0.24090415,0.15700714,0.08393607
tessier,-0.11073529,-0.00064278534,-0.08078143,-0.05183612,0.26167363
reuters benoit,-0.12588497,-0.12854628,-0.12049642,0.17158872,0.29484084
krakow,-0.2329035,-0.26261556,-0.21126714,0.059836198,0.27224764
rita,-0.12388297,-0.2621102,-0.28437027,-0.093649894,0.167331
made,-0.33219656,-0.239265,-0.05410557,0.16412893,0.39966205
yenny,-0.2363026,-0.24457696,-0.035164703,-0.025100946,0.40695047
fpti,-0.037490804,-0.18227528,-0.24285379,0.12770963,0.50698084
juniansyah,-0.22747006,-0.11025724,-0.2365991,-0.027346581,0.32200912
rizki,-0.16692646,-0.26018226,-0.18467884,-0.058979746,0.32687414
carnando daniel,-0.0030731785,-0.28417373,-0.25543737,0.22538306,0.411455
alfian muhammad,-0.11800931,-0.080345236,-0.017665934,0.061146773,0.48247275
non-pelatnas,-0.038903836,-0.3007778,-0.31874776,0.100511536,0.37193877
realitas,-0.031096077,-0.3068625,-0.17842178,0.18775271,0.085198425
dragonboat,-0.06547679,-0.19621797,-0.29431912,-0.021175176,0.32771903
politik,-0.008025362,-0.3272719,-0.11168369,-0.036963537,0.35891137
chief,-0.10411145,-0.0046382453,-0.23733693,-0.0052971756,0.3061364
koi,-0.084942706,-0.20635024,-0.3502661,0.26801774,0.16542529
multiajang,0.03151162,-0.30305332,-0.0471384,-0.004281789,0.30413866
bidik,-0.191123,-0.2187504,-0.07276544,0.26954427,0.124978885
anti,-0.27551162,-0.2920251,-0.057288826,0.12940867,0.28630954
meeting,-0.2897786,0.036261994,0.02632812,0.22143026,0.38134125
gerimis,-0.3013015,-0.107377544,-0.19646552,0.10982569,0.27650258
tenda,-0.12409742,0.016566193,-0.090307966,0.24437445,0.46916586
halte,-0.33384976,0.025699627,-0.017989587,0.05658049,0.3409505
athlete,-0.14933406,-0.079461366,-0.06494896,-0.07179933,0.15925707
imanuel,-0.3197756,-0.13827035,-0.04213907,0.1458089,0.18586867
btn,-0.122472465,-0.18053734,-0.20521832,0.19310284,0.25948086
managing,-0.14998108,-0.27736488,-0.22844279,0.09914115,0.36904866
ren,-0.09713822,-0.26687804,-0.10043385,0.21709311,0.23581822
kanechika,-0.36689407,-0.2537801,-0.16199347,0.19597416,0.29988003
tsuya,-0.10936631,-0.2757641,-0.169211,0.23528588,0.18893589
lie,0.043903098,-0.2531496,0.09249028,0.15302251,0.25264174
hadinata ivana,-0.056557536,0.09416688,-0.09999437,-0.06545751,0.33135262
christian,-0.28305283,-0.09273104,-0.13004966,0.23577935,0.3873036
gamda,-0.18782443,-0.21893817,-0.10654058,0.03988042,0.45879072
gampang,-0.27758044,0.01805771,-0.069148116,0.25381333,0.36798263
makanya,-0.08554185,-0.18194507,-0.19884387,0.0014774648,0.19028877
yaqiong,-0.37621376,-0.19331032,0.06273339,0.26679075,0.3564675
siwei huang,-0.2607873,-0.13606088,-0.052738003,-0.10165334,0.47160012
zheng,-0.06501167,0.05561619,-0.33102527,0.25261593,0.32130426
lose,-0.12668236,-0.26100928,-0.11534911,0.029425243,0.40162686
nothing,-0.25211877,-0.27699018,0.025300581,-0.043833755,0.43503782
nervous,-0.059669234,-0.25389594,-0.10759699,0.23246086,0.33645755
loh,-0.08000857,-0.27641627,-0.12854408,0.07839055,0.29293823
antarinstitusi,0.014391121,-0.0268202,-0.07259945,0.025485586,0.27121833
silaturahmi,-0.351639,-0.10367116,-0.24955676,0.21222425,0.3670797
manah,-0.030393256,0.03679317,-0.24226005,0.029225478,0.3289116
marsma,-0.19700088,-0.20934653,-0.0535078,0.054993484,0.44176435
kaskoopsudnas,-0.27143854,-0.13481387,-0.09344021,0.24092577,0.29404113
askomlek,-0.35475942,-0.18477651,0.025345214,-0.007660554,0.23496313
elektronika,-0.32883558,-0.04196899,-0.28357223,0.032432757,0.35354447
nurfitriyana,-0.028806593,-0.2676154,-0.20363665,-0.08052232,0.24877378
wardhani,-0.008399935,-0.21257327,-0.24739073,0.055923592,0.4223181
handayani,-0.1817786,-0.09718438,-0.06427219,0.16197173,0.3258792
lilies,-0.14220096,-0.13006541,-0.26620167,0.05116468,0.3947881
seoul,-0.39556077,-0.05084071,-0.1317164,0.03570084,0.13956004
keran,-0.06887164,-0.36727047,-0.12962744,-0.05365247,0.41537863
pan,-0.27560303,-0.008212504,-0.09317849,-0.097298875,0.3167279
komando,0.07018131,-0.15452242,0.12289505,0.16110219,0.21861191
zapp,-0.34905496,-0.37908024,-0.28338978,0.22516583,0.39278713
ethan,-0.22118233,-0.10098615,-0.2670141,-0.061114646,0.5062026
shepp,-0.25146687,-0.2940795,-0.28105968,0.2091317,0.5979715
frustrasi,-0.16794406,-0.08081019,-0.2613433,0.155751,0.47357547
cerdik,-0.34564123,-0.14978504,-0.092676826,0.11413865,0.4766746
dogelar,-0.2669658,-0.27604893,-0.3282006,0.24371326,0.39067504
benak,-0.21986352,-0.2239007,-0.28843588,0.25371823,0.45319566
media-red,-0.11197457,-0.06189455,-0.1648817,0.17781894,0.3543783
gadang,-0.21856575,-0.065582626,-0.23308095,-0.063758634,0.5935422
pintar,-0.13531168,-0.28528374,-0.17535898,-0.007583011,0.52623886
jeli,-0.3141381,-0.2837393,-0.21164073,-0.025678292,0.37191945
kartika,-0.13892616,-0.14930445,-0.24376781,0.0013879852,0.5721357
mempererathubungan,-0.3685535,-0.08236772,-0.27882296,0.089304835,0.44736704
sportifitas,-0.29679605,-0.34830746,-0.18869208,0.082708195,0.5695589
ezra,-0.28525063,-0.076592475,-0.3437636,0.023385124,0.30631858
divisi,-0.09356298,-0.34251776,-0.22239044,0.25846675,0.39186448
awarding,-0.27737957,-0.05594326,-0.1527294,0.31968713,0.4623915
shotgun,-0.30393812,-0.29644915,-0.29611757,0.1588071,0.30152017
registrasi,-0.14907652,-0.3055194,-0.35836905,0.017958483,0.21380858
suherman,-0.121431895,-0.2487938,-0.27241862,0.07384547,0.32952043
trisya,-0.12772322,-0.15907352,-0.4013329,0.0049740374,0.32828867
ebih,-0.35021108,-0.1341403,-0.010309917,0.12962474,0.30299494
nilai-,-0.38150063,-0.25698707,-0.32788476,0.08955965,0.26508275
kerjasama,-0.4100379,-0.2337839,-0.29725096,0.06583062,0.43442234
konstruktif,-0.40247944,-0.24197471,-0.24585406,0.22206952,0.504705
dar,-0.24277465,-0.31961784,-0.19495748,0.11112426,0.36487916
petinggi,-0.20970333,-0.08380126,-0.2932304,-0.019822264,0.4142915
kolaboratif,-0.08707609,-0.20365883,-0.31024882,0.12610392,0.5570564
collaborations,-0.30375165,-0.29123273,-0.09950877,-0.06752351,0.570579
connection,-0.24529952,-0.3872359,-0.31546697,0.1577611,0.46109927
leadership,-0.39447007,-0.14527404,-0.0046922364,0.19039392,0.52979565
decade,-0.41534877,-0.1592763,-0.15452445,-0.021378808,0.34020343
yayasan,-0.072786696,-0.0682416,-0.35332814,0.16155736,0.4790746
solidaritas,-0.2614797,-0.3022197,-0.11676884,0.048145786,0.63288623
kejuaraa,-0.24148034,-0.18330851,-0.12687644,0.04868585,0.63333625
tiburron,-0.23305762,-0.06893006,-0.30792037,0.09983668,0.31583482
qatar,-0.10637739,-0.09766454,-0.31884786,-0.05820476,0.54803145
portimao,-0.24560706,-0.21240374,-0.4811046,0.23597221,0.36803052
faq,-0.20118117,-0.05091295,-0.23397483,-0.05477258,0.5684489
tenant,-0.18229356,-0.0757879,-0.19833279,0.22425555,0.59658223
kreator,-0.380717,-0.32338038,-0.38886726,0.17629658,0.28865588
musisi,-0.35375008,-0.07894202,-0.30558106,-0.045444433,0.3710918
helm,-0.47396222,-0.25998873,-0.14680442,0.124829024,0.511437
mine,-0.46775156,-0.13230029,-0.2869775,0.039161388,0.5448081
premio,-0.41338748,-0.16048397,-0.25564685,-0.009401849,0.56829894
aspira,-0.31940335,-0.356987,-0.24420036,0.30314013,0.43425173
kyb,-0.24193807,-0.055216737,-0.3938437,0.119009875,0.37233055
kawasaki,-0.19154903,-0.052861355,-0.41511354,-0.049408883,0.56421703
dainese,-0.30999956,-0.2881971,-0.38137165,0.07719224,0.23946582
ipone,-0.3716002,-0.3128244,-0.3555503,0.29589397,0.5110509
susur,-0.06572364,-0.2753451,-0.27224937,0.05083644,0.39863932
gimmic,-0.38499576,-0.26884833,-0.028673211,0.04537527,0.4741917
gila,-0.39810926,0.004552663,-0.15026739,0.28437886,0.40019214
baba,-0.15295832,-0.2523637,-0.23448472,-0.026749484,0.32794583
scrambler,-0.18467404,-0.27021366,-0.42323717,0.031206857,0.35249135
scorpio,-0.19380383,-0.34363776,-0.42197084,0.17239413,0.2634462
frastianto,-0.3205524,-0.15875423,-0.22940642,-0.049096763,0.51086843
fox,-0.41678363,-0.30764163,-0.35475942,0.09388021,0.4443387
ntrl,-0.24286525,-0.3465771,-0.30733714,0.011204962,0.39366692
bunkk,-0.43464932,-0.13058779,-0.18287502,0.24687423,0.36752993
bottom,-0.48025662,-0.4250159,-0.12835823,0.26507178,0.36009005
johana,-0.19817041,-0.18240306,-0.42336473,0.10137975,0.39440164
adella,-0.17486627,-0.28142303,-0.34188235,0.23262702,0.30684078
egos,-0.37304077,-0.066888876,-0.05159009,0.16407335,0.51704055
fourtwnty,-0.19304305,-0.2159461,-0.13731332,-0.044892155,0.35192174
nuwie,-0.12045425,-0.33259293,-0.11706857,0.105056696,0.49176976
feat,-0.19928701,-0.35622358,-0.27654153,0.2068837,0.58690155
holes,-0.2293165,-0.08110618,-0.12280033,0.31238505,0.5695448
ten,-0.35124528,-0.19863722,-0.12035928,0.099014245,0.58157045
cs,-0.186945,-0.3131734,-0.07988089,0.23695372,0.4771983
nunung,-0.3895322,-0.23440886,-0.06388418,-0.054851953,0.35457197
orkes,-0.2536805,-0.2994765,-0.10599143,0.11967368,0.30256462
rompies,-0.3202423,-0.21848404,-0.31277257,0.28262916,0.29776418
vincent,-0.23417258,-0.20534693,-0.2938016,0.121370725,0.34606224
with,-0.5291172,-0.24155164,-0.2302776,-0.0040685115,0.5675642
squad,-0.26668575,-0.3350048,-0.22591811,0.06337059,0.5375695
star,-0.40598378,-0.17360026,-0.37478727,-0.057149924,0.3991528
death,-0.40609282,-0.20223342,-0.3407456,-0.019798247,0.27826807
teenage,-0.13096005,-0.11454212,-0.34759647,-0.053629804,0.5956713
raynaldi,-0.30149433,-0.10735868,-0.46953112,0.057477538,0.43488577
matthew,-0.27514428,-0.30055642,-0.41511,0.105011456,0.6034807
pontianak,-0.25829238,-0.11935476,-0.107444614,0.35086554,0.34160838
malang,-0.34315553,-0.12943076,-0.060356252,0.2409169,0.48618788
chapter-chapternya,-0.35233414,-0.25833592,-0.39686412,0.013590039,0.29125664
look,-0.1327653,-0.34144056,-0.30719078,0.25241444,0.5830143
casual,-0.3576881,-0.21020481,-0.2733944,0.25069517,0.5340938
style,-0.2857943,-0.24771884,-0.29507044,0.16216318,0.56512016
gear,-0.4554448,-0.11634886,-0.27079445,-0.016874257,0.33260214
runway,-0.28726548,-0.29529524,-0.34352246,-0.009117203,0.48635584
ekspresi,-0.22946693,-0.34215456,-0.21882921,0.06347784,0.55812746
hadziq,-0.3520629,-0.28797823,-0.24356978,0.31799805,0.43765104
adam,-0.4522818,0.033599563,-0.07118215,0.15716432,0.48877236
project,-0.38436514,-0.14216936,-0.016154932,0.10136077,0.2112883
subroto,-0.25971878,-0.100630015,-0.1671639,0.25957647,0.3756496
gatot,-0.50373894,-0.06573941,-0.10574019,-0.0020592473,0.47924522
jitu,-0.3966952,-0.20566718,-0.32531226,0.22265454,0.47942784
aerox,-0.4182227,-0.17451708,0.029971661,0.06884172,0.47288492
yaitu,-0.28293434,-0.14769387,-0.28230035,0.32432124,0.3756788
submit,-0.26679406,-0.20079991,-0.40182236,0.220993,0.29425532
detik com boldriderspodiumpicks,-0.3811865,-0.06675334,-0.37147176,0.17204502,0.37372968
connect,-0.14999294,-0.330622,-0.110113494,-0.003173776,0.5639189
login,-0.3628081,-0.38006705,-0.30914608,-0.065262735,0.37361744
mcy cas,-0.0718558,-0.10594635,-0.041644175,0.2074594,0.23175336
saling,-0.2775231,-0.40892792,-0.32848263,0.21769758,0.25910747
bagia,-0.30916455,-0.4055245,-0.019222826,0.18053931,0.41451085
sunti,-0.1521005,-0.41128814,-0.26099837,0.03805278,0.27753693
mengugkap,-0.2819273,-0.29644883,-0.0059589334,0.09943768,0.294136
mcy nds,0.013472533,-0.3078073,-0.22018923,0.0082470635,0.042598516
give-nya,-0.053106558,-0.24275285,-0.07819522,-0.048234306,0.3628471
take,-0.39316177,-0.2688266,-0.2238796,0.2792341,0.24036308
begini,-0.15342712,-0.32858697,-0.3292693,0.15532622,0.3283316
mukul,-0.21115573,-0.112536766,-0.34573337,0.1605424,0.46762148
naikin,-0.14370902,-0.3125644,-0.2879778,0.25478283,0.50213486
signifikandi,-0.18369983,-0.12711076,-0.27916807,-0.041981835,0.42759478
intens,-0.34216493,-0.06961659,-0.2753266,0.042767245,0.52985024
segitu,-0.3932557,-0.1803875,-0.14929979,0.28715196,0.41128436
semifinalis,-0.29115948,-0.14365529,-0.03921707,0.23017822,0.45204735
datang pasang,-0.1424203,-0.04380557,-0.097097084,0.02151101,0.48849162
waktu selisih,-0.4573384,-0.09358469,-0.32612675,0.41911814,0.3078927
depan-belakang,-0.21974099,-0.04048004,-0.14942373,0.043578062,0.5398683
paut,-0.42320254,-0.05300159,-0.29486677,0.048540507,0.514902
tempel,-0.17111747,-0.1763248,-0.5331302,0.011258823,0.29686603
soft,-0.10383205,-0.20742777,-0.45259506,0.18419191,0.52247924
buntut,-0.36193514,-0.19420363,-0.5083988,0.3215403,0.20062749
double-double,-0.14385985,-0.3496183,-0.4459475,0.0838871,0.22102582
michael,-0.45248157,-0.30202746,-0.17094947,0.24742869,0.2555882
assist,-0.2271085,-0.28164044,-0.31460613,0.027755743,0.5297954
jeda,-0.2585997,-0.18402463,-0.07728657,0.20727195,0.30704367
woosuk,-0.35754368,-0.24030687,-0.3468936,0.1981643,0.34888443
yonga,-0.4092094,-0.18938255,-0.086460315,0.24750856,0.4629584
hendrick,-0.0930501,-0.13472216,-0.07188028,0.2760735,0.4546239
asai,-0.28033018,-0.004874648,-0.2379979,0.02564458,0.24598937
angsur,-0.23356739,-0.34351474,-0.32419544,0.04266813,0.4169204
hyunjung,-0.2683522,-0.18944193,-0.21020429,0.27439094,0.25996292
alhadar,-0.27932218,-0.1248963,-0.32207483,-0.014489057,0.19690154
raw raw,-0.2749026,-0.08398212,-0.16314274,0.04526307,0.20729722
attack,-0.2253999,-0.13872641,-0.48893237,0.26529318,0.23920804
kutat,-0.4798981,-0.05566623,-0.35737422,0.07571843,0.3746313
mrp raw,-0.32320082,-0.26272148,-0.11125336,0.04941,0.30843934
shearer,-0.46051145,-0.16830423,-0.34003854,-0.03508229,0.3889571
beamish matthew,-0.27483803,-0.32408243,-0.14965107,0.15258537,0.47345853
nick,-0.20502767,-0.2338204,-0.3894061,0.26965287,0.3268636
flack,-0.18271966,-0.06906906,-0.07569504,0.12790127,0.47543043
vu,-0.16122605,-0.261787,-0.3324556,0.11412784,0.42741343
duc,-0.19250552,-0.047124248,-0.23145746,-0.035391632,0.35189408
minh,-0.14846931,-0.19371437,-0.17190653,0.1422608,0.55214226
sharma ha,-0.3897249,-0.2967974,-0.11140089,0.09283229,0.49248388
ashwin,-0.44327605,-0.30859628,-0.08075452,0.25735098,0.2768779
kidal,-0.22331169,-0.41810027,-0.4155371,0.33322605,0.33063248
tensi,-0.3508081,-0.31575295,-0.18446271,-0.06949697,0.31601977
uras,-0.3366861,-0.14092535,-0.22576976,0.0021982542,0.37996006
tancap,-0.28904864,-0.20334859,-0.1737809,0.05321278,0.32970953
ran bay,-0.026310425,-0.18585534,-0.18304537,-0.08527506,0.2781154
istirahat,-0.08788093,-0.0991027,-0.2694217,0.057796974,0.25617296
pauw,-0.13792115,-0.23809093,-0.21992986,0.11137886,0.40148696
leonard,-0.16063824,-0.09337621,-0.18893538,0.25869384,0.5223449
kuningan,-0.2932112,-0.12176549,-0.09402778,0.2740606,0.3774827
fathan,-0.17268066,-0.18390717,-0.35375684,0.050644748,0.5634266
maulud,-0.08829547,-0.10865704,-0.03967876,0.15383862,0.4940448
nidan,-0.35797423,-0.23801233,-0.3208554,0.27285627,0.36794394
rahadi,-0.090420075,-0.23087814,-0.27461946,0.18648389,0.44312546
fathir,-0.3215886,-0.23465571,-0.19560544,-0.040267963,0.2772383
juluk,-0.4166313,-0.34838262,-0.29453027,-0.064125314,0.22924359
ledek,-0.1369464,-0.32110244,-0.16556604,-0.042457692,0.6089583
raket,-0.37982613,-0.11626996,-0.18185195,0.20049754,0.46722084
banting,-0.28135592,-0.10185492,-0.111086875,0.053775843,0.5740732
attitude,-0.10225787,-0.12987056,-0.07804047,-0.026660943,0.47572556
miranat,-0.1762114,-0.011078467,-0.3167585,0.2746163,0.24314126
aryono,-0.3063939,-0.10085419,-0.2448357,0.2867094,0.511335
taktis,-0.33077398,-0.27466032,-0.3458435,0.19065154,0.4608036
samping,-0.19037166,-0.3001156,-0.35181773,-0.076943725,0.33772558
pebultangkis,-0.19787067,-0.35063285,-0.053593904,0.06884681,0.37214968
screening,-0.21834253,-0.20503221,-0.2640889,0.04226809,0.39401054
bay pur,-0.26053467,-0.19852863,-0.032188997,0.2155244,0.35908228
merdeka,-0.3035479,-0.262373,-0.33479652,0.017424343,0.40553617
hydroplus,-0.33714533,-0.1045469,-0.34858492,0.0807715,0.26216146
senengminton,-0.25821635,-0.36366227,-0.24178602,0.2109819,0.52782017
athletics,-0.35095066,-0.20281743,-0.12539916,0.08431119,0.42857587
archery,-0.3054439,-0.095862,-0.14445156,0.3042249,0.57857716
all-stars,-0.29013705,-0.2715925,-0.37249026,0.15603967,0.5042436
extra,-0.31609538,-0.35123652,-0.09386974,0.01662852,0.40010563
hartono,-0.4562976,-0.43084532,-0.05633368,0.1945746,0.26490608
roberto,-0.40757093,-0.20457484,-0.1352485,0.09807177,0.5032026
supersoccer,-0.16577922,-0.1447555,-0.2723408,0.15584144,0.5245154
indofood,-0.36303112,-0.10907261,-0.0370312,0.03092967,0.45112595
year,-0.26496354,-0.25007525,-0.02461353,0.039711967,0.39044133
industry,-0.2972744,-0.2033064,-0.09178956,0.06965732,0.4642103
jicc,-0.4224737,-0.36861828,-0.32987285,0.063122,0.21176918
centre,-0.3022212,-0.30906013,-0.06115301,0.017885316,0.5511486
convention,-0.11404956,-0.093192436,-0.09175634,0.23585854,0.56564754
me-manage,-0.23935127,-0.15567309,-0.21705052,0.18798155,0.37042186
sulung,-0.3855612,-0.035363574,-0.10856981,0.19364052,0.32588634
kagum,-0.11715031,-0.16808029,-0.3309202,0.28052512,0.5446823
azyma,-0.08687724,-0.21526167,-0.25671828,-0.07050221,0.42336002
fitness,-0.11273319,-0.39688435,-0.16374475,-0.07341854,0.5184818
rozzak,-0.41273952,-0.0074276477,-0.29799408,0.04892559,0.46238324
sianipar-novri,-0.14247856,-0.28917137,-0.031026753,-0.05664737,0.40642324
petama,-0.03275235,-0.290478,-0.14350793,0.071930796,0.28129205
lonato,-0.19464236,-0.17296436,-0.15783533,0.1403701,0.57075816
garda,-0.3020569,-0.05599874,-0.18942551,0.2713442,0.5599646
girang,-0.3127865,-0.26432887,-0.23284867,0.08392919,0.3287954
sontak,-0.43932056,-0.08242999,-0.052870464,0.105040655,0.29052743
kemang,-0.11138308,-0.3030863,-0.33650848,0.2862193,0.5259621
non-seeded,-0.250848,-0.3317779,-0.4516035,0.2928147,0.2529912
newbie,-0.15972325,-0.1991236,-0.20416005,0.27182347,0.34967867
motosport,-0.24583243,-0.22597058,-0.26169965,0.13589273,0.4043938
lirik,-0.44175017,-0.26585838,-0.17884539,-0.041096244,0.58548725
nasaional,-0.07527375,-0.1359406,-0.33989063,0.11142185,0.5129693
keanon,-0.5113921,-0.08299736,-0.11896604,-0.027658734,0.3063898
avenue,-0.17272481,-0.008270202,-0.11252546,0.13616522,0.42596567
abrahham,-0.28202933,-0.16672213,-0.088878386,-0.0171156,0.3001362
tkm,-0.42899892,-0.057355423,-0.09409744,-0.05553231,0.23553494
remaja,-0.2704959,-0.27538806,-0.15100767,0.08792441,0.30093363
nal,-0.3555134,-0.102413714,-0.07290461,0.15896302,0.4566093
mari,-0.12154427,-0.07869473,-0.17546277,-0.035404492,0.36542785
rossi,-0.3023071,-0.10719985,-0.07772524,0.18081488,0.36053953
valentino,-0.17573133,-0.1274852,-0.1246396,0.13867672,0.45001173
murid,-0.3136139,-0.22958,-0.30075336,-0.0131000215,0.45514977
primer,-0.3336895,-0.31033736,-0.42520508,0.23568147,0.31863555
slow,-0.20261997,-0.006356472,-0.3671035,0.25604448,0.41072544
dangerous,-0.2296632,-0.20003563,-0.14282404,0.024052653,0.2699592
stewards,-0.09500917,-0.20842879,-0.17384332,0.25891414,0.3095646
pur bay,-0.24686456,0.02679129,-0.004915869,0.093906105,0.09071461
mentok,-0.23169664,-0.20185606,-0.27234548,0.052762832,0.24522536
surya,-0.13262033,-0.19554842,-0.103861734,0.07544755,0.44457746
devi,-0.10388501,-0.30425116,-0.18487246,0.18712284,0.37664348
berthdigna,-0.32889163,-0.042318124,-0.3055203,0.3147942,0.43118998
asih,-0.3007681,-0.27675235,-0.016608123,0.1108611,0.41948038
sallsabillah,-0.12063171,-0.3885498,-0.095956795,0.05873381,0.5361513
rajiah,-0.3470128,-0.37244764,-0.06571709,0.14265321,0.38273644
nursamsa,-0.30967817,-0.24729016,0.025687275,0.19436665,0.527826
raharjati,-0.29122722,-0.0633814,-0.14108571,0.32003957,0.5015979
galar,-0.3283835,-0.0061172517,-0.10978825,0.20742074,0.37215433
ibu,-0.31305876,0.009611462,-0.36290744,0.19415973,0.22017422
opini,-0.18978517,-0.16876832,-0.34208345,0.041209925,0.29734513
kontras,-0.15399773,-0.076443404,-0.20514104,0.17929982,0.33149222
silverstone,-0.20044582,-0.30483073,-0.16445354,0.084022954,0.37988836
labil,-0.34077123,-0.13716812,-0.22482109,0.23152722,0.28060576
stop-and-go,-0.37317407,0.0076705595,-0.012737097,-0.040844318,0.42706662
antar-tim,-0.3598587,0.019135933,-0.028435923,0.168057,0.28566554
krusial,-0.23102573,-0.38963872,-0.36204463,0.19973332,0.25842795
selang,-0.25843093,-0.01581505,-0.36025572,0.05024871,0.07080797
ciri,-0.22872749,-0.3048857,-0.3106031,0.15885425,0.25714812
ayah,-0.36208293,-0.01885548,-0.14155236,-0.051889084,0.4541249
paolo,-0.30953473,-0.29364756,-0.09497139,0.07197307,0.29570168
tampak,-0.5043475,0.020330053,-0.35340837,0.19487403,0.3183446
bunyi,-0.17195041,0.014974461,-0.25089142,0.07804833,0.42106548
fairing,-0.25821826,0.064697765,-0.12195738,-0.07254252,0.3766445
prototipe,-0.3848248,-0.25956646,-0.25072616,-0.036382597,0.47162682
rimini,-0.10314266,-0.29148147,-0.29270473,0.044361234,0.38476756
trek,-0.21895058,-0.09208918,-0.38841033,0.13928771,0.28153273
lekat,-0.37342298,-0.09811765,-0.37263373,-0.085339315,0.41946974
wafat,-0.1973178,-0.15837772,-0.35411903,0.23519331,0.3095336
mendiang,-0.20440006,-0.21932961,-0.09189938,0.042721294,0.4418426
kenang,-0.3604022,-0.0736756,-0.27047527,-0.013742443,0.19353892
flag,-0.36963743,-0.2293926,-0.27297047,0.006550004,0.3519268
yellow,-0.42994758,-0.25458258,-0.34538847,0.16908838,0.29304808
cas mrp,-0.17251545,-0.17549933,-0.15306146,0.005106148,0.342473
moodley,-0.20057292,-0.21206585,-0.0806709,0.11556409,0.52024287
ruche,-0.22563817,-0.27778608,-0.1585424,0.2301281,0.2823229
carraro,-0.38949868,-0.11672489,-0.059829388,0.07536582,0.40500042
nicola,-0.12514852,-0.079622865,-0.2797698,0.044353165,0.4781256
rammerstofer,-0.0832447,-0.077864654,-0.3717815,0.062208947,0.24557239
mitani,-0.32494888,0.00012862764,-0.21393856,0.011133856,0.41798508
zen,-0.11672992,-0.10104706,-0.039738555,0.21486783,0.42842937
marcos,-0.09703254,-0.24447449,-0.2351077,0.13254146,0.40541798
hanish,-0.27384558,-0.16855252,-0.37322313,0.1607289,0.21815354
moelli,-0.2851966,-0.23526509,-0.17605647,0.12314876,0.18451425
cape,-0.24865618,-0.28612962,-0.2353583,0.046313506,0.25259513
kilometer jam,-0.14937976,-0.2553509,-0.26905432,0.21823603,0.26864517
gunungkidul,-0.16318518,-0.2265606,-0.12962313,0.14219984,0.2186434
lahap,-0.16461127,0.008403624,-0.14589423,-0.044432715,0.45365176
front,-0.31195843,-0.028280076,-0.050931733,-0.0060499487,0.31128055
intact,-0.37848908,-0.18019779,-0.20604318,0.112984866,0.34744185
kuntit,-0.2108392,-0.25721624,-0.5125014,0.22714256,0.15544167
strip,-0.39528424,-0.07406624,-0.37758785,-0.005610623,0.22192311
selak,-0.25897047,-0.019561494,-0.117842495,0.23205888,0.4362774
vi ales,-0.3069186,-0.06881077,0.025658237,0.12411322,0.42974466
gap,-0.040106103,-0.12279531,-0.16478813,0.26305085,0.29949653
hajat,-0.29841787,0.004051585,-0.14836456,-0.11518579,0.18665932
ramal,-0.19515301,-0.22688222,-0.44934168,0.11386092,0.36340597
animo,-0.3541263,-0.20600477,-0.15810926,0.19327964,0.34734064
iss,-0.3410168,-0.09086044,0.050338686,-0.0727863,0.45238218
fans,-0.3791819,-0.0880028,-0.24855557,0.17520711,0.37996116
betot,-0.13339122,-0.014427166,-0.09459347,0.009725252,0.31875
warokka,-0.13749504,-0.27342036,-0.17549892,0.10686109,0.5033383
itdc,-0.36581066,-0.32177737,-0.3139495,0.10771398,0.32804954
corporation,-0.23935881,-0.30350417,-0.30782706,0.06857068,0.23814777
tourism,-0.16024524,-0.31381443,-0.18357418,0.066996396,0.5402823
day,-0.19388941,-0.18349233,-0.11615718,-0.037588734,0.25206393
ketimbang,-0.33469784,-0.03317043,-0.15890783,0.055020075,0.2698875
rasi,-0.027620655,-0.14676516,-0.31658113,-0.024736624,0.4578229
coures,-0.12795168,-0.08625659,-0.4028781,0.26647156,0.2941272
course,-0.11646252,-0.09039115,-0.21285827,-0.033316314,0.4711372
popb,-0.38772416,-0.15452847,-0.23608857,0.04838146,0.45427862
fai,-0.039442554,-0.23083289,-0.2617401,0.24879393,0.37280786
kejuarda,-0.41275248,-0.078286484,-0.035579953,0.041596506,0.28544363
popnas,-0.33145237,-0.15653306,-0.25754586,0.13399075,0.454139
sn,-0.38439623,-0.049154133,-0.35582197,-0.06826711,0.43573105
o,-0.16899674,0.007549788,-0.15100533,0.065168485,0.41190597
pesanggrahan,-0.11121163,-0.043051306,-0.22084598,0.3103927,0.26420853
faletehan,-0.2606507,-0.22566994,-0.22228885,0.0105421785,0.3196731
tirta,-0.1539531,-0.17312178,-0.020885991,0.11209897,0.3453243
elite,-0.35303867,-0.0076651317,-0.27349052,-0.056579366,0.49174106
titi,-0.21317483,-0.32394862,-0.19757393,0.14168912,0.15450095
rans,-0.09895921,-0.09693161,-0.37438,0.134276,0.22488992
chairman,-0.122172356,-0.18886271,-0.31692812,0.09128628,0.3180653
issi,-0.32262957,-0.05676654,-0.16369045,0.10757134,0.32064268
argentina,-0.17982589,-0.35306028,-0.006882237,-0.10173154,0.40051034
olympic,-0.26313493,-0.048138935,-0.22657527,-0.09405834,0.49908218
youth,-0.07297899,-0.3434471,-0.33413535,0.102756314,0.46783116
chef,-0.15350306,-0.3742208,-0.075828515,0.07714718,0.42924184
april,-0.24980837,-0.35984597,-0.3413734,0.130646,0.38877863
ariotedjo,-0.27638847,-0.34020835,-0.034373257,-0.029864145,0.2974801
nandito,-0.25902027,-0.073623024,0.0113033345,0.14030677,0.5349617
ario,-0.18888861,-0.003998041,-0.29754418,-0.043468732,0.48155275
mabes,-0.10037103,-0.12491701,-0.30594218,0.13137184,0.31161007
mrp pur,-0.16581608,-0.0014893468,-0.21921214,0.03754679,0.06954986
kritis,-0.18694124,-0.012052985,-0.012432503,0.024399294,0.36950806
ngan,-0.19475707,0.012063897,-0.1347401,0.13338837,0.4018178
dok men s,-0.3622104,-0.13189289,-0.14743394,0.17853308,0.23218665
falck,-0.21244344,-0.12466197,-0.29766804,0.21054478,0.43605968
pratap,-0.24665123,0.028645055,-0.07348092,0.11862379,0.5204236
digvijay,-0.15451923,-0.31160894,-0.072781384,-0.052059248,0.355044
kampus,-0.08492224,-0.08366151,-0.27166316,0.18265851,0.27768072
tampild,-0.32491824,0.0047378126,-0.31569418,0.2639162,0.31043813
perempatfinalis,-0.40087292,-0.08399082,-0.37930295,0.041919287,0.2548644
kubur,-0.05167031,-0.147332,-0.039224908,-0.079581484,0.31010804
ngoyo,-0.13416304,-0.24754989,0.008878397,0.0862184,0.3991675
sektir,-0.3144866,-0.058993638,-0.24531451,0.15761758,0.14649002
yulianti,-0.37444186,-0.32514337,0.020229274,-0.0273283,0.46163124
arbi,-0.18504016,-0.3847369,-0.17900817,0.08901247,0.29444578
tepi,-0.17014581,-0.017129123,-0.04817101,0.083381735,0.44894975
kerucut,-0.047246546,-0.3750646,-0.13645244,0.192003,0.13244611
nds ran,-0.09012813,0.0464869,-0.20761651,0.18119957,0.3908088
segel,-0.23415865,-0.09497166,-0.22515975,0.07787969,0.3470643
halang,-0.22502136,-0.18100813,-0.065246016,0.21279159,0.31693426
munoz,-0.20920843,-0.3006122,-0.3281982,0.0558402,0.199864
reuters eduardo,-0.090129845,-0.283999,-0.26176378,0.027738051,0.22747898
impresif,-0.32115322,-0.08364273,-0.05612533,0.026515158,0.26965398
junjung,-0.24644636,-0.18417509,-0.063474305,-0.007486688,0.284179
message,-0.18138613,-0.1984225,-0.13812317,0.20509812,0.32921657
direct,-0.25541404,0.015623322,-0.04475826,0.2759405,0.14601897
ecek,-0.0999743,0.019985119,-0.077257656,0.1766889,0.24690954
dwidilanmchtr,-0.17923833,-0.112381585,-0.07865809,0.0611114,0.42257944
fikrinugraha,-0.12534261,-0.015196575,-0.3145972,0.25601563,0.23342375
ricoramaddhan,-0.023507936,-0.26916918,-0.27823812,0.12872952,0.3039769
twin,-0.1466679,-0.15009232,-0.35174048,0.13578677,0.2649462
sedot,-0.21544407,-0.20747174,-0.03839783,0.1646811,0.16607729
tema,-0.37164432,-0.21563153,-0.31934613,0.13289183,0.27992976
quiz,-0.21990174,-0.1288883,-0.04812941,0.17698358,0.27650565
adp aff,-0.11132781,-0.08677692,0.064113915,0.16289012,0.1054389
cundang,-0.05981002,-0.14896315,-0.08338907,0.29317272,0.38854128
almarwani,-0.4394049,-0.32177764,-0.14584991,-0.050666716,0.19041379
mathna,-0.36122385,-0.1757434,-0.4098491,-0.037754185,0.24084605
alsuwailem,-0.24811542,-0.1915311,-0.16708514,0.28125396,0.1865412
mohammed,-0.19609064,-0.26795653,-0.34292594,0.05128678,0.33802894
abdurrahkman,-0.31993705,0.0017394549,-0.27362207,0.21283238,0.45622945
prastawa,-0.21245949,-0.30880263,-0.1366695,0.054965984,0.19081868
andakara,-0.20153563,-0.20695543,-0.27612448,0.2482186,0.12711784
grahita,-0.19018437,-0.03696477,-0.27747002,0.12687601,0.3802727
nipis,-0.14652169,-0.30759192,-0.30089974,-0.0634955,0.34668162
pin,-0.27465403,0.03197874,-0.31561115,0.24060678,0.21978976
alamnsa,-0.055504553,-0.24688517,-0.31908903,0.035509944,0.44597182
sebelas,-0.18238348,-0.03479658,-0.27327242,0.22749841,0.35612428
tajuk,-0.2721034,0.006412701,-0.13517863,0.10350168,0.28285614
sehingga,-0.07777001,-0.0758457,0.029732406,0.1179678,0.486867
binpres,-0.15910085,-0.01331691,-0.058842003,0.27260688,0.21867684
kabid,-0.020690542,-0.21218273,-0.040405963,0.0399142,0.3169002
cfmotoaspar,-0.16243456,-0.09071984,-0.16441105,-0.08028433,0.3445926
aff adp,-0.15341505,0.011975538,-0.23777881,0.04935772,0.15811804
bra,-0.33811322,-0.07613344,-0.019341167,0.2451178,0.36605808
aus,-0.26655936,0.030079428,-0.20913377,0.26402718,0.33070216
rsa,-0.042116966,-0.03564975,-0.08923242,0.27067032,0.30194452
kikis,-0.33075786,-0.093146205,-0.17292057,0.05563758,0.18329453
belok,-0.34336054,-0.18424755,-0.30214822,0.047173154,0.1976873
vinales,-0.37662452,-0.0070056776,-0.15458289,0.029074037,0.45547065
rider-rider,-0.35118526,-0.19515066,-0.28063005,0.15320492,0.3406139
catalunya,-0.24419385,-0.097627535,-0.14362064,0.10685938,0.37908724
pic twitter com dvmiruszvi,-0.48953578,-0.13567361,-0.060958818,0.015672283,0.42030442
first,-0.25509173,-0.16381791,-0.24663141,0.25540334,0.32012087
takes,-0.5012134,-0.2773894,-0.17763646,0.10926668,0.27338856
at,-0.5371678,-0.15784967,-0.30202258,0.060071863,0.25667012
wins,-0.31702563,-0.14043331,-0.45857272,0.16642857,0.42378926
marcmarquez,-0.39726067,-0.32300952,-0.1161246,0.251598,0.51300865
skorsing,-0.4905034,-0.038362943,-0.29687032,0.09179868,0.44053212
oi,-0.19731918,-0.060110927,-0.16513112,0.030460509,0.43763462
pic twitter com wlihtcc,-0.14640997,-0.36135587,-0.3679164,-0.056541592,0.25222394
crashed,-0.11842183,-0.29821166,-0.4430545,-0.023546705,0.5812025
has,-0.3317506,-0.08189259,-0.40937188,0.20644732,0.5299783
marshal,-0.22428373,-0.18785052,-0.35663605,0.044116687,0.43776846
larang,-0.25507456,-0.38631183,-0.29944643,0.084172115,0.23350947
mb,-0.2771204,-0.29738903,-0.35638756,-0.041177828,0.42937464
nyimas,-0.35476184,-0.20553543,-0.015260935,0.25027555,0.4486347
darma,-0.18428595,-0.13817348,-0.121103175,0.051370177,0.47295043
sanggoe,-0.1445335,-0.18025789,-0.26833382,-0.011958787,0.33713976
malana,-0.36517844,-0.15715192,-0.1346789,-0.005707253,0.5797035
wayan,-0.36914128,-0.37195078,-0.07881988,0.0972276,0.51885
raw rin,-0.007585576,-0.040406857,-0.07789094,0.050749745,0.32747406
cadillac,-0.5723227,-0.28575405,-0.10458619,0.20668176,0.34436014
bottas,-0.4154714,-0.26141936,-0.2720095,0.10906887,0.40304363
valtteri,-0.25787672,-0.31978622,-0.14679019,0.0993688,0.41960979
aramco,-0.31826672,0.01745671,-0.4072147,0.0059156027,0.49893126
aston,-0.26998228,-0.102355376,-0.50174016,0.2073375,0.3441743
fernando,-0.33032,-0.313059,-0.32953736,0.35688403,0.20955165
bearman,-0.26194322,-0.16193375,-0.2590687,0.45101175,0.37015128
oliver,-0.16528139,-0.23975222,-0.30531964,0.1941818,0.43999788
williams,-0.4294695,-0.0016334313,-0.4055954,0.2862603,0.4199272
atlassian,-0.35973167,-0.12632616,-0.15954416,0.34512055,0.28777954
albon,-0.4124102,-0.104400106,-0.3415034,0.41246873,0.35577092
tsunoda,-0.27574113,-0.2577715,-0.2670034,0.2144661,0.35372546
gasly,-0.3270415,-0.263923,-0.4074988,0.19184737,0.32928753
pierre,-0.2564882,-0.0030728376,-0.29868585,0.20583767,0.37374818
bortoleto,-0.3104161,-0.027066793,-0.07252748,0.41481805,0.40920714
gabriel,-0.39884073,-0.3004165,-0.15305308,0.3021407,0.38326168
ocon,-0.19231096,-0.19821973,-0.40724775,0.2868508,0.22955047
arvid,-0.54656124,-0.012903852,-0.19743389,0.25759518,0.46290603
hp,-0.35213992,-0.07653174,-0.14900047,0.24917108,0.47018287
ferrari,-0.3932016,-0.14414296,-0.18469869,0.08064555,0.3227436
scuderia,-0.3917078,-0.19502974,-0.1481795,0.36050555,0.44127586
mia,-0.25377432,-0.13319959,-0.37735596,0.105074026,0.44348055
mamma,-0.1963939,-0.029151147,-0.3458513,0.1532994,0.4229137
hamilton,-0.46172476,-0.38262728,-0.4668824,0.22538038,0.3073726
lewis,-0.29232803,-0.30690113,-0.23433779,0.0070807873,0.41664
arvin,-0.38437587,-0.19120371,-0.20335186,-0.018731287,0.49869007
epan,-0.15694185,-0.36162966,-0.50021464,0.31597182,0.4306616
ketiban,-0.18433663,-0.17438912,-0.18302912,0.0015654241,0.46364227
bumerang,-0.3009856,-0.090845935,-0.4498958,-0.10296549,0.45973408
stop,-0.19057803,-0.06853762,-0.25780025,0.12592193,0.4089462
rusak,-0.12676185,-0.35575312,-0.42904824,0.14318657,0.41545695
virtual,-0.32499945,-0.054638673,-0.36383852,0.30499104,0.32643712
kontrol,-0.3139723,-0.3213366,-0.13081369,0.24210484,0.43670774
madring,-0.50192165,0.02864759,-0.3763229,0.23961943,0.4126444
desember-,-0.35842294,-0.38815224,-0.3570098,0.15023084,0.4353296
kruang,-0.480837,-0.21760866,-0.110840656,0.0475856,0.4382209
paiton,-0.35459524,-0.31385517,-0.26495734,0.037468098,0.42776164
cfo,-0.39270023,-0.2090185,-0.16099444,0.08145422,0.46757868
widyanto,-0.42360675,-0.36968514,-0.06964835,0.095381,0.48602545
anggoro,-0.1626396,-0.33649138,-0.05511126,0.06915142,0.58807707
bayu,-0.28482962,-0.21163371,-0.14827769,0.0024125108,0.4353662
denpasar,-0.16437589,-0.19777745,-0.46621832,0.24760608,0.33093262
kanwil,-0.44348854,-0.30804354,-0.3024005,-0.07684122,0.24677256
gunawan,-0.18184961,-0.2202041,-0.37413216,0.1129846,0.4815207
voli,-0.14750049,-0.30722952,-0.34471455,0.28592885,0.47726107
sergap,-0.072662264,-0.30594024,-0.38415688,0.07789011,0.3607509
break,-0.24935448,-0.12354636,-0.42320588,0.19085087,0.3511149
tie,-0.32753143,-0.20947826,-0.2667866,0.30025545,0.34071803
lincah,-0.4182935,-0.04965208,-0.078977,0.09828197,0.53326136
akurasi,-0.40472874,-0.08245022,-0.028475476,0.043942466,0.2743132
karen,-0.1946392,0.0148683125,-0.3574919,0.20337693,0.41535577
klampok,-0.36615637,-0.15756409,-0.29078543,-0.02078536,0.30965537
delta,-0.3593531,-0.3089837,-0.08264846,0.024620602,0.5034472
banjarnegara,-0.43217635,-0.21816866,-0.17117484,0.12170531,0.41327858
sahala,-0.2528349,-0.35244933,-0.100191675,0.25919482,0.5167973
raziq,-0.34282118,-0.21433711,-0.22167228,0.20410502,0.5963188
jingga,-0.16443494,-0.40546215,-0.3867051,0.33708644,0.42674708
azzam,-0.22585045,-0.36547205,-0.32975075,0.116566636,0.4977234
muhadad,-0.1780576,-0.026967924,-0.32992974,0.05604992,0.46777922
adinata,-0.23427972,-0.3183063,-0.18083748,0.28350574,0.19314265
ahza,-0.2541846,-0.2515992,-0.2513975,0.2514,0.5259879
ghian,-0.25757876,-0.37810805,-0.29947636,0.31496662,0.28746668
kayp,-0.20947804,-0.16491273,-0.31424084,0.020738646,0.60135263
zebua,-0.41568288,-0.3307191,-0.30386594,0.19486293,0.5178812
feliks,-0.5047476,-0.13643916,-0.1425631,0.11385976,0.36398908
kolaka,-0.2849948,-0.36705273,-0.36320892,0.15529773,0.50743866
ramadhan,-0.15880293,-0.16274329,-0.32797986,0.14670841,0.52737087
rifky,-0.39576384,-0.18198715,-0.07932692,0.25917375,0.25554246
muh,-0.36588418,-0.26747867,-0.14288995,0.041633397,0.56863385
purworejo,-0.1757542,-0.36017844,-0.27622804,0.15485014,0.35170496
rabbani,-0.2340166,-0.21884246,-0.32124823,0.21340178,0.49743247
azfar,-0.36734226,-0.26966265,-0.32501385,0.29169902,0.40397933
sukowati,-0.13808241,-0.40701705,-0.17622985,0.18186422,0.46460113
sragen,-0.19071701,-0.3142984,-0.38628116,0.026198965,0.55972713
aldrich,-0.46276593,-0.33031377,-0.33084098,0.11189323,0.3135649
sugiharto,-0.31123713,-0.17297392,-0.28502095,0.021232178,0.45662296
zhulkifli,-0.4662636,-0.15077937,-0.20950773,0.14329106,0.31319228
moreno,-0.39105436,-0.380031,-0.1603757,0.06251101,0.40539774
dakota,-0.40345785,-0.19397056,-0.14557791,0.2635571,0.49857
depok,-0.29065773,-0.09111444,-0.32548705,0.27962223,0.39278346
loen,-0.2351954,-0.17789723,-0.005390145,0.0623791,0.3491765
frederika,-0.4262999,-0.17823052,-0.4291058,0.10728355,0.29558775
karina,-0.36924514,-0.20220478,-0.27082703,0.09582141,0.305331
kendal,-0.26190293,-0.104136534,-0.2981908,-0.030598331,0.3703787
azzahra,-0.22637877,-0.11139379,-0.09292535,0.09809242,0.48586562
karenina,-0.42108113,-0.35492116,-0.10262766,0.110698596,0.35595426
laiman,-0.32177114,-0.19490469,-0.0023201036,0.25201365,0.41578963
tricia,-0.32222638,-0.0959088,-0.26118582,0.16979404,0.30355808
stefanie,-0.20819129,-0.29882088,-0.12545991,0.18962628,0.23272964
sintang,-0.30745837,-0.2788144,-0.22187708,-0.026245117,0.49076694
octaviany,-0.30893055,-0.27613932,-0.048414942,0.23234989,0.46272188
andrea,-0.42177913,-0.20677657,-0.14304851,0.29780808,0.48053524
lilianne,-0.34968853,-0.13446149,-0.32028663,0.032601114,0.5396343
febrianto,-0.14686018,-0.066541746,-0.24110661,0.19470876,0.51190877
sholeh,-0.39800075,-0.039814446,-0.054197095,-0.02026504,0.5640233
bilqish,-0.35273463,-0.13418749,-0.18894269,0.067076035,0.27739832
safara,-0.3303084,-0.061568473,-0.0997218,0.08804577,0.601468
arnetta,-0.39113823,-0.18736257,-0.297433,0.2129842,0.4698511
rr,-0.22429839,-0.26428846,-0.17584793,0.25368378,0.4624569
willie,-0.30673322,-0.3115683,-0.08497738,0.0143749565,0.544709
levona,-0.2659207,-0.04115415,-0.43477425,0.1320443,0.34077513
chloe,-0.33421034,-0.03562004,-0.12586576,0.26579294,0.5294078
sinar,-0.46260563,-0.07038791,-0.27717316,0.23381169,0.52839065
tegal,-0.23079759,-0.25533545,-0.16629773,0.13648713,0.50963414
alison,-0.30466816,-0.23464347,-0.30625427,0.112505004,0.488663
vicky,-0.16737281,-0.33900642,-0.30830303,0.19881658,0.48912874
faza,-0.44385272,-0.2611453,-0.4016739,0.024319027,0.33694884
niyaz,-0.280094,-0.1122816,-0.24779133,0.09431286,0.66828215
sanabila,-0.35384113,-0.34140974,-0.33960137,0.12177588,0.50032145
fitria,-0.3560889,-0.22212505,-0.21064779,0.38772562,0.49053127
adibha,-0.24565949,-0.2878118,-0.20223822,0.32768622,0.5386734
victory,-0.19125846,-0.421478,-0.083592735,0.35644442,0.5176834
mubarok,-0.1300473,-0.20934737,-0.30382547,0.20837846,0.49416274
ramdani,-0.3936984,-0.27588204,-0.2437558,0.14844237,0.24426538
baswara,-0.27475154,-0.3914693,-0.03611562,0.29363322,0.47625494
ponorogo,-0.36746004,-0.1456693,-0.3931823,0.2548854,0.48765865
adhipramana,-0.44330618,-0.032394707,-0.1880049,0.038250558,0.49756047
sani,-0.30388427,-0.08286584,-0.23187724,0.3327363,0.5973373
fawwaz,-0.4761476,-0.2298131,-0.32671472,0.15428339,0.29764998
ungar,-0.26571032,-0.32635826,-0.16984855,0.121980414,0.6129704
mustika,-0.16560163,-0.20935237,-0.2662941,0.23950556,0.561247
kalong,-0.5261671,-0.30491787,-0.05167718,0.14917342,0.31782568
marus,-0.19236884,-0.03290408,-0.2177118,0.20728956,0.392308
stars,-0.39391437,-0.05614779,-0.15982257,0.15001218,0.42369846
five,-0.39943323,-0.35140237,-0.22177644,0.1686661,0.4566861
jethro,-0.17543982,-0.23578554,-0.3217145,0.31658974,0.56616694
bhinneka,-0.28242972,-0.30370453,-0.18279324,0.22746745,0.49391547
adhitama,-0.3387074,-0.23361239,-0.2550466,0.16348422,0.28475615
arvita,-0.44023472,-0.14887011,-0.21519029,0.31386673,0.3504054
ashoka,-0.09973727,-0.37035355,-0.26710078,0.21741076,0.47988182
algibran,-0.4000402,-0.18363515,-0.25191882,0.2713906,0.44012922
gaffi,-0.21618083,-0.2879678,-0.2961718,0.21462157,0.33502752
ghaozan,-0.21243946,-0.32150155,-0.2787032,0.014881669,0.27000126
tsaqib,-0.35571605,-0.17583492,-0.29480743,-0.0157614,0.533062
kaivan,-0.30047208,-0.13739634,-0.103582695,0.008537345,0.5132199
javas,-0.16335061,-0.23543864,-0.09214444,0.32967138,0.45597342
kentaro,-0.40535665,-0.15954979,-0.043364067,0.16007821,0.5228432
pandawa n,-0.24623226,-0.19114421,-0.008525217,0.007259068,0.37785953
alfarraz,-0.4529369,-0.19732957,-0.071418054,0.37118027,0.36381108
deffran,-0.2465369,-0.17458022,-0.12651108,0.15087968,0.42827952
paser,-0.3620473,-0.16444167,-0.20872101,0.118573405,0.3542829
najam,-0.25367257,-0.25623944,-0.288977,0.32994187,0.29007173
rajendra,-0.36918095,-0.034346834,-0.037736014,0.06244466,0.6146616
zayn,-0.3984093,-0.40444726,-0.24120495,0.18026541,0.16815864
sleman,-0.42038918,-0.11001883,-0.13147779,0.20355365,0.6080237
nugroho,-0.38789663,-0.03236692,-0.20043519,0.34383246,0.57725936
adshila,-0.45632732,-0.26525027,-0.23701964,0.20559059,0.31248766
syarifah,-0.42260718,-0.035397824,-0.11367744,0.07561343,0.52867186
arista,-0.47372282,-0.23971157,-0.4107776,0.27878088,0.356253
berlian,-0.3949732,-0.342192,-0.3087555,0.012524825,0.3953514
ayundya,-0.16685462,-0.3267154,-0.08651141,0.20698242,0.3223285
fiona,-0.4582419,-0.14298314,-0.31122681,0.17318341,0.23991318
griya,-0.16600147,-0.013026781,-0.2610777,0.08033932,0.45307824
mojokerto,-0.2877069,-0.26773822,-0.2234773,0.036153942,0.33461332
setiawan,-0.232237,-0.15438487,-0.06878086,0.12918313,0.5233913
sya bani,-0.2238591,-0.2475267,-0.2569025,0.14322448,0.34365252
zafiranihall,-0.21049328,-0.29154027,-0.37937668,0.118591554,0.25434628
farisa,-0.3780528,-0.19231763,-0.4096984,0.003565901,0.39958104
wilda,-0.31699714,-0.021748034,-0.34399936,0.2242151,0.4003633
khaira,-0.1985022,-0.16210297,-0.30338082,0.24684246,0.38014612
anindita,-0.17821226,-0.30236375,-0.15622671,0.23978762,0.49726582
sembiring,-0.1284951,-0.056607388,-0.16898213,0.14760186,0.5545015
elaina,-0.40166107,0.025426136,-0.12275684,0.1902106,0.418216
ailsie,-0.14416647,-0.07398941,-0.3523971,0.2475381,0.43860143
sukoharjo,-0.1615711,-0.023885682,-0.026130442,0.0045382744,0.5199459
arraya,-0.07871361,-0.03517908,-0.10380245,0.31167814,0.5822956
budiarto,-0.46920332,-0.17355824,-0.14861643,0.1646588,0.3688704
bahkan,-0.10702539,-0.34806398,-0.24335389,0.079931505,0.64400554
kaderisasi,-0.2644314,-0.34902182,-0.38996983,0.29271382,0.29001418
beasiswa,-0.18584135,-0.4299881,-0.11164965,0.18892947,0.29600978
eliminasi,-0.08977384,-0.33549637,-0.03862193,0.1199159,0.42846978
bukan,-0.50414294,-0.28934276,-0.48172498,0.25826508,0.2545054
rin raw,-0.31258786,-0.2427884,0.08534385,0.26639614,0.31181276
bbc,-0.40501425,-0.11704945,0.014344475,-0.03915777,0.44893342
riuh,-0.41356838,-0.11479598,-0.1637952,0.25506058,0.38801116
pidato,-0.192086,-0.07631653,-0.298478,0.1845797,0.41295883
alcaraz,-0.3177006,-0.105431505,-0.33245343,-0.029758401,0.4415226
error,-0.15464637,-0.32483172,-0.31348255,0.205396,0.39374882
unforced,-0.25285614,-0.14762734,-0.1134781,0.29040834,0.32596648
roddick,-0.2757158,-0.25960353,-0.22190318,0.22015382,0.31610918
andy,-0.21143791,-0.2848028,-0.13214011,0.23761465,0.37993282
silam,-0.102825105,-0.06753481,-0.35077977,-7.818639e-05,0.54807466
telur,-0.33958995,-0.30569682,-0.15971291,0.17042921,0.28413248
dinihari,-0.46557125,-0.0057033524,-0.08727757,0.043057263,0.45686084
ashe,-0.40416092,0.014273285,-0.37377945,0.16844097,0.47028077
arthur,-0.24663003,-0.05511022,-0.27253717,0.074878894,0.2861001
tumpas,-0.43371472,-0.27948216,-0.33149156,0.20557727,0.2651917
lugas,-0.4292255,-0.048662066,-0.28365988,-0.010471353,0.37380317
bez,-0.37668195,-0.08335721,-0.4426661,0.15842228,0.39617318
ferme,-0.29970735,-0.14111611,-0.28455707,0.16719885,0.30376986
parc,-0.30073634,-0.10476074,-0.116974734,0.09906507,0.46449828
antara,-0.32949337,-0.058077868,-0.13880378,0.19430579,0.50889045
derita,-0.45368937,-0.095898345,-0.091189265,0.20634167,0.39909825
lambung,-0.24906318,-0.1267009,-0.30751932,-0.029153308,0.32201812
jawara,-0.4053238,-0.03165821,-0.2020487,0.28059256,0.24175966
aff nds,-0.1233647,-0.2898612,0.06857286,-0.037896045,0.22150835
laden,-0.3483648,0.01023008,-0.22737864,0.2703687,0.36034918
kaku,-0.3598461,0.006122559,-0.39153874,0.040428232,0.32288525
darah,-0.30106354,0.031114962,-0.32947794,0.13184974,0.29840374
jepit,-0.18435587,-0.13285144,-0.30751783,0.0028377203,0.37138194
lengan,-0.3444563,-0.23552942,-0.101311184,-0.061864346,0.45588335
deportivo,-0.32586136,-0.37578893,-0.22284964,0.20415582,0.4990711
mundo,-0.27941296,-0.2721797,-0.1426654,0.02834302,0.42805436
lagipula,-0.14141817,-0.36370316,-0.14315172,0.04498944,0.37072188
belas,-0.3612617,-0.31281295,-0.16876031,0.12018091,0.36911228
enteng,-0.32252872,-0.07225344,-0.05150717,0.16548997,0.2549431
elwjlpz,-0.3696721,-0.15580894,-0.3935881,-0.008441728,0.22905281
j,-0.17846377,-0.20564142,-0.15312424,0.16903307,0.407633
pic twitter com,-0.14963481,-0.09163141,-0.31568578,0.04812087,0.4616525
standings,-0.4115028,-0.22599117,-0.33951178,0.13618189,0.21946895
changes,-0.47560418,-0.10570832,-0.17923681,0.2140903,0.3200066
that,-0.16443683,-0.33171844,-0.22868882,0.1569259,0.3325237
like,-0.2980755,-0.34150586,-0.21947262,0.18059489,0.24150456
just,-0.27743822,-0.0011166132,-0.3889733,0.032983862,0.25717646
handuk,-0.2618184,-0.2693783,-0.15466149,0.016971461,0.388427
mrp aff,-0.24686952,-0.1723315,-0.25417212,0.04836527,0.02852164
gak,-0.4507003,-0.2522647,-0.17463753,0.104118004,0.39868492
tni-au,-0.272224,-0.14452808,-0.20996301,0.24760374,0.33408308
purnawirawan,-0.32907343,-0.22180603,-0.35561332,0.19260044,0.3267148
solutif,-0.24032685,-0.13810925,-0.32074708,0.0429704,0.5021411
kami sambung,-0.19782723,-0.23656522,-0.16239469,0.14819187,0.5626858
cilandak,-0.08183485,-0.31663644,0.08065083,0.022315968,0.43545493
tjahjanto,-0.39712152,-0.20471676,-0.19316535,0.12288898,0.40482548
internasioinal,-0.23924868,-0.32362962,-0.17323437,0.069451354,0.5309431
pulan,-0.13675813,-0.3460086,-0.019999301,0.1947869,0.34403855
barkhani,-0.24574517,-0.33953133,-0.33481726,0.104272865,0.47556928
syamsuddin,-0.28955457,-0.24927783,-0.0022305022,0.27907795,0.3355884
hutapea,-0.4076797,-0.14071725,-0.092954844,0.24669187,0.52681726
rani,-0.1872103,-0.3047783,-0.29492807,0.18075347,0.36430463
sanistya,-0.2897494,-0.23213173,-0.09737715,0.118403286,0.2958337
istri,-0.1135566,-0.27812865,-0.29999202,-0.043826807,0.35876545
cok,-0.14150722,-0.33576542,-0.3535781,0.025410553,0.296292
lubis,-0.27802628,-0.2797397,-0.16613147,0.0876107,0.45575455
humaira,-0.40476698,-0.22648129,-0.21837497,-0.08567002,0.3491703
leica,-0.25170845,-0.1927231,-0.20334038,0.22784674,0.44569877
januar,-0.41879222,-0.12793486,-0.060767736,0.24348857,0.30572423
tegar,-0.105341725,-0.10469757,-0.26062784,0.17027944,0.4780311
setiabudi,-0.16502248,-0.108823106,-0.067499876,0.32461235,0.47794953
edbert,-0.30606872,-0.1631226,-0.1422546,0.2387519,0.40506482
dabn,-0.38355464,-0.15442844,-0.05257199,0.29004663,0.34693655
damayanti,-0.14050888,-0.12819181,-0.33085558,-0.072258756,0.30767873
sekar,-0.15378901,-0.16949186,-0.17466916,0.2075622,0.4641701
marzella,-0.08527951,-0.30487815,-0.17871973,0.005649139,0.43856952
yna aff,-0.15433888,-0.045644876,0.020447478,-0.03809249,0.42462996
desinfeksi,-0.36306658,-0.1298595,-0.15143448,0.20060079,0.3022417
isolasi,-0.07928576,-0.074100405,-0.37327048,0.15141417,0.54758984
amarah,-0.26901424,-0.2671648,-0.25655773,0.14569904,0.5380288
ini-dan,-0.21667714,-0.13673767,-0.1274357,0.21911405,0.42925513
reaksi,-0.18169829,-0.23632912,-0.24057789,0.04636495,0.5500423
instagram-nya,-0.18925206,-0.18247172,-0.25361532,0.1078063,0.51303816
hoki,-0.34333968,-0.07723273,-0.30229023,-0.04007891,0.48502466
perlombaanya,-0.20683849,-0.21916154,-0.20484321,0.19574137,0.52667564
carry,-0.13274172,-0.06429472,-0.29487005,0.05287885,0.37725314
farmer s,-0.24622884,-0.112128265,-0.16122694,-0.046202492,0.59376264
lunges,-0.14911799,-0.13246882,-0.23418246,-0.055966627,0.4989329
walking,-0.19852681,-0.16251743,-0.2660821,0.10102093,0.50379616
jump,-0.3155444,-0.122470334,-0.31093633,0.16454065,0.45467845
broad,-0.19369294,-0.021234464,-0.20280747,0.01832045,0.6014988
burpee,-0.27385682,-0.32346296,-0.29653957,0.31839377,0.4160503
dspo krs,-0.23598534,-0.24357921,-0.058344487,0.13437763,0.18097247
titip,-0.41950002,-0.31094396,-0.1580733,-0.031140825,0.40785724
game-game,-0.3514259,-0.1867749,-0.25098363,-0.031264298,0.1942124
standardisasi,-0.1887126,-0.23004985,-0.05064827,0.092002474,0.39834818
creator,-0.34607697,-0.053676907,-0.16185695,0.0020181125,0.4588363
content,-0.17963359,-0.3519974,-0.08525627,-0.07700754,0.27224997
developer,-0.07227784,-0.18743017,-0.24944833,-0.13210325,0.39139155
ega ega,-0.043578003,-0.17322882,-0.1652644,-0.034995485,0.31331584
multi-genre,-0.18783593,-0.2620937,-0.2203425,0.3099702,0.25993034
official,-0.4355816,-0.20028315,-0.19064376,0.2862566,0.25323182
picks image png,-0.51777405,-0.26606408,-0.33671892,-0.067540854,0.15988031
insan,-0.17776786,-0.17147478,-0.30602032,0.10118602,0.4984074
poolnya,-0.18149981,0.019155465,-0.057911087,0.03644892,0.5820097
improve,-0.39488423,-0.056238905,-0.29950637,-0.0416208,0.23300432
komit,-0.3845235,-0.18505384,-0.10978019,0.22331546,0.1933466
staff,-0.2915244,-0.30404836,-0.31152862,0.20807184,0.35548073
coaching,-0.3497983,-0.21436872,-0.0046305475,0.17488289,0.28238475
nge-lead,-0.07828982,-0.3045208,-0.24924755,0.21836078,0.37860662
nana,-0.42373466,-0.07845461,-0.28500646,0.18623604,0.30038
size,-0.19010527,-0.059270874,-0.108061194,0.29144105,0.38020155
fadil,-0.4303732,-0.12381466,-0.21463601,0.18632422,0.24641787
intan,-0.16538946,-0.21291395,-0.12681466,0.08657833,0.3381091
diva,-0.3375611,-0.06309939,-0.37051257,-0.010406549,0.34357926
christiana,-0.34861213,0.025211185,-0.24400347,-0.014474446,0.23939605
erlina,-0.3432767,-0.08467041,-0.1933484,-0.0017094642,0.44923759
hery,-0.19014545,-0.2523173,-0.2156525,0.14938635,0.2548226
wiyanto,-0.11073454,-0.30447114,-0.36953112,0.120054044,0.50865495
jesslyne,-0.13711871,-0.24617933,-0.2220595,0.15953931,0.27488095
roster,-0.097351976,-0.27961415,-0.2698646,-0.05734809,0.3735578
segala,-0.4820496,-0.11878178,-0.07412776,-0.058523834,0.2648463
elemen,-0.10736865,-0.40272328,-0.1931109,0.27509284,0.28745434
fakta,-0.13726173,-0.2353386,-0.2209874,0.23727877,0.4107611
dave,-0.34773982,-0.0012313726,-0.14453697,-0.030243883,0.33464003
rachel febi,-0.46423236,-0.20722958,0.03440698,0.043480527,0.56751
yamakita,-0.1457112,-0.02505849,-0.19023062,0.07698947,0.24459378
suzuki nao,-0.12875932,-0.20499606,-0.30136567,0.23359315,0.4650427
hinata,-0.14559598,-0.054356907,-0.039744645,0.0029851818,0.30324796
ulet,-0.35613468,-0.13781214,-0.13122264,0.22815008,0.44408634
hawa,-0.06641194,-0.37071976,-0.06223027,0.21631901,0.5564908
setianingrum,-0.3643953,-0.14512993,-0.2302127,0.01388987,0.33072442
rose febi,-0.30858976,-0.08918322,-0.30052117,-0.042130094,0.36488074
sparing,-0.19848622,-0.17746247,-0.27753404,0.103365324,0.5168705
east,-0.4227725,-0.09436546,-0.3445219,0.0030375018,0.5015068
ntt,-0.32758534,-0.18728556,-0.18646838,0.16051845,0.33465257
mei,-0.23373029,-0.040789165,-0.13804616,0.111705,0.41027904
iii,-0.2913671,-0.090091944,-0.16413741,0.26056722,0.36081505
qualifier,-0.21278903,-0.2941641,-0.36037946,-0.044607267,0.3591703
st,-0.33000246,-0.28418812,-0.1895083,0.054888815,0.18901852
ningbo,-0.21804939,-0.2003654,-0.30251974,0.023567926,0.31564397
olimpiade sekarang,-0.1520745,-0.29391363,-0.34832028,0.029939696,0.4050715
paha,-0.16067332,-0.36131784,-0.067899294,0.05028883,0.30140924
multievet,-0.3590607,-0.24940838,-0.07190345,0.11606246,0.34314886
angeles,-0.22989637,-0.33988556,-0.2020697,0.22805126,0.36396828
los,-0.19590892,-0.15685305,-0.18712418,0.2989032,0.35420308
incar,-0.20818612,-0.2382961,-0.18699597,0.19476296,0.46698833
irawan,-0.21599849,-0.20847008,-0.120872974,-0.013599945,0.34754506
yuli,-0.36970904,-0.19565396,-0.09562871,-0.057175264,0.3027031
rin aff,-0.16881983,0.04202833,-0.35422966,0.22351088,0.07752126
--,-0.3360819,-0.14547992,-0.14744146,0.22698799,0.16268264
kado,-0.3812981,-0.1354924,-0.14386834,0.006930113,0.29661775
pudar,-0.3624293,0.0146727245,-0.3858498,0.19161473,0.34165862
pelan,-0.38670325,-0.14838551,-0.3564315,0.11999555,0.34831372
tokcer,-0.44147092,-0.22663385,-0.39370197,0.29000983,0.12430973
champions,-0.05217765,-0.12359017,0.006122118,0.24380898,0.20973249
afc,-0.21593389,-0.08943094,-0.3837186,0.16407774,0.3152016
ain,-0.42307454,-0.0021317117,-0.2870137,0.24325787,0.23785509
cr,-0.20964864,-0.18690081,-0.04707432,0.31470057,0.45987287
shipping,-0.04691107,-0.05742123,-0.27104327,0.22390893,0.3744275
overheating,-0.2835499,-0.2780201,-0.100392774,0.016075416,0.3381267
taat,-0.38737836,-0.17698967,-0.14172834,0.1043827,0.47076237
panutan,-0.06024334,-0.14680871,-0.24328668,0.23876017,0.61198294
kpu,-0.3562392,-0.24342297,-0.09175109,0.09133758,0.24965647
noegroho,-0.20121604,-0.2469331,-0.06691595,0.07798244,0.27067026
cross-country,-0.3409226,-0.2573457,-0.28552213,0.19508956,0.26899552
dodi,-0.13870609,-0.29547095,-0.18337297,0.24063729,0.34365058
suria,-0.30131695,-0.07910042,-0.20091537,-0.033289805,0.5298444
jimny,-0.056849826,-0.13866633,-0.35390288,0.04798982,0.37392247
poa,-0.09970232,-0.19615127,-0.36835563,0.0984352,0.30900297
rudy,-0.23316218,-0.18482138,-0.22746375,0.023457844,0.33244362
form,-0.09444033,-0.16949941,-0.33220273,0.23704384,0.4236906
velg,-0.10822025,-0.042188406,-0.2669671,0.27833042,0.44990066
kamar,-0.2552842,-0.20536317,-0.21759737,0.20860608,0.393381
airport,-0.3091746,-0.083098225,-0.28153312,-0.0971551,0.22483082
lubricants,-0.3700955,-0.0068765334,-0.044855695,-0.06593688,0.3068521
galad,-0.33416307,-0.12565896,-0.0014437418,0.21688958,0.46053606
fin,-0.30342788,-0.22845156,-0.31026027,-0.07994981,0.32806307
leg,-0.17899574,0.002612566,-0.42148754,0.021878881,0.36139685
ixcrt,-0.14727171,-0.24455838,-0.34313285,0.10703851,0.2450599
cerita,-0.19894452,-0.03227025,-0.28382146,-0.04111547,0.41673017
mcy rin,-0.3197061,0.10889749,0.019421143,0.023979168,0.14152063
loeb,-0.331293,-0.23305982,-0.08832006,0.23297094,0.24939458
sebastian,-0.38394743,-0.22499283,-0.16920528,0.18705393,0.27941573
hansen,-0.25862244,-0.37076485,-0.23002544,0.16217032,0.3007369
yansyah,-0.23485881,-0.21447292,-0.035062276,0.12528814,0.55343485
kadispora,-0.3369567,-0.04539043,-0.33414713,0.02114893,0.3274778
dirt,-0.31571525,0.015437514,-0.094279066,0.08202664,0.3049714
achadie,-0.1409854,-0.06386939,-0.19540235,0.25491408,0.288104
sarga co,-0.258741,-0.3530686,-0.33951637,-0.0819071,0.33705202
e-prix,-0.12675917,-0.09198683,-0.21439333,0.039846722,0.18670148
ciprat,-0.20155083,-0.42632204,-0.03939631,0.10279998,0.2914944
jakut,-0.36867687,-0.34582612,-0.36350912,0.22500968,0.26137584
jaksel,-0.17983106,-0.27411,-0.10002975,0.262977,0.21749242
jaktim,-0.35493976,-0.027296739,-0.27887246,0.20992683,0.31309852
agustus-,-0.13183662,-0.27627265,-0.21482459,0.16788706,0.18058503
taung,-0.21465808,-0.14390734,-0.24088381,-0.022968132,0.5288106
antarbagian,-0.31819844,-0.116577655,-0.01465152,0.16394083,0.31638032
putro,-0.26949155,0.05876786,-0.34009778,0.057990607,0.33116344
papan,-0.089302,-0.08405447,-0.18573096,0.11988269,0.40700102
electric,-0.028959513,-0.13246377,-0.27270752,0.2678671,0.32733575
chubu,-0.32427534,-0.27580172,-0.26872456,0.1595556,0.44679365
mirai,-0.25107336,-0.36148614,0.025409833,0.16461383,0.38840547
pajang,-0.43363094,-0.07328528,-0.30226582,0.1427179,0.40378723
honohon,-0.2177869,-0.23600465,-0.17028275,0.10422682,0.3680137
maskot,-0.2163965,-0.12847611,0.0041181673,-0.046845414,0.49561882
rena,-0.38711616,-0.2025681,-0.21542707,0.051083967,0.22489274
pesiar,-0.30211326,-0.21606609,-0.0970641,0.20894438,0.31376693
kayu,-0.3074362,-0.12874998,-0.3566015,0.049014945,0.2535626
ega anl,-0.0819657,-0.2954119,0.011497512,-0.034520194,0.2040618
setinggi-tingginya,-0.14365992,-0.20338595,-0.17599627,-0.0039327764,0.4185258
ukir,-0.1124013,-0.25773695,-0.21594891,0.046151195,0.41391453
rin rin,0.06288756,-0.15824896,-0.16802272,-0.11040573,0.23579127
adelguer,-0.34335864,-0.020727571,-0.19113551,-0.006706016,0.45430553
satelit,-0.10675406,-0.16139974,-0.3029572,0.031653438,0.1788459
jeblok,-0.30468458,0.020436553,-0.036438864,0.20231116,0.40257654
sachsenring,-0.3731682,-0.26360634,-0.025479656,0.14788392,0.21584384
diablo,-0.10527278,-0.24573806,-0.039087046,0.23284301,0.2863404
tolok,-0.16706829,-0.04826527,0.02088618,0.1381777,0.24032047
dipungkiri,-0.25466546,-0.12186332,-0.27884424,0.13298526,0.11312276
camp tc,-0.1716171,-0.41933307,-0.28312504,0.08932584,0.237886
fifa,-0.06770472,-0.14984827,-0.05124931,0.18603012,0.18009621
pedoman,0.0054597324,-0.29056388,0.03648664,0.12712577,0.4007348
fisika,-0.20076258,-0.2963253,-0.28300953,-0.044870213,0.4359545
matematika,-0.20800734,-0.2816611,-0.30751,-0.06521353,0.22382155
bahasa,-0.07179606,-0.040022526,-0.12508412,0.2741183,0.3218879
komputer,-0.24940619,-0.065188356,-0.27823803,0.25709513,0.39014864
sembuh,-0.34793085,-0.2622334,-0.09745601,0.15637395,0.1627431
fisioterapis,-0.12142877,-0.18992177,-0.13820225,0.039687425,0.34761393
pikal,-0.22784624,-0.28913116,-0.29948822,-0.06472316,0.42204773
wolfgang,-0.24692175,-0.24494828,-0.049236044,0.23398514,0.29902932
scoring,-0.2631046,-0.23392127,-0.047355462,0.1694942,0.37635502
rumbiak,-0.2686008,-0.20977427,-0.33342367,0.1122615,0.43530434
ardiles,-0.12221738,-0.27264664,-0.19058171,0.27600423,0.37550387
psikologi,-0.045112245,-0.12028156,-0.1526926,0.11292826,0.23916556
nutrisi,-0.2215479,-0.24385816,-0.03364897,0.10836557,0.24890909
atletik,-0.057795268,-0.19411382,0.009020727,0.09675207,0.48013034
hektare,0.004837984,-0.25938967,-0.260695,0.21233186,0.25094253
warm,-0.25194725,-0.2303848,-0.110423304,0.17380796,0.3011149
assen,-0.3361355,-0.11484249,-0.34112006,0.06967733,0.19499731
sharing,-0.312694,-0.052752286,-0.06907433,0.06353025,0.5087198
netral,-0.18029198,-0.21583748,-0.27062958,0.12925303,0.23029856
gugup,-0.15418427,-0.41709477,-0.14357118,0.07196375,0.20196076
kusuma meilysa,-0.23535013,-0.39600292,-0.20411344,0.2886766,0.32872224
phillip,-0.23559187,-0.27318352,-0.24267301,0.011344133,0.3495209
michelin,-0.3852383,0.01188416,-0.29548427,0.15740953,0.17948547
nicolas,-0.11538067,-0.11086233,-0.048096016,0.2518382,0.49468094
manajer,-0.15229265,-0.0076651177,-0.30455756,0.15427874,0.4255291
singkir,-0.29955328,0.030096868,-0.2376245,0.093279645,0.24342003
versi,-0.33532712,-0.01533812,-0.07249931,0.04043886,0.45660576
guenther,-0.33942857,-0.055994563,-0.15750942,0.12389362,0.15008557
crash net,-0.2569596,-0.16731149,-0.091002196,0.019477919,0.2587839
rookie,-0.4325798,-0.2950735,-0.2884144,0.20636882,0.17148602
nafsu,-0.33615306,-0.33349475,-0.19849788,0.13958906,0.20050028
denmark,-0.25543705,-0.30569953,-0.04348517,-0.046034023,0.27280623
bwf,-0.16743478,-0.00930982,-0.17684376,-0.0692836,0.2967498
rintis,-0.30510408,-0.2928468,-0.017224966,0.2578148,0.2524409
prestasi kendati,-0.20582268,-0.14163937,-0.011782013,0.256529,0.25093082
langgeng,-0.34333318,-0.31751025,-0.32479146,0.18505594,0.32053322
apriyani,-0.07264192,-0.28841206,-0.3361571,-0.049567055,0.3240123
wardana,-0.40525466,-0.060269915,-0.018332079,-0.06410262,0.38525537
anindya,-0.20000881,0.013582446,-0.267571,-0.02077047,0.11955445
bernadine,-0.12006087,-0.022462033,-0.34154144,0.07252059,0.43253535
pasang tiga,-0.10315055,0.0035714605,-0.10720203,0.22365156,0.532635
dejan felisha,0.0020815786,-0.13100514,-0.14447843,0.03106224,0.39778948
ferdinansyah felisha,-0.31079423,-0.079801284,-0.073923126,-0.047053833,0.27310008
plastik,-0.33910602,-0.085874714,-0.21225473,0.040163007,0.20689264
botol,-0.3654406,-0.046858244,-0.022301195,0.010104414,0.4364183
daur,-0.20946555,-0.17872205,-0.19494103,0.15862593,0.46389544
jersey,-0.22488824,-0.21981922,-0.077839695,0.10133744,0.25090683
ramah,-0.196148,-0.11150905,-0.30703914,-0.085574396,0.3785968
ekawati,-0.33885863,-0.12043887,-0.049655825,-0.017844407,0.27466014
ririn,-0.07893998,-0.32441762,-0.07973709,-0.0097547015,0.52267355
jamil,-0.27081522,-0.3611361,-0.11755315,-0.03979516,0.31624174
ibnu,-0.21795946,-0.071909346,-0.19718812,0.24135102,0.31128418
ambassador,-0.30577266,-0.2406723,-0.07317684,0.15008892,0.25028014
padi,-0.11259884,-0.17660896,-0.19682443,-0.0522466,0.49289343
entertainment,-0.35501212,0.037966326,-0.31122264,0.077130035,0.14914969
aira,-0.21605475,-0.041121136,-0.13880028,0.12044919,0.19653872
wuling,0.00061264867,-0.18508415,-0.140142,0.22049864,0.35089874
doorprize,-0.14036237,-0.26268554,-0.22416249,0.09460117,0.19182143
tanggulangin,-0.23700425,-0.0023210936,0.038081583,0.23064429,0.44541177
intako,-0.002486851,-0.22616673,-0.016392082,0.16297536,0.4244688
jumbo,-0.15327969,-0.29562688,-0.14067031,0.19475438,0.17062785
minum,-0.18222119,-0.13487975,-0.19213365,0.17951122,0.2703447
spektakuler,-0.3154589,-0.041030273,-0.19929665,0.00595613,0.267358
surabaya,-0.16749094,-0.015696548,-0.3361372,-0.057802197,0.35136935
tertuilsnya,-0.24986745,-0.20992002,-0.1634125,0.1438036,0.35182643
ticket,-0.30968577,-0.06350912,-0.062665336,-0.090593465,0.4516338
war,-0.36716995,-0.1424801,-0.087457225,0.24629347,0.33928514
kaloh,-0.13104266,-0.3468564,-0.17588514,0.27019766,0.18628272
alfons,-0.34647933,-0.10605819,-0.17031932,0.08176644,0.22167155
ballot,-0.3060955,-0.063327506,-0.22970185,0.16562296,0.2259864
ragam,-0.24134228,-0.26039892,-0.11453147,-0.008199206,0.4215276
gbk,-0.25291416,0.0035323445,-0.19049828,0.073827356,0.32478085
karno,-0.27542788,-0.15584338,-0.07728701,0.18518825,0.15962738
gelora,-0.3574801,-0.31516635,-0.08162747,-0.032302804,0.28436995
parkir,-0.09807776,-0.30652863,-0.3172239,-0.05642734,0.2697962
plaza,-0.36529365,-0.068932936,-0.06663993,-0.029241217,0.31386203
dieksplore,-0.25762802,-0.35602623,-0.21044861,0.10657854,0.19401656
mantap,-0.11512771,0.018332262,-0.3930929,-0.043122277,0.31521598
kenyang,-0.08145906,-0.3756585,-0.20059973,0.099372834,0.22341274
pure,-0.38283432,-0.3171079,-0.2941509,0.099796064,0.39630568
maulana apriyani,-0.17853563,-0.17580359,-0.20040682,0.24322973,0.36046535
ken,-0.16617663,-0.31100166,-0.26664883,0.24118616,0.18009235
rezeki,-0.31116426,-0.10568621,-0.27999395,-0.07753699,0.35451162
apalagi,-0.3797019,-0.3168634,-0.025850756,-0.045023076,0.39257878
kok,-0.31876412,-0.13937326,-0.30019388,0.15782125,0.40801075
iri,-0.083082475,-0.31192473,-0.16249605,0.28333738,0.36289763
fedinansyah felisha,-0.2820504,-0.31061968,-0.19815691,0.10998949,0.18641976
yna pur,0.0046184775,-0.0702467,0.1001773,0.21172144,0.16667387
gara-gara,-0.07838602,-0.18025851,-0.3615523,0.019724714,0.29432693
indoor,-0.04137888,-0.056810804,-0.32266834,-0.1012834,0.39647508
kritik,-0.16430107,-0.040198114,-0.22035505,0.20855339,0.24144095
sindir,-0.2479617,-0.18276109,0.011595113,0.015516069,0.33885142
celana,-0.09348366,-0.31056648,-0.18067728,0.18076204,0.44739115
kesal,-0.37475914,-0.08381427,-0.03605349,0.016245352,0.3877528
threads-nya,-0.19263737,-0.12139577,-0.19728784,-0.053994242,0.4431476
gara-garanya,-0.29604208,-0.25488108,-0.02875546,0.22527435,0.31846976
zakaria,-0.1845303,-0.20268327,-0.14656542,0.13137203,0.2980664
municipal,-0.17978306,-0.16602097,-0.015950793,0.18083201,0.28402632
ichinomiya,-0.1424614,-0.25727075,-0.25582144,0.23011294,0.32767907
enjoy,-0.34544244,-0.19930205,0.03199719,0.10694068,0.4370013
grogi,-0.1630523,-0.33266607,-0.26221362,-0.09321527,0.36759353
sudirman,-0.09010589,-0.17466077,-0.022294555,0.08850717,0.34607324
superior,-0.11545987,-0.18521528,-0.08567756,0.0021692906,0.4113435
mentor,-0.07695138,-0.30384994,-0.08866964,-0.018191118,0.28294957
kampung,-0.14830482,-0.30381787,-0.27254254,0.042958155,0.1956814
petik,-0.13293743,-0.2971943,-0.18373036,0.0453178,0.4381837
terkadang,-0.03660947,-0.33652464,-0.37849587,0.1615906,0.18988505
motosan,-0.19023909,-0.051797964,-0.37761012,0.28436726,0.18067825
apik,-0.34820855,-0.15812756,-0.056088023,0.103664845,0.13767976
zaman,-0.28725263,-0.052182503,-0.1389583,-0.13052839,0.2893111
lestari,-0.21347505,-0.31809106,-0.23003049,0.2614246,0.33538258
bambu,-0.352681,-0.37386116,-0.19914632,0.06126207,0.3249604
sumpit,-0.058773436,-0.25535524,-0.29150188,0.12962106,0.4039639
terompah,-0.30515993,-0.2073011,-0.1176378,-0.037547946,0.4438047
hadang,-0.31336123,-0.18207711,-0.21942474,0.1696334,0.28166878
cigorowong,-0.33538812,-0.14760204,-0.014216571,0.10126167,0.38116786
oltrad,-0.20839565,-0.2736343,-0.18297553,0.25524312,0.39661747
sd,-0.09403764,-0.17838395,-0.08887401,0.12504114,0.28805146
