id,PC1,PC2,PC3,PC4,PC5,PC6,PC7,PC8,PC9,PC10,PC11,PC12,PC13,PC14,PC15,PC16,PC17,PC18,PC19,PC20,PC21,PC22,PC23,PC24,PC25,PC26,PC27,PC28,PC29,PC30,PC31,PC32,PC33,PC34,PC35,PC36,PC37,PC38,PC39,PC40,PC41,PC42,PC43,PC44,PC45,PC46,PC47,PC48,PC49,PC50,PC51,PC52,PC53,PC54,PC55,PC56,PC57,PC58,PC59,PC60,PC61,PC62,PC63,PC64,PC65,PC66,PC67,PC68,PC69,PC70,PC71,PC72,PC73,PC74,PC75,PC76,PC77,PC78,PC79,PC80,PC81,PC82,PC83,PC84,PC85,PC86,PC87,PC88,PC89,PC90,PC91,PC92,PC93,PC94,PC95,PC96,PC97,PC98,PC99,PC100,PC101,PC102,PC103,PC104,PC105,PC106,PC107,PC108,PC109,PC110,PC111,PC112,PC113,PC114,PC115,PC116,PC117,PC118,PC119,PC120,PC121,PC122,PC123,PC124,PC125,PC126,PC127,PC128,PC129,PC130,PC131,PC132,PC133,PC134,PC135,PC136,PC137,PC138,label
1,-0.051590701526602584,-0.08469148977113615,-0.007763643938261631,-0.03438673326732933,-0.03303321926798981,-0.07466176454987256,0.07982033141318963,-0.07471396770809158,0.011043822642871112,0.0002943483449883525,-0.022977969190087273,-0.03424824706498473,-0.0009623449266251224,-0.005807608719267147,-0.030169419997809133,-0.007031607167474161,0.013590092164524751,0.01818820597058611,-0.0912870206812254,-0.00022781956982780366,0.01625106968571296,0.10789821366090137,0.002716991503723281,0.054307827035243214,0.041475588143334234,0.04066689129592431,0.059773730620865294,0.09425424602091807,0.010748153824022092,0.0883641481901927,-0.05882127374633822,-0.15703618123434207,-0.04163721539805484,0.09168688355296524,-0.07154492037128425,-0.017377018317475002,0.06016609705416285,-0.10737973384191306,0.09206640485540346,-0.13912907241774908,-0.03121853535160223,-0.06362837561864969,0.02472055672160647,-0.03958617016017636,0.14788164716689386,0.11207913434148643,0.14094026574635457,0.2660427226510153,0.1048099071477361,-0.008512704767753343,0.09881859780765849,-0.08775036622052079,0.14995226246537838,0.13784979199565514,-0.11446136200924108,-0.17236734117919852,-0.09773435453466395,-0.1660666257845415,-0.05163141805167754,0.0915764650265531,0.12620397906022304,-0.047540589683946,0.11501588864955276,0.16073534140598944,-0.060794203469380866,-0.18641378553378843,0.2713900357452502,0.10652549319000162,-0.10227793925804242,0.14873043698870356,-0.04586134496629095,-0.044994846263358604,0.15743507048976965,0.014808256353725877,0.12717099709827084,-0.08406524090069588,-0.10265540886087618,-0.04793010703428326,0.0807409520494322,0.11933977272784266,-0.07386608001678173,-0.2821664984089197,-0.03118561676560546,-0.21926246903316884,-0.03670419502645195,-0.14904070225094207,-0.026234864995789555,-0.0030419328669172127,0.050919615653800855,0.04993609372981355,-0.018889854850963197,-0.032589900826555704,0.0032276852116244247,0.017346089682237647,0.07252001663325372,-0.004318600037292722,-0.13638509596182136,-0.05919246360856782,0.007387926311451636,0.08485738157315141,-0.014645052862231523,-0.0664485349547425,-0.06821231017788454,0.042287737698758786,0.017228103237893786,-0.013482953488064442,-0.02068184796497738,0.014714659728784127,0.01380356729850915,0.06137050625006528,-0.002863749332397835,0.03949408146093093,-0.010670162901269884,0.022779114907042108,0.019998392360443602,0.008609295554884325,-0.02497679150505778,-0.00309206185246541,-0.035758525453460685,-0.03891155244671276,-0.015908815163544893,0.011457726789014671,-0.008024781056962747,0.00887143290354931,-0.020859981163513137,0.007414204589291317,-0.008094058740024094,-0.02324705420847257,-0.010729780167379445,-0.003692810066412354,-0.01817716081549734,0.013614854135599774,0.0054082934110501356,-0.005205006096205895,0.012910151045148038,-0.018513018654606556,-0.0043132104365034615,-0.010165587586224933,sport
2,0.47690379627750434,0.043410872097037506,0.005326883164753145,0.01774995800707956,-0.2475698053812098,0.13702333129943156,-0.09620704967919927,-0.0466489816838033,-0.06815118026513407,-0.03388681625680671,0.11903576983230489,-0.021444454903276112,0.05616933238654115,-0.003406061053740261,-0.04656315083605551,0.0343961007083137,0.014499272638944473,-0.02069342524264718,0.03525625572926171,0.08390427124244336,0.004397289708187778,-0.050374486437558756,0.07455843925725206,-0.05216929299756426,0.005731717769444473,-0.027578267039880453,-0.015962812714050315,0.018620256059820647,0.023912309086454878,-0.03201946775338974,-0.07781001364774999,0.045538335472044486,0.07644690771552226,0.062078708009719194,-0.04745038440085292,0.07534647133701637,-0.04673912648962855,0.01715253060955863,0.042775663073063505,-0.04842731440066112,-0.02485391682506933,-0.06011375947957853,0.026490971568041033,0.002292805067532762,-0.00485506635535097,0.017704029789967702,-0.013502842984807455,-0.0023189333334755085,-0.019066466806142466,-0.019703840337429487,-0.018069447354272194,0.055739937628816134,0.06985046601138836,-0.016708793162923573,-0.024379694892462223,-0.03249868059314725,0.009309409165395747,0.04807316977498694,0.012329321105663787,0.050033376281245386,0.029056519935023485,-0.01619440044050106,-0.012822609680205268,-0.019430741759950305,-0.011177915827692855,-0.013300891975490474,0.006766432350717688,-0.0503214138072509,0.0005976247514989341,-0.034658175310402134,-0.12667883578111092,-0.05677991237518325,0.00586705893814817,0.05001397507306416,0.0194932908187841,0.02306026508480412,0.04414711294779743,-0.012968136172199543,0.023542369378286652,0.05210601888678041,-0.02878320089828346,0.10425613094479562,-0.02226435158680483,0.011672576709491386,-0.05447330893132522,0.03382567354775921,0.09677673614025982,-0.037946597727844054,-0.06011863669611238,0.0032003026727561385,-0.0420389294142509,0.0166358080539287,-0.014443384062547603,-0.033464932496338,0.0822061109669036,0.06995639321445472,-0.00039419484846808887,-0.05789412869978083,-0.03577469994069538,-0.0330949495005072,-0.013947074313141527,-0.03199515959617001,0.04748194106891893,-0.08282463909576622,-0.03347309649009184,0.012506970560547621,-0.13463411794445554,-0.02483809548479548,-0.06819001214976456,0.042326266161060715,-0.007857026479903861,0.005570242130420115,0.03993969451977106,-0.01933396860492139,-0.05723040609182428,0.10970810271430687,0.007406898597305076,0.05715749744035449,0.053014865578136894,-0.03506837279943118,-0.03238361942452558,-0.013290770895747648,-0.001167542252690392,-0.01093574925513567,0.02347980712186548,0.22351702566810766,0.1608975496635962,-0.16046975901448268,-0.20799282552655246,0.10199566568775692,0.03497801338140794,0.08501389960886598,0.06384878360272869,-0.08946613874438247,-0.08705605192613748,-0.03203525651908837,-0.011614894052637938,-0.07177040342741098,sport
3,-0.09081109989452563,-0.30935357330008195,-0.13157724756533695,0.2859299097738129,0.11111683901976242,0.07982614632107826,-0.1173512168660124,-0.028175266008801325,-0.077481018053345,0.057102368830484765,-0.06675852026152203,0.04492940719573846,0.07043576629582732,-0.0009598859834773376,-0.06771405258727857,0.05797735618254507,-0.045633945359883916,0.013661689549634487,0.020485291944472576,-0.15272824463599666,-0.033529740915525304,-0.12579151568040176,-0.09580809328737569,-0.11880853319671704,-0.07644873668966341,-0.11363194621367116,-0.07958306022431784,0.06150521303653786,0.1571467676763585,0.10846911720651964,-0.19057116949775404,0.03833932707163354,0.020400242771112444,0.08323382416613033,-0.00965011721184184,-0.3035905207242827,-0.05667098003411695,-0.04436583298193833,0.09284217887165025,0.07755122531678423,0.02416443050718699,0.040247871978265425,-0.05505964909227854,0.015556677873453058,0.042509593275971196,-0.02453593298576182,-0.0058968384584517815,0.012709698397337653,0.012007453411634538,-0.0022992500854074516,-0.0730065374153145,-0.009560798361126279,-0.07859630989706104,0.02900610130851407,-0.007170658315656211,-0.08815678714936795,0.013566586132926836,0.06685922044806088,-0.057901768115921494,0.07560054836452831,-0.02281077269764769,-0.052471235348386894,0.03887934088524454,0.11076779245406625,-0.06729026222538247,-0.04108534019646961,-0.0009208102476866831,-0.033844849836726185,0.01490589184181903,-0.03481857056771056,0.08464623045928323,0.025766719667174143,-0.08393200537292277,-0.016928500852033387,-0.05526979286771024,0.06438088291126938,-0.05849031224795151,-0.011826072343131882,-0.05487790351854032,-0.011195691488670194,0.003485748703353084,0.02824156342289781,-0.04559044570036754,0.011796198902560178,-0.013266836199758986,0.05216676281724152,-0.05886110458847099,0.044380032500430475,-0.030550677299060944,0.044739866207809766,0.03160201095228162,0.013374944051360188,-0.005608415425518492,-0.009291390382868648,0.048182594806009914,0.13614351588065562,-0.009585672300076892,-0.004273287059674011,0.0819380934416856,-0.02323702696914072,-0.0007769585250561036,-0.014616038054500118,-0.06389969409474647,0.013768400869498687,0.046794102409828876,-0.009580683939261958,0.008015485838633225,-0.05884418779564761,0.05762406360691398,-0.04115841828976815,-0.01430900896948076,-0.08235584737301174,-0.05924230581112097,-0.00642711616310886,-0.012217694115885745,0.032606381469430394,-0.005174306048052575,-0.0006809908443301673,-0.008020740570852588,-0.058329672709663306,-0.0188541589777977,-0.025049229032984836,-0.016639966506974357,-0.017482133578502184,-0.01852688311311848,0.025863659161151933,-0.011170277685514306,-0.028679985289733076,0.006282024841826258,-0.07953766453775203,0.03291956143323686,0.021650850776495405,-0.018413141390518552,-0.052655056569373346,0.0008210991013351478,0.049881846362480255,-0.05825416149643121,-0.06261245824325484,sport
4,-0.035140252267918066,-0.06047269611098243,-0.0159133984082397,-0.04177146763396133,-0.019446847596055906,-0.021547828239565688,0.018284604393920628,-0.021831519433586292,0.06974200114455137,0.06913422768189816,-0.0024965922837938497,-0.009414599683276797,-0.02678974004664231,-0.039825866814884085,-0.04808040964827255,-0.08565110792532105,0.0231627124024505,0.10372193819667574,-0.13266949728297558,-0.10109331511777764,-0.09052008273000538,0.1755594180779094,0.23800644442256727,0.016899088563095497,0.2732733235998804,0.18854765364754128,0.1601774357341448,0.6062266866810695,0.02892434181634933,-0.06809365257130877,-0.13345676909082277,0.000789705830112729,0.005242880405562378,-0.09381486457998028,0.027179773628981725,-0.04301702107213425,-0.04424473647964455,-0.0456775005285585,0.12001124088111507,0.03300950698710287,-0.012185892807431698,-0.06744555946361815,0.02285081755378749,0.020077724751386024,-0.058951019966244564,0.028679951962790478,-0.0221171500636436,-0.043129858636414754,-0.028139578400911545,-0.024730050692385524,-0.022619019640958984,0.0002545075272489872,-0.016343319370502877,0.0011943687441620166,-0.012609498673222024,-0.01230881421208266,-0.03830525484877166,-0.004014073375868399,0.03268255440272995,0.0038929688185846347,-0.03178880491020674,0.0021079360955644543,0.013566096001864716,0.003869778678863157,0.005165445493180226,-0.024927662006622886,0.003868934178876805,0.024600951554838494,-0.010447567512803634,0.052435432242188884,0.0010889094355725924,0.012885738188400135,-0.03903047953403777,-0.00017776996051691846,0.0007653882212060348,0.000806635806700951,0.013347699886694937,-0.027658012608133935,-0.04182312077943588,-0.0027657089895045755,-0.032298220256341256,-0.02391133294707961,0.024084757414436823,-0.045582776876665336,0.01943542345745966,0.009262910822260896,-0.007514531144914326,0.008645779017278112,-0.03478773190520051,0.017855244556844983,-0.010435952512089659,0.01979647785082413,0.019059675107526857,-0.004860147194084722,-0.013232543163026425,-0.03176742628796863,0.0044068408231007425,-0.032481902584270084,0.005542694182445239,-0.07390167069621738,0.016990027221957547,0.012064469462420431,-0.016986694044299207,-0.005207270607898761,-0.025563736288814764,0.01826229429971155,0.006580573193539358,-0.028588145521019636,0.018868986255060026,-0.016437935201224895,-0.07191672625668999,0.020907956799362252,-0.01797795801092356,0.028906210454352186,0.03778403234957534,0.0018617080017905643,0.02900723353269405,-0.049872113438953446,0.014447808736397297,0.054993632676460825,0.02942364063989688,0.024080121114534322,0.013204064946457829,0.038357793833006,0.04867139583214871,0.06791740865298063,0.006912071715162277,0.04056576276660297,-0.00017011969606868667,-0.04116489705248802,0.009338122707839711,-0.05520246810196757,-0.027958492699761545,-0.00024122559691615135,0.06616960152834173,0.08237799026140133,-0.0010002203526157671,0.07366332857436605,sport
5,-0.09665725556861247,-0.32727225893189815,-0.1425400354867167,0.3286428669913759,0.14383113458686322,0.15314001143601985,-0.1592942442400028,0.07791274221170216,-0.04312338269550105,0.047884840511668,-0.10033202798749921,-0.10952050095453934,0.12747291857285262,0.2515172178847359,0.2697608355157474,-0.04923314515196925,-0.07703071530616187,-0.020398164050436582,0.08552577313689569,0.13975555941882556,0.09873651545066456,0.0942485190582702,0.08366977256052249,0.06670597188129775,-0.02990994275189692,0.09938238881173299,0.07176907852515023,-0.012921107527707351,-0.050910738383634815,0.03426645305842668,0.0046804660155476815,-0.040065382729312295,0.03912747354777859,0.010243093673758604,0.01909129552365092,0.021942789170471284,-0.06814396722213188,-0.04939294944234815,-0.009004427861592888,0.0033856937652259555,0.006586170611004868,-0.025866631994720824,-0.05396500412117271,-0.029462820795553506,0.019200129026300097,-0.015072333404038386,-0.07828503410015428,0.017696754582219674,0.0034451607921913937,0.04656956470891465,-0.029377831634508283,-0.056123382069957733,0.0016796690023890856,-0.01577235648112912,-0.022983947943939213,0.12071067999913748,0.04920619677711672,0.0022057069726242745,0.022243599233694192,-0.07179034572456212,0.05483823986808993,0.05804710731603406,-0.025440081904257346,-0.007086419386700406,-0.029707678921543027,0.06482175910881055,0.07748199331368995,-0.013926142034111536,0.0020650284682615224,0.03233826606389132,-0.047576842312555004,0.050484945884221415,-0.005593458635532104,0.028168770897617754,-0.028752122205302648,-0.06418044800083149,0.014119132659654022,-0.017589351126090794,0.009995366523127712,0.010912461577217727,0.053442798584172946,0.003494323036636878,0.014218215940930907,-0.007755527165447391,-0.022930580422150234,-0.02468310062494973,0.05708276120140148,-0.013531893379963213,-0.01311933552894314,-0.016308825994975573,0.009333221480004638,-0.014959548594362847,-0.05058021600047271,-0.024906329240292544,0.009829812147449175,0.02928976948293494,-0.030489311228066182,-0.011735459781238161,-0.027700642409328246,0.001049954250291772,0.00670470505144415,0.009346069012533296,0.01857009426758488,-0.004068739741346759,0.012861578202479428,-0.012748295231028751,-0.018892388858478878,-0.013378843190562052,0.024873679074391253,0.01319976603787825,0.005039285279377771,0.007866217567620909,0.01296080000103065,-0.007598066549418558,0.006133405093206761,-0.05560916799212571,-0.0008670021876904656,-0.006434307325081025,-0.030181643208127377,0.027413203328966677,0.019400072569554918,-0.012483837677201653,0.02049427306921156,0.015054955502970646,-0.03187720999346252,0.024609572691114065,0.05697845771423617,-0.019920795133254808,0.009452737005276473,0.006965348856699653,-0.002127256175846014,-0.001125937268714733,0.04319785759323723,-0.0521124980123999,-0.007570141383709814,-0.002406155225798758,-0.039404402452670434,0.01994318800341104,sport
6,-0.038509567656111424,-0.15181402559015414,-0.06805213012920275,0.1058555047214499,0.014198806044144169,0.048961172011848034,-0.021276731698274744,0.06257852620683911,0.0029623412944605287,0.007503921586315817,-0.01584321798723873,-0.07681334641226345,0.03202904839347788,0.1405554666333891,0.19196053910264008,-0.03898170679681576,-0.016366417142333996,0.0006745320399928698,0.042670473394239454,0.1851619962722398,0.04393281188167601,0.09849050813544465,0.08043713461794245,0.10220284250347694,0.03338828608445826,0.04763182691641584,0.050191296860721164,-0.01358907603067105,-0.06824021419132115,-0.026081265970284245,0.0872373695042339,-0.08525236280548698,-0.06893550586112046,-0.08850100028463133,-0.02540391286352337,0.0781630811481626,0.05428681230004458,0.012526762796764849,-0.023699136493377078,-0.0031891835452639247,-0.08215922853867719,-0.0011058363087313797,0.0640397366488342,-0.0757641342299161,-0.009533278459878494,0.013130998685761173,0.1031764082642198,-0.07493556621636416,-0.04291509967652547,-0.08641341030293387,-0.04715481436875805,-0.04644781973077011,-0.0648707423513122,-0.10816107695646236,0.03411365011570258,-0.07357583900392094,0.08884597274616222,0.023917392807970936,-0.028771077855487354,0.022758928558569057,-0.01893723113058573,-0.05215174852821412,-0.024585360719161307,0.21791618950984973,-0.17461136815887562,-0.2498344453535332,-0.15261512361612098,-0.10154772663635876,-0.0018317330760925328,0.0516542048770378,0.10561872022052958,-0.12086113373008522,-0.05981997593867428,-0.009481129074623337,0.03008250953541379,0.15975795258852482,-0.27611790267355063,-0.1526884230232654,-0.07796743581837556,-0.12305396273277762,-0.030721164542119053,0.23637744348443598,-0.04253884672553472,0.07625579517278044,0.01372982281618312,-0.023906666454076377,-0.005003785940125325,-0.07910862476685449,0.15864860065805356,0.16951058400476862,-0.031177434408423348,-0.037374474475888896,-0.02454811705361435,-0.059849725492062904,0.122422322683401,-0.1142245088234307,-0.008495083594217795,0.04739141654247014,-0.0003642197928343746,0.19880493105195596,0.11954949458365459,-0.09274920128328774,-0.09936063168865726,-0.09121280900659617,-0.08209622372417484,-0.001247406677779587,0.046506671059172444,0.021153724397602734,-0.09093193581414737,0.058710385044084115,-0.05595208735568898,0.04275766063625203,-0.07504715705086357,-0.04438122306949442,-0.1084462558590699,0.07382127501074831,0.024675983542604644,0.01306492001180332,0.06047162666475635,0.025799993807987705,0.026313273454934644,0.032449037245935494,0.027810356494446565,-0.01158349412470344,0.014575422245920242,-0.010127584456532425,-0.009187192101345849,-0.007704043415643415,0.01559155441352217,0.013606778019628021,0.02517489451866825,-0.005883579170965528,-0.004196440077037783,0.01969909106610249,0.025019132851463073,0.0361020975467872,-0.0008993352138004023,0.04106638220805454,sport
7,-0.0528344997332708,-0.06023294460304116,-0.00915054473260272,-0.09668887242188594,-0.03257694586721905,-0.06887711906059983,0.08889493549253077,-0.10868288131498949,0.045086445000555884,-0.010654502521240833,-0.047434657676543444,-0.050933828205918304,-0.024073647870752054,0.010553761851374476,-0.03522035022922574,-0.02661491416125308,-0.012498314824352699,-0.05329492428138262,-0.02407092523244704,-0.05395390798830284,0.010092166273237743,0.13357709389592226,-0.010426703877773735,0.08055987529121533,0.05616919265685451,0.051159210341945476,0.002026119498983209,-0.04657691319060109,0.012331423339175288,0.025760022923584307,-0.12625516732144387,-0.13416162558000902,0.03124306497380744,0.1804904376031969,-0.19738582059711587,0.03419433459249176,0.10196484828404163,-0.050994578409242174,-0.044896454049280256,-0.10733991270174335,0.02159831080689728,-0.04733682720410613,-0.10862150989182862,0.08369649008854438,0.17338653274607713,0.0140062637987593,-0.11098229772886227,0.08489461143646236,0.052176698991874555,0.09029120660346497,-0.0029174515970056187,-0.05920768568944308,0.006706113161698002,0.16389627266946494,-0.08673964561652724,0.0357719684765216,-0.1336040598738357,-0.10367073109785706,0.03534320044512076,0.017681657201598703,0.1293320912173711,-0.02662286817996482,-0.038002291724033764,0.20116148394509084,0.23601031837797215,0.01818869767239086,-0.1718156685706155,-0.06215156049956097,0.14544766017769364,0.050395954650838744,-0.01980277606054544,-0.09577762534065505,-0.043536571016460184,0.15295587223050905,-0.03494988872056788,-0.015396544534497021,-0.032031366753673886,-0.01774092851096606,-0.07380896759260597,0.00746192742527203,0.12388731965136565,0.2536175419696807,-0.10886201069345808,0.061681687613049506,-0.06863452711171654,-0.0024086003300252254,-0.16399510195163994,-0.02196723170187354,0.12449910451999754,-0.20671219805139732,0.10447055673566372,-0.03174804794350764,0.1859884192477544,0.16492360265343156,-0.12908375468344524,0.038805502631016786,0.03217451983684328,-0.08861285231210345,-0.10181784340933661,-0.05981837600006737,0.03745878278966894,0.016360355164301097,0.0675108577761988,-0.18948757599076277,-0.014026306243740181,0.09550755280823539,0.08174478461391987,0.0026116833651097585,0.05406587946181199,-0.05425541226892596,-0.03383585763178321,0.006286632032477375,-0.03172915229102109,0.04888737718058303,-0.03029781946969294,0.004319080085006483,0.04056810578609883,0.01949015604020528,-0.019733467282959074,-0.021426036796841276,-0.0247218539374732,0.017657770584054683,-0.05849942766382524,-0.02142521171530493,-0.008301566731100194,0.0025301235364943724,0.040118908211269004,0.01897971302400245,-0.0117286094110637,-0.01029642631237872,-0.012664900827575706,0.012818599183047456,-0.012425258061771645,-0.00944658729884817,0.007724296633489885,0.016713929349052144,0.003446976910821897,-0.00038533213454468106,sport
8,-0.060469615337827416,-0.17334512092907337,-0.07767244225353533,0.1292247298154584,0.028219865105164776,0.04075588962514159,-0.019731850964615036,0.0657722864730291,-0.027670067792728955,0.04147895389980577,-0.026950673427480216,-0.07570344099305455,0.08916869918550661,0.1842876489604858,0.14998044740566094,-0.08749330151491719,-0.08501023985782144,0.06704323160781152,0.0599978868251064,0.14570141302241418,0.04396133051816257,0.08549110938058382,0.07010515777304516,0.06918426960804537,0.00733758215444076,0.060322733591952095,0.05141723723963206,-0.05905572317611999,-0.024975510077568774,0.06032465511758601,0.052845657381992685,-0.0794588169360915,-0.08469782249416288,-0.09118457105280063,0.012926764250282325,0.04236392031793345,0.06811084113051469,-0.029085902570270498,0.15993340356919508,0.08337376192590873,-0.05470825667540224,-0.006973743749330143,-0.04713488759701091,-0.07158757290200705,0.08618721393313056,-0.06456167191544802,-0.0766590492495307,0.039830045717852314,0.02309932536523605,-0.04387143489300701,-0.038044088671333756,-0.11474625542605435,-0.025926704238637868,-0.050754609730209524,-0.13594333205287956,0.29161280544114754,0.02422950528709578,0.0812548305081823,0.02824242507718788,-0.13694644973418194,0.012621797872267446,0.044032401028638216,-0.11967361562895677,0.1503603977000402,-0.06500053128189259,-0.0020760626626855285,0.20789801652529394,-0.12719948586273144,-0.08300975191592018,0.08739174665035715,-0.11159337126059124,0.12026315733255066,0.03523356531075366,0.042002658537678365,-0.14384881886863216,-0.20618914057303417,-0.12062452149601383,-0.16627068205617138,-0.039916174546835326,-0.05610112682414964,0.04541367551251437,0.008099973773042599,0.006587744330083381,0.05267042391554746,0.03334915374774055,0.06732277674213613,0.1450687083175621,0.11288874918385088,-0.13556183441909153,-0.17783418497015896,-0.008919436894791806,-0.05123264179049421,-0.13683764010902638,-0.016840686572842573,-0.04669852615137858,-0.022103020678141065,-0.06294950269624934,0.015770125027900768,-0.016406689203308723,-0.022586597468551912,-0.048650392558385436,0.1316492186784364,0.05888411032698939,-0.01934799280129677,-0.05898313911011811,0.009273079169916442,-0.0824090083982857,-0.07295430424673666,0.12074409487338376,-0.05630730845774918,-0.00441355979849085,-0.047477508099281036,0.019232755675868768,0.0201298048188606,0.05029481764224229,0.005731567090267727,-0.03138299425070972,0.009154404916305536,-0.02949577291967631,-0.09626819448147259,5.194626149060727e-06,-0.00373826734737712,-0.034047706814949924,0.01829884173835773,-0.03482813827655887,0.022735891734843996,-0.027190209283403252,-0.0037144007762166587,0.0063153959118347315,0.011670986651569785,-0.02158176745208437,-0.017998724187911257,-0.0003469850223831213,0.05419257487259615,0.026568428049314894,0.002084517462714942,0.005180303547208438,0.011464378128845744,sport
9,0.27346122933938,0.017021226123237667,0.00562528723067936,-0.0065129691303386856,-0.04226391554348706,-0.010927083032383466,0.022164072410862972,-0.018989707815676184,0.046550979200219424,0.020875779414388364,-0.17290268805570644,-0.07563628725060441,-0.09553618525607571,0.012705820038794202,-0.008995907093392009,0.03738789939153796,-0.02948322317750853,0.0979477435525896,-0.0020604891284739936,0.0581703135338095,0.007832950372043998,-0.19058995877904214,0.1524653529151566,-0.16144471345282232,0.0032251035860256876,-0.05715158785990272,-0.06069549840177865,-0.011344311247956535,-0.04122466081992702,0.005391720777382652,0.011868867500784466,-0.03631200680030322,0.009383336305664241,0.005138607021369077,-0.03412511672464091,0.0035819585344172406,0.010578777363743743,-0.0016250278781799442,0.07933612270338947,0.007338859455807647,-0.008560643059732205,-0.18213603599971667,-0.16679521874998707,-0.031750442054023775,-0.10268773678495348,-0.031042560872850962,-0.011776597753581993,-0.006493326365558137,0.019537213978187598,0.12062714388665677,0.11191704039297622,-0.11614780209563332,-0.17738812701780773,0.028428686919486423,0.13036441186404824,0.028125569299663915,0.05340502697774643,0.01282971833495769,-0.0019483319919043655,-0.08070027243356143,-0.12276516198546131,0.043132002298574335,0.10512458886788968,0.076290429736365,-0.06841051277851419,-0.12534489674667887,-0.07035062446727025,0.057154909201594696,-0.049842419977661985,0.01277592622727615,-0.007894210677827852,-0.0529573278165052,-0.031561725772225706,-0.010008903406725191,0.013498247505683212,0.01933183903679077,-0.0003298441977518045,0.002952539676123585,-0.010870541541862951,-0.07067548976706019,-0.020669815923244832,-0.07678388492274364,0.004483529201959595,0.01849139065583851,0.06628859544768508,-0.09522720881442959,-0.06606359639799624,0.002352893635646354,0.12392073149325292,-0.11502738978859421,-0.04197616843658523,0.0050794800262396475,0.01047106417385749,-0.07629442036237176,-0.018433690300640553,0.0034676830169516454,0.06998918266162324,-0.1716964992846097,0.007653955812752022,-0.06972279267955866,0.15734384455944825,-0.08862440712347971,0.15714742381373797,0.056614288602326014,0.062191200271006095,-0.08571531142301426,-0.19277257052495317,0.0019023476647197148,-0.11180683180637381,-0.08514804281948406,0.009687226693824859,0.1378143215409874,0.18107948849230093,0.1622433776047418,0.0768059445066514,-0.06852916982371693,-0.09942183942208901,0.05486180714112971,-0.08290137138481445,-0.07672595164917714,0.13981946363351838,0.05867610708755297,-0.05573256846833088,-0.18573603634838323,-0.036386258162389204,0.0014900344999514996,-0.0032048205577178512,0.06317905758676218,0.020054450998039305,0.06339186907294266,0.058171602630729534,-0.005407536966603839,-0.015241302434782833,0.03353175149185622,-0.027446693093495726,0.09825831246511342,-0.009061455455918419,0.007315898560173118,sport
10,-0.09315405303136735,-0.3060199410578807,-0.13122317459341284,0.29453966587201885,0.13826633896421597,0.136465323987191,-0.16044238327851512,0.021191184135059684,-0.03269215508461296,0.026822119190533327,-0.04161912672201501,-0.03335073494420038,0.0463541971749467,0.09336282097358173,0.05329900270131257,0.020787361764706656,-0.03355719678329448,-0.0039037692984306544,0.06264502597713527,-0.053354570857541354,-0.031190512141092183,-0.06775645721825156,-0.06226494670804626,-0.06161464056414593,-0.028167098213626722,-0.11261458976567655,-0.04439339505003756,0.055031076183644216,0.08047048694937375,0.06882369623884557,-0.15182514817197493,0.04365017449502006,0.04724291754400981,0.04180665244866814,-0.011248578281365948,-0.16442788020102442,-0.029363451234672766,-0.050542030939176134,0.04163793446047019,0.06298149708861255,0.0015084017000038719,0.014535668558588507,-0.09063777930184559,-0.008741433273234338,0.11449671399997209,-0.03199438268342405,-0.04500652917748702,0.00742328942841862,-0.03190130879319064,0.0014562959286044152,0.019341256446258965,-0.0018066258405815606,-0.013042945350570712,0.021495950307539688,-0.06713185032276815,0.013798216147440465,0.07822429059948129,0.013387729067602725,0.00039935897401770405,-0.0024805010747203583,0.02227725546144622,0.018231236480605515,-0.023033749663428464,0.0005243617865678894,-0.06478737015806213,0.018862918543498298,-0.022020732906462177,0.0011213414664311035,-0.033975450260839306,-0.023685091120635327,-0.051269329639252396,0.020868267190557958,0.0776704971175652,0.039971151812349684,0.020059916568475097,-0.03637016339682189,-0.028389510986056167,-0.04820805228935489,0.06259084817024796,-0.00279702516291114,-0.01657168219442163,0.0001438496131252953,0.012718450587597779,-0.015915982598871663,0.02429837792783528,-0.004900507746353399,-0.00021793094219685403,0.07143252795482115,-0.019998522129098358,0.07173491551536242,0.06282827167518218,0.0560506967954493,0.043633932407838916,0.026161394232481167,-0.006182846784787993,-0.017206802765738275,0.002394468327208337,-0.10652177227286301,-0.12756251273006175,-0.002741853150116307,-0.0526166747084987,0.046275260446266085,0.09166919087721703,-0.01190389237990047,-0.011332478522565774,0.14227936540831262,0.10397183004933175,0.08936203970365629,-0.04635605206399589,0.054591392374046754,0.014840041699237342,0.16371325741769951,-0.0391688067691474,-0.1280832747652494,0.056221120019712814,-0.11644654016563602,-0.12352477365774055,0.11458064648126266,0.03061574080580986,0.29295737525497445,0.07756431195164538,0.1273720434020055,0.21010680290438236,-0.046352845024504145,0.08044494936345412,-0.12483670564131503,0.041980981073765626,0.009284632607712383,0.022806621884124318,0.03726208459311411,0.1681273430629889,0.059156881278867125,0.01174876480521732,-0.060520965450224985,-0.008778161661652503,-0.012167331808883703,0.06818474317616008,0.030423872926370173,sport
11,0.34553828224111793,0.013728311834949578,0.0065024838684437725,0.012407239870902705,-0.18823550824229332,0.08599949858830988,-0.0022395270712749454,-0.03562932408535261,0.04991993334721509,0.015318904168833173,-0.15074091410012017,0.056813620674747406,-0.14267423654157613,0.01832391436956605,0.13889001873731555,-0.011886394459524054,-0.017807855338955163,0.0797334016706344,-0.020241329321869193,-0.0857657810454326,-0.014432347718383785,-0.15743403384542942,0.0531982063984906,-0.14791198275592024,-0.011113952147798561,-0.056755934673209565,-0.06422009060529887,0.03450812689690008,-0.17014740671849932,-0.0743623390528396,0.2511153131712864,-0.10388459636609636,0.1647505052611074,0.1281664879929808,-0.14270029809619006,0.04750145680120447,-0.02616726191179003,0.025655608909666776,0.20613291593066432,-0.0492843932726684,0.01757520477546737,-0.06952286594079414,-0.2306383116752461,-0.08118517711806207,-0.22148738064544313,0.11066433329916395,-0.11045519376474267,0.006029887280131036,-0.016753415423664507,0.0144055254375629,-0.05619947407336998,-0.07789869044248574,-0.04820412309730374,-0.009380088240956217,-0.05209898090135476,-0.04725639285242798,0.01549492991354376,0.03079745175324324,0.015455728224412808,0.05156123021557704,-0.006777384710931993,-0.05807354419528256,0.007690487367433592,-0.05037955190141809,-0.08249317063552862,-0.019693832284663055,0.044012977218283206,-0.012260082584224537,0.01500542542482858,-0.03776258696873567,0.03142448625656643,-0.04897232793519587,0.05440298796058756,-0.10287999428531552,0.030169576712088857,-0.017478915153271813,-0.04535721619357256,0.04627662298055119,0.004978990307566499,-0.06112594484883162,0.006605677645894832,-0.002479292440700317,0.03264051620659111,-0.015552639873913919,0.03231181904430188,0.04837337385413109,-0.004913114520303434,-0.0014050440087082356,-0.013838138174513088,-0.01611864191033238,-0.03079752626027894,0.02199343298249856,0.05254739106739553,0.06039871132728906,-0.005127658844278653,0.012914534122595875,0.010155382041161171,-0.017036333533142756,-0.017452802132292992,0.01185512241682934,-0.06238233903294506,0.06264862096689867,-0.01083452637313223,-0.031907251498671595,-0.029075281439700465,0.018990261146435497,0.03584795490062398,-0.0032533344347792526,0.006019828732838416,0.0019599134496013134,-0.024359188284429605,-0.009989018587372308,-0.07954279311398833,0.017774957184355338,-0.04186755859781427,-0.014484142939421624,0.047092519098896606,-0.021087027779232558,0.0020919320947802586,0.01893669984761058,-0.039371919572875655,0.0006358962329184663,0.012983784520294571,0.08191831905252003,-0.034057671552630085,0.019758634895929078,-0.0048241182458324,-0.003610356145658753,-0.022523845472771867,-0.045919144008083106,-0.026311032386482337,0.02794713374791921,0.04353189476266524,-0.021163442002100116,0.03801897945029282,-0.07836530753651817,0.016139433128951136,-0.03878889550421181,sport
12,-0.06155983046603067,-0.10728692552621598,-0.03523186828866961,-0.007045312066054195,-0.0015538186834403375,-0.06123749817769506,0.04364377022248483,-0.04724512146116531,-0.020045111802565733,0.014157283309554592,-0.003718364723781008,0.010446910232219489,0.02605861080388212,-0.016917587864086793,-0.01885757302216481,-0.02952648390627082,0.05748167106491553,0.029128965894363534,-0.03693513482595433,0.013061138821788656,0.029398625824517414,0.024787323217303852,-0.012492872482902125,-0.006289875343473997,-0.007847616355845199,-0.001036201385872503,-0.036443283178443475,-0.029292354848598053,-0.08858505139643592,0.07081586018413867,-0.009017447960046126,-0.09518065062904105,-0.11257555636658087,-0.08838081713456207,-0.15575556649551517,-0.12053308485000892,0.10712125157786005,-0.08354166574345794,0.11056971256220473,-0.020069275721028824,-0.11257207169983154,-0.1311579352539567,0.15975107815841677,-0.10528095194142467,-0.048283239660604695,0.18184536633090748,0.256599473954306,0.10785517171217898,0.05543330891017567,-0.07265019873810037,0.01656738006766657,0.016093661844284145,-0.033692055683436826,-0.18059794685515015,-0.09136850531017271,-0.08553514684630462,0.22023507204674617,-0.15711099468181186,-0.14252703575105846,-0.06478969613654377,-0.10081479698126004,0.18036618593677917,-0.09134650685986481,-0.05468643111571174,-0.18096144479572543,0.2139973712213465,-0.21720549130144562,-0.11278493617840422,0.15025457828811636,-0.02674162340509972,-0.14411054961621644,-0.059810139888281856,0.07158391445720924,-0.0037510381234120483,-0.1789455223781574,-0.1401647467740921,0.14526054904088673,0.07010489822225474,0.08297594455817729,-0.10906792802585234,-0.026569409230353377,-0.07745523457625601,-0.06195547816863914,0.03610209979113724,-0.05357165130812506,-0.09901063932738834,-0.04161173991759307,0.0395246977418385,0.0744393287971145,-0.03044904446797758,0.0662662156699841,0.1575408355481601,0.08225534355825916,0.04692440259675013,-0.015435543324158361,0.03176074602762131,-0.011691294298381885,0.11047837015913288,-0.06613203699288668,-0.03644422427780528,-0.028914047331134334,-0.11840025347379618,-0.03552351894152766,0.019306680198062927,-0.046236387748130485,0.042697173617612647,-0.019108531843700715,-0.07141879466890622,0.017086404800733233,-0.008437026801084102,-0.011307522556846297,-0.11943856684855277,0.026238700826382806,0.05869316216743623,-0.024303313444897202,-0.017838304061910816,-0.0046736182561766875,0.020183603074896098,0.012412287741901996,0.05162993307034521,-0.024656520275202314,0.08856262317022215,0.021582629925125968,0.010774518162222649,-0.06399529920926639,0.0313460976362369,0.01807385274985468,-0.01121200198136295,-0.023629115649794086,-0.007411460066385423,-0.02922454241230486,-0.0060553382318610125,-0.012366838738192151,0.014363460860256872,0.0003740314861470313,0.025269331811946377,-0.010338994424200311,0.00463008340401648,sport
13,0.2650578387738106,0.02158006677152784,0.00940448530782143,-0.0034747679658553897,0.07603690313463461,-0.07046229918056653,0.03673363511176365,0.0283731052967904,0.01161063538636052,0.007497025305942848,-0.06090768175865983,-0.14737087166550308,0.0290109321896714,0.029425567509048456,-0.12341178632083842,0.04509468084470009,-0.025953119413422578,0.07034997675142285,0.035682900979537094,0.1677525662469348,0.030020308888701323,-0.11852337348471674,0.1783212050160556,-0.1064012442539706,0.02048383388358196,-0.018916621618068598,-0.024786438174755676,-0.06415238019995298,0.07462335328217601,0.04076325837582987,-0.1587146409565694,0.05127245465746022,-0.06817977160830595,-0.019968763400300675,0.0653888548476758,0.040342259792629016,0.02546693957710624,-0.01338284823331429,-0.0008345652114556942,-0.018352053072976018,-0.004360939198194149,-0.1480889596845265,-0.1042435697343529,0.014623428855094121,-0.027850138824488033,-0.07630183310495559,0.12505034087034386,-0.034110989574240795,0.03278038248242086,0.0098766235184425,0.0770636433658115,0.07462721441119059,0.06866342852422322,0.036694062912120386,0.07856221754687322,0.03779443679277438,0.05590723038081149,-0.04580315896870162,-0.0007240613564122046,-0.08457229909530808,-0.04047657838120885,-0.08969319577050626,-0.06685677040849874,-0.04708625257103741,0.03605023951594022,0.00035398334036296274,0.04514547316779775,-0.0635591898920958,-0.060455705113253405,0.041261704502161316,0.18468562020111537,-0.013120495306166616,0.038712085373378356,-0.10116090764152906,-0.048382645184204924,-0.032240446098369076,-0.02128359923175573,-0.021449717844794845,0.006515844089467925,0.039929949267666714,0.03535374307901255,-0.05504963613603168,-0.06403295430458956,-0.11642644745109569,0.05896179711811379,0.05619221773593385,-0.15512167027968402,-0.12305208878422354,0.2544820392342289,-0.09410955342402692,-0.08425721776643637,-0.04355776184357965,-0.07633917091927506,0.09043860516112429,-0.0779872663972895,-0.03824921483915578,0.04831932349262549,0.1912340653978733,0.11220813707032806,-0.010527604394614927,-0.08312991765516738,-0.03379469888073892,0.1185059935196012,-0.02879933101962484,0.0148627087707506,-0.02749937070702114,-0.12155999840635213,-0.17294296591223798,0.13909791125501306,-0.10671784916068747,-0.12466716669531326,0.05355428231879458,-0.11810841441302039,-0.1652172472156681,-0.014377114378679947,0.061874650670714786,-0.016311070001229295,0.04159270755574386,-0.020172891091782313,0.1493705726492895,-0.11554229013228204,-0.08991513905729273,0.06810507758525239,0.13534986369396607,0.08443601600523273,-0.046535135614086606,0.060261320799865264,-0.05905052783327359,0.038899483291222614,-0.009614289874180879,-0.002548070926630906,-0.05886191505640808,-0.023045180915836787,-0.042390645442517014,-0.030407342573325766,-0.004199875240626131,0.001075012222940076,-0.03529828039863999,sport
14,-0.11449846847221859,-0.1748852629011199,0.1086112101184327,0.1691460540998084,0.0516630974528541,0.04830515827334474,0.1287904078312483,-0.1515702092983855,0.19812471283132935,-0.15153828916415799,0.267261005818712,-0.15552890165033006,-0.3109831076692654,-0.18684328572327571,-0.027530710140947986,0.09906365551553849,0.1829404102984986,0.16244159968971125,-0.3262011749941477,0.19732048468185565,-0.02752897034308278,0.0605982250314407,-0.08776798550843498,0.09720489286320841,0.1199633177220408,-0.29136405589976677,0.057801202239246445,-0.021812671249042136,-0.02408363906194111,-0.07004347252281988,0.03578846651251383,-0.009439716280010706,0.003907998150422133,-0.06893431429098355,-0.09599775990488461,-0.04722561636188983,0.07169052638651943,0.010319708437641292,-0.037469105987937436,0.08115579255522617,-0.05308733902767645,-0.04188782515202363,-0.05983097738883439,0.043827648637065876,-0.011466910595481505,-0.031930857592805825,-0.024396958847214684,-0.029003925928467216,0.011890073699822337,0.08549356128933785,0.00028805121814936646,-0.003444977901294421,-0.000999994629481564,0.003915090722516603,0.005390065871290817,0.01862897911840821,-0.003360466560811152,0.040110796511994895,-0.024479949840177328,-0.02641978292488855,0.06671399712672799,-0.028758503744209594,-0.01098664900484361,0.010880546133305361,-0.049820559557497486,-0.0035764665488238682,0.07186275730078998,-0.0015314202161170252,0.04356455714310367,-0.028106081606766763,-0.03584978216550518,0.06166389051077475,-0.02964272558038958,0.012883978210735515,-0.034224292028276704,-0.006349696021284651,-0.005534388697500364,-0.022558304502632597,0.030389506367292363,0.011733554564020244,0.025629916331775634,0.007924979810590267,-0.030973657039159795,0.008439219844326142,-0.039578281982735976,0.018604819525035506,0.030928185872132703,-0.01914569062488896,0.02327253364477336,0.04430164422861688,-0.032199753436721996,-0.006054802725518382,-0.04201119760766038,-0.018743124176864655,-0.001880377628593319,-0.05913787536755252,0.00922602326824325,-0.0018500885423395315,-0.030913265287956203,0.0094684889702452,0.02394869972577961,0.01305297922203078,0.004852148799515728,0.00022584523881381236,-0.007855862091216997,-0.0204209406375066,-0.011570986195059965,0.0012884829768000361,0.003727464674514084,-0.005211988323888791,0.02563230922252064,-0.011425733348753105,-0.00827443863898874,-0.008238764449694107,-0.016196513265905047,-0.013724399394401064,0.0014419539345292831,-0.03927876880623472,-0.00992030067644148,-0.019039634906143212,-0.0036263557157166964,-0.024833018839891287,-0.016113052951266145,-0.010021415230944726,-0.008402492555938272,-0.01658194230915001,0.005843263331718299,-0.000729541628627479,-0.007847701545644297,-0.0074315963616342845,-0.018649813010204422,-0.001469975232821978,-0.013632763932196349,-0.03884733153289268,-0.005358034193801148,-0.03283755824665684,-0.025104923891092187,-0.015922544878248877,sport
15,-0.08539593984700218,-0.2261084489152389,-0.08776977490971637,0.20143461656744113,0.08685695401122388,0.058406142660632904,-0.0899448517831077,-0.03010360591984584,-0.013353517346031428,0.04384794182551609,-0.08280294792443256,0.11077914860600743,0.0942049772981377,-0.0957280394988382,-0.19736801549801855,-0.0751496552101302,-0.08989608792815003,0.041820984199846256,0.02841465605238373,-0.22095528780719598,-0.1267240480827256,-0.08321596330975728,-0.07128309008571523,-0.026836542211419078,0.06206845069884566,-0.09989194141870172,0.09863876737079136,-7.396095607711201e-05,0.0251141656398103,-0.08808914134396727,-0.035922421958342395,0.026209370149904935,0.16068124807896497,0.1306413267857536,0.0537519426278473,0.12914305718414645,-0.06592098566272739,-0.011135374654221895,-0.24039673560373065,0.004556512404403915,-0.04496328900480502,-0.019623208190060297,-0.041723005807764744,-0.104517928524517,0.006189651969312846,0.036752981819609176,0.013336636096934808,-0.020581310816964522,-0.04981926106252785,0.05792843562526303,-0.02045521290784997,-0.034659974528769996,-0.01933804789404268,-0.008528821595029813,0.010849360920281806,0.07140288553309022,-0.012529149656799656,-0.0047692249805011775,-0.045916799896568855,-0.07567999207455528,0.12164762307849669,0.0348956551234806,0.009071597222725568,-0.01704093935097044,-0.1329818805548245,0.0078452409852566,-0.06369312983071886,-0.028247728073785002,-0.03448306492140412,0.08694952230846764,0.030604972015470137,-0.01183272434276943,0.07830114728252341,0.01978797115398648,0.06993074212019332,-0.05180004780901809,-0.023294851485923352,0.018570516139537023,-0.004468594840292439,-0.03277251518118008,-0.019689288178136526,0.010144775130397698,-0.012569273185157152,-0.037594665099213616,-0.03265314546972855,-0.05619046501710886,0.07761131861422878,-0.06292662883518742,0.08402809380127675,0.06995654782189452,-0.030471261880752287,0.008598765866291908,-0.01717243091520633,0.0012681845872402288,-0.01013270745237683,-0.08741811038099417,-0.09841617294436183,0.05189583202131892,0.022319648129560426,-0.08584374243316162,0.0038642559847108645,-0.061946328806938254,-0.015246138036173355,-0.017577629707960098,-0.04065383121919417,-0.07355114960500163,0.016103931785131163,-0.10447245933787118,0.11705032267969333,-0.022277680437061246,0.07879199529883783,-0.1697615824076401,0.06566811561329967,0.02831375903529694,-0.01464931282280434,0.08712482248905284,0.08775185011377594,-0.031000538548534958,-0.05296154736034697,0.030592073724508857,0.10389334906098568,-0.09999826608757446,-0.08148487876849761,-0.03394465407593877,-0.08814549927879342,0.0042137467654499,0.15239217157823992,0.17135688176817454,-0.04631120072979849,-0.12194241528521844,0.1871287094068126,0.030683124284528435,-0.14394171117811236,-0.06087359184802449,-0.029692460902801743,-0.020478048046513188,0.05671421860882303,0.09786590115152508,sport
16,-0.09616838050380908,-0.06826161739964431,0.057842982184520976,0.061686711257568326,0.008344377934884566,-0.02373192136802399,0.049342823841420504,-0.07601058260174387,0.0717260251189421,-0.057238869786497976,0.07185681981534878,-0.06289908848173684,-0.07484992564677541,-0.12940227673737162,-0.02221188526655434,0.031978154166778246,0.06490393794574499,0.09555154537191966,-0.21646823352397015,0.02333304002348871,-0.004690116134198519,0.040119945747107595,-0.01900323605876006,0.029353341075060407,0.0410974527480462,-0.021072360715047863,0.022043760953124825,-0.0066460730253143675,-0.0007312948790891719,-0.02447478841888742,0.006760455069191053,0.05040859029714546,0.0011292320628451728,0.02394772769142495,0.08236501022777308,0.07127518174452514,-0.009268852186281063,-0.01436797140812173,-0.10665809498620184,-0.04699201001360776,0.07390780741887666,0.0912996841000946,-0.11393529923083848,0.10960922113843849,-0.0653597664677488,0.021706503133973553,-0.07501736842220379,0.05504898812277927,0.18502434953525562,-0.21186598677038704,-0.07943268286385152,-0.09912898357306503,0.02115658013451833,0.010113464561020701,0.06881037940699221,0.2126058178842784,0.2970343223130367,-0.0368787038011652,0.0946301319125683,-0.038112852104126925,0.022916646351318442,0.08044465884293445,-0.14478079660297863,0.06227420266791349,0.07291825252684503,-0.08700109746527697,-0.024982437872351514,0.09487639784069357,0.0364110973999882,0.09880006457282181,-0.06756062480357536,-0.2993602387569971,0.03230451813834655,0.0019314987748277257,0.10344480891680599,0.1434174842688196,0.06557933343521273,-0.06383846113092279,-0.08574820291306559,-0.08179945905220291,-0.04624476902481622,-0.006070248549135884,-0.0857411317294959,-0.039061222663794595,0.15404937021490805,-0.030991312127133644,0.053754202885524655,0.0284060601610438,-0.04724011594390194,-0.024219643672192166,0.11422833375892849,0.061156540370295935,-0.007633825319617839,-0.05963985424813753,0.09513594137466691,0.22977554525488283,-0.08659665327996406,0.054604914239394044,0.1963063471946697,-0.11837331299503794,-0.12788011760211615,-0.02883345422983918,-0.04362518745110441,0.03645297483595324,0.13072742310854527,0.06068687508036047,0.01819132101875652,0.04276667046927204,0.028391025620646063,-0.0016637964286977244,-0.04685506564960019,0.045097636955329735,-0.01473791903708535,-0.03112631853063045,0.03501659584546513,0.0032480022904171567,0.010764139726030578,0.024847294748567412,0.026604309770447327,0.0029327801945215476,-0.04876844343967597,0.0022095070046559365,0.08632770704173974,-0.04486881261714655,-0.056291438394418906,-0.06108862075345639,0.01602399437473314,0.013657708192197113,-0.04344192782879704,-0.036447818513126395,-0.032102506989635515,0.054645866879986356,0.016697096514044118,0.07442547792329203,-0.03668745660835491,0.04946024931022269,-0.019182833425055532,0.002245530372663832,sport
17,-0.09887160241491579,-0.2045486454496944,0.04022714112353941,0.16888771951823436,0.06366833290849283,0.06144975926355896,0.12008052937403403,-0.14317406195628743,0.21387384053889982,-0.14870143599621938,0.2906014389448155,-0.1577622007437854,-0.33130715422827917,-0.18689566455303874,-0.024488189071751782,0.10267225007032912,0.17685255972382663,0.1414500032230135,-0.28396318212687877,0.1950706375244624,-0.033802957004600606,0.04542463720897513,-0.08505241208791202,0.10032445000526238,0.1205512640209197,-0.26936858679381487,0.0356690719154571,-0.027442982696951525,-0.028638486674678228,-0.09309342322091131,0.04014521471411215,0.010662968329010524,-0.0004363840550674733,-0.09358317150005253,-0.12333440726902078,-0.06892749308779302,0.1011813699033632,0.04123581717415096,-0.017467351283785227,0.0741301224779008,-0.04381302133006944,-0.026308070959866613,-0.050057530814410514,0.07064118390783154,-0.022646678563433265,-0.02873207609333341,0.005076566352526894,-0.03981139290031193,0.005168127271285996,0.08802970199244152,0.009447331604108326,0.020526107839291145,-0.011624918213209736,0.016662583080374792,0.006932828029087978,0.017082593191253,-0.004903040368261558,0.021272677967961832,-0.028865223776078662,-0.021472246259367257,0.0684276329154077,-0.02503429923553991,-0.01490623823158649,-0.0014266212623830698,-0.06290175459092054,0.007472892572777377,0.04648383794914838,0.001299037748098972,0.055351917942380785,-0.03054034447407961,-0.03465941344370931,0.06409618426230372,-0.041662521889228296,0.006647480933033605,-0.03369018663509615,-0.014437405918440598,-0.0116749536680373,-0.008517991244674951,0.04054338701741955,0.006394972972496616,0.029144675195424213,0.023632615578046485,-0.04582494854644004,0.008393383675637564,-0.036262038040313485,0.01533958551405969,0.023563913033471447,-0.008920710315391314,0.029079673337091914,0.03327900932191405,-0.03435117230454359,-0.003266044112653479,-0.03576596978556204,-0.015912597444107827,-0.012102245870812853,-0.06901469289748993,-0.00017356983542562347,0.00951795533735979,-0.03951147333403624,0.02040518607797863,0.01074800380996287,0.014649894131033799,0.007631480906912184,0.006204134533562043,-0.014240829660105873,-0.009952700567761366,-0.007726332339512663,-0.007412089421077668,-0.002122031862210468,-0.0010402544833492636,0.02737811896895816,-0.012475346731624279,-0.005609575355745833,-0.001389010452577723,-0.006104418388437363,-0.013769419805735345,-0.0062093954300915235,-0.03514633458583804,-0.02053117234803661,-0.023716084938457862,-0.002015596376791286,-0.010954876484250317,-0.027625047208861272,0.007031549322264576,-0.002685420137471185,-0.00866057078435187,0.0012359732959607691,0.007190671659176952,-0.0012648789402962032,-0.006446354894447379,-0.0018765040039558827,-0.010831059235481524,-0.013355642975854367,-0.02063704699441288,-0.0011442147072625662,-0.0460061021531156,-0.01481299021110243,-0.0033782623362841858,sport
18,-0.027627022438600168,-0.04367923990645127,0.05018993005679057,-0.022479115833637285,-0.06444054038961271,-0.00882004257923629,0.00542014846810212,-0.01854705633382687,0.030505338805309593,-0.008398084553538545,-0.0668087934366856,-0.07744991364204883,0.044732503648114534,-0.07806096494159749,-0.07004202009341817,-0.004821427837126356,0.003625168021323554,0.009725859610634274,-0.07499904086295128,-0.021857392539020068,0.0642200364960191,0.009015329586935046,0.11037040658355564,0.01923662954822351,-0.02872617801909938,0.036415161370002995,-0.055218023854129196,-0.06184857206159421,0.08342130780310618,0.05712762201617445,0.03319655680221529,0.04124322222891725,-0.14977846990114077,-0.08665570824904445,0.11087535320151198,-0.03225937095037863,-0.024240170136574566,-0.0121489448501345,-0.22815352751893597,-0.10468620501113571,0.09256411512853971,-0.03174645875288563,0.005443564377055565,0.08036169423019768,-0.056678052780132174,-0.018622100067588677,-0.2227332202507304,0.06964661898934961,0.11334799982433837,-0.14618151120458736,-0.23259961660156303,0.05025343613815077,0.07682357341701596,-0.09700659029365961,-0.11622431263941246,0.09242558268466372,0.026337780603145577,0.19495108178899903,-0.06164121290855174,-0.023395059213150955,-0.08172899510149746,0.10561270619933398,0.16768983720705571,0.038257307349614904,-0.10484667095569539,-0.04130714675780441,-0.1468457697431359,0.10121747112720936,0.18606464247892465,-0.06353582198756384,0.12509003376005365,-0.009434573661209093,0.14160476290039375,-0.08242962795214091,0.05964237321599661,-0.10883271540786205,0.04762339649647961,-0.1664334531739255,0.14127056003017702,0.0007884082607068703,0.11954909691262697,-0.08126951660509964,-0.05909080897993253,-0.20365210220782592,-0.11226057741609069,0.09981744675031994,-0.13358639182030455,0.14991508223129907,-0.012602243101476254,-0.01684778754240778,-0.28535405989463186,-0.0862145049213744,0.0636200221719171,0.09378568958888876,0.04980238590668599,0.015232096663724297,0.043293427916878756,-0.04776644834217433,-0.06258444659296447,0.016791630375163052,0.06722156610437567,0.06621843208470338,-0.02882569332762516,-0.05018603774042368,-0.10686032049120678,0.04651922972882079,-0.014037493532854403,0.00849294093945395,-0.05643532122171751,0.030991228463218123,0.0466024752814291,0.005571426032507943,-0.012646522439324587,0.019537184517361514,-0.016182612099097025,-0.028480705381222503,-0.03688004297761204,-0.02940975076676445,0.06407418348294991,-0.023117815916088316,0.01954497145438356,-0.050808857356288074,-0.01565646109429318,0.004602007260081443,-0.04113365095920213,0.022723218322124022,0.044321118186853053,0.018026132346859576,0.017234128561376225,0.04271933639113128,0.001613237699107171,0.008032908868137055,0.00260540510487817,-0.03439702415044037,-5.9010935623782517e-05,0.025800142913991096,-0.007733478846823764,0.008295169346761718,sport
19,-0.043701100172489786,-0.035065355072479716,-0.03980828693643658,-0.07302997924102692,-0.006186556507505526,-0.005319071909836949,-0.010590660138811232,-0.01975103544259755,0.07737854265147004,0.06375373927504208,-0.026834334843714176,-0.04067478565187989,0.04633578537983361,-0.1327530087063095,-0.043524426949928904,-0.007607846114387062,0.0005612064504920669,-0.10262112921635422,0.07344319556507956,-0.05319731880891683,0.040948476469740896,-0.08362656230264484,0.117339485329245,0.001930794700689147,-0.019377556126803492,0.05935648507480358,0.08477981169919394,-0.12048247552246359,0.11332822560787517,0.01604424371509547,-0.010397551806817184,-0.16708056668926108,-0.03866038109928895,-0.05630923307148085,-0.020747499034877662,0.0010022023257863285,0.04775886582542471,-0.1094280005547666,-0.05457176968946194,0.24643739057635602,-0.0255651805682221,-0.03649658697412666,0.05330368374828686,0.1380397926466461,-0.17241565093862712,0.016039632322721428,-0.11867086888306923,0.08955705872431842,0.08338864159612598,-0.0006740169044569738,-0.08959418067342634,0.05746882360097944,0.14586972700627251,-0.12949066734462064,0.19271975658579912,-0.03474562744700702,-0.023534644689591547,-0.0958925084171329,0.1885730134290438,0.1476943693457456,0.005014151813825257,-0.04840169788824964,0.06945166985623921,0.06718812760850719,0.09016322786218728,0.07062471473472497,0.06460209888768048,0.0010455075725707902,0.06935064808003459,-0.015034037913520941,-0.07642102335495062,0.1117278648504941,-0.027734837497788604,-0.06392645557450122,-0.043869764802445824,0.1522157664835794,-0.1427726894745434,-0.04025576823603643,-0.05828263034524432,-0.15181366887319742,-0.07118244339345386,-0.019234067590426094,0.16933848911977364,0.006904628305631291,-0.21250058889148313,0.07011721940228141,-0.026520089334600608,-0.05845318032594434,0.1647767592515434,-0.001373846374217319,0.0549352258892511,0.12876273627799853,-0.15966353931216548,0.0944158900673441,0.03858570451432202,0.029676202512673146,-0.18420669243142432,-0.136552228619079,-0.16557055362356038,-0.13322321889657449,-0.060777799419500504,0.02671612314751574,0.0025168972580746087,0.1761861139750531,-0.09021822068758201,0.002647439076479741,-0.008629533761712408,-0.07079475440172484,0.005930110025244109,-0.008857224844209876,-0.015299902792350417,0.008817294018263302,0.04453978018984888,-0.05868501777159704,-0.04672065248636098,-0.025654235788193248,0.02333396332004447,-0.030058701366417445,0.019609228197888694,0.006003576823869274,0.0026286529366865152,0.02920579952516162,0.040462843627608464,0.00476583425439709,-0.019758457005991596,-0.012045469438968278,-0.014621132934578271,0.06406674036218787,-0.00561617023792246,0.04956223552866428,-0.016984848548052274,-0.02062749596584341,-0.02774198772819884,0.021510260045549578,-0.03909272355242921,0.01222257222556577,0.006254667571719452,0.0017986657726128557,sport
20,0.5237930224004186,0.054296083868934496,0.014831312898690831,0.03981947896514412,-0.24749836042347928,0.1731340897328502,-0.10571059531035029,-0.06285180453185434,-0.08601668251938825,-0.03201163360243114,0.2063389746174319,-0.05468713747064791,0.09288639520763031,-0.0018396935536960115,-0.07814798210011169,0.005953038525673367,-0.0026453196255982812,0.003780081077800665,0.017776862432144182,0.10546291487127857,0.020525732268416298,0.0009328901155885008,0.06791372417367923,-0.008545725916809709,0.0003571375544164391,0.010586183836928076,0.007515772465851216,-0.03164935151470857,0.05414346549188323,0.0038583728642783556,-0.10702798359134585,0.0736606905913482,0.032115029268886194,0.058014294405366706,0.0014364937346988825,0.06810121060543083,0.010023331528877705,0.020677138731141253,0.042172276719010665,-0.04041566483987598,0.01900913416860201,-0.06470581326455661,-0.012973333752399282,-1.925673152165318e-05,-0.012916356416000564,0.022803035978590683,0.026491343817036217,0.009803136625307298,0.020580108578554492,-0.06202069493066682,-0.04567155966568679,0.08963821981894109,0.07692331035235005,-0.005779387063993276,-0.04008616021441436,-0.02967852197534878,0.006585102263449717,0.023389521892252185,-0.01668257942802195,0.03260352972710331,0.05716888682433284,-0.03775000812475085,-0.05440577377989153,-0.0156926032244707,-0.03745019095193043,0.027789224511614617,0.02693828997506894,-0.049353291446694855,0.014997772928300776,-0.05867341251210835,-0.02670534898584658,0.013312278307627467,-0.011297102319974174,0.002479389096658225,0.036209110677180856,0.009667933151428875,-0.017576209220027388,0.042469859559600885,-0.013992373778685722,0.026362700516899557,0.01710947324799052,0.03842364041427474,0.032842350328682456,0.013535698210116114,-0.02313186837440689,0.018033380415789637,0.05693826064112905,0.0024702702610368233,0.02122438708508505,0.013916821853248324,0.03874666768279814,0.055482508684216725,-0.02302731343392499,0.058420259722129275,0.0033070852497143633,0.03534189394814186,0.046596076708583976,0.02068227641737712,0.048733613760913334,0.012094600933463106,-0.023159695728442772,-0.012481637908934019,0.04886110855715371,-0.018650752385809363,-0.02067071960191927,-0.042822565593329774,-0.02600497004399654,0.020382029860424342,0.0257645500844996,-0.017063103490293656,0.007457605164334899,0.03299162272274388,-0.005218410764067673,0.07025660807973641,-0.011356077078447177,0.007533952991199157,-0.03775742092235323,-0.035903842676107474,-0.054008308533370734,-0.007851261145047129,0.0948775940293144,0.07776316371990322,-0.036703643763170195,-0.06264574594889495,-0.062919098032647,-0.02401581058607753,-0.018448144175545085,-0.0010599299217401372,-0.04090670840856653,-0.035792292268668695,0.032741992497993755,0.046717964271511044,0.0643848536303365,-0.04015803444713141,0.11931706892947165,-0.01977706630238229,-0.055636782284691204,0.043461050183896434,sport
21,-0.025612200951010702,-0.1207547703726918,-0.04367004263988033,0.019848835777793703,0.01071170443212667,0.051860431871851916,0.03537324786053595,0.02335688154115799,0.04239566314337571,-0.022083544227090836,-0.023077173151328186,-0.03255828273242096,-0.04072468349115674,0.006982470245010028,0.06029180447385715,-0.05147860569077901,-0.025639852144716507,0.11043802687308579,-0.06759091993936589,-0.03858815285628728,0.008487607229822478,-0.018183373571846965,0.08576300748822972,-0.0580569388870234,0.0055692018125640215,0.11295222797952359,0.0033150408939563807,-0.013863955105683612,0.016471712800657855,0.002288950282467202,0.05341010581074392,-0.05722141193203598,-0.04425849947423867,0.09526478024020534,0.10503543915722559,-0.03424723539464633,-0.016503604464548703,0.08413175047620418,-0.008155381197104598,-0.2077842586750178,0.2268321798276761,0.314208721168429,-0.1812658869834095,-0.011492671453104324,-0.004192736878506034,0.12657904135218565,0.049230569133655686,-0.061777777116359664,-0.04856506700991776,-0.17457220925533184,-0.03750306923631129,-0.04861063958969567,0.15268579876757948,0.016056045417567243,0.23593537156703043,-0.04839981713547623,0.19514445515440268,-0.18465161737364558,0.049622588071919146,-0.15247991198477584,0.17411534461719105,-0.16059901211048472,-0.07935033388631467,0.036512679413961996,-0.12014016195084826,0.0471396045095092,-0.12613711141193984,-0.058986583445801995,-0.06890516953083285,-0.10991366787608187,-0.07085802022081791,0.24265377791949902,-0.016075541486321163,0.16441430489324277,-0.18314345648946145,0.014661147946104642,0.03672818500797184,0.02395129468139894,0.09668491880005192,0.0823684668614229,0.016005954054970493,-0.012633195715141137,0.056585639890036336,-0.00279995160192222,-0.03087912061600803,-0.009607282836594486,-0.04732124516320972,-0.05845383033973,0.059425722532706685,-0.007552845501175115,-0.10870426021515087,-0.061220574769440775,-0.035907426438703705,0.011447928163960697,-0.03726255567269602,0.021807158922505385,-0.026191826598336052,-0.09571887713524996,0.00379863483087918,-0.017527325523920747,0.10206416885521796,0.011002822613618514,-0.14914410421317403,0.016067681322495357,0.016292449607088446,-0.04978071571984208,-0.000835692579655691,0.0467151231291793,0.0015166783001712431,-0.008922599940294637,0.043445938740216114,0.033265526008361114,0.026744445952904178,0.020595059351020434,0.04098625130745938,0.011313445520372311,0.002664657174058518,0.07030321672321305,-0.03617550372995438,-0.008236865318328577,-0.026929591243158028,-0.04048675440928511,-0.008730271657155135,-0.01603464309478218,0.012760970751282909,-0.03395548459934377,-0.0315407417463045,-0.05682091023495277,-0.021764320419066334,-0.01734218534759462,-0.02504499525176829,-0.03262386891798748,-0.004129417793039926,-0.0750985239329265,0.07380180512424726,-0.022068581696098395,-0.041476938924644886,-0.05002154077070756,sport
22,-0.08898700474119588,-0.346639813965073,-0.1508078392368357,0.3271468611926271,0.06288124261270496,0.08332608140466123,-0.07158917859603679,0.053633497175470134,-0.12221628326120179,0.036319176800370584,-0.07405099778650856,0.05897236786929722,0.09853982489316489,0.05262822332030354,-0.04328851268060862,0.03364622193157991,-0.004526235698316423,-0.045533260833597246,0.062077325364562036,-0.05246323254988178,-0.02496567597145635,-0.03242764880553707,-0.027587675693731686,-0.020416867119826963,-0.008337431755961673,-0.07084036775130122,-0.07250457982170955,0.001182716376947964,-0.059833229337596605,-0.016486258982932586,0.030294368095619695,-0.07325588936935913,-0.07972100280836088,-0.06774290723539061,-0.059893852021419544,0.09435541921227171,0.07168775229676139,-0.050435640352058206,0.04527201814954036,-0.0014416742463257835,-0.05952515279823934,-0.06992736940744182,0.11490931290107653,-0.08655608596397973,0.023874198333708525,0.020919346034571983,0.07690747963351435,-0.04750969688501282,-0.03635693296846706,-0.12947909654965123,-0.05248495163102484,0.02580691205693535,0.013877470982283027,-0.031766807053205184,-0.07007266212403813,-0.019608225329006482,-0.013509757310778567,-0.0931065104670653,0.010351538158093468,-0.01244516040157921,-0.05227068776382686,-0.0472260049687905,-0.013861539381883043,0.05367371805725722,0.007558519992815939,-0.08281036140008244,0.013203214245736665,-0.01878950857849756,-0.004714748325375391,-0.026947830505619542,-0.019587909031520093,-0.011811941503772247,-0.017042986220551278,0.03837000925574607,0.1102605322289261,0.054578960068733175,0.035126378081505184,-0.024362685740320706,0.01769102248965841,-0.009591947074270794,0.00455366729786283,0.020914587925661168,-0.05427774221342497,-0.04976684505275644,0.00542725983031911,0.12903586822642824,0.0010052860876632187,-0.013911488333189071,-0.019245061563208953,-0.009745280858301718,-0.07151319176118652,0.03584007677542908,0.028607332573839437,0.06408930674045657,0.02446414590929194,-0.14060588609035998,0.05680170774632903,-0.02051014275484813,0.02727106430983182,-0.05643534695090932,0.009784520112434886,0.0533281486409907,0.014336950083700705,-0.05450314072586249,0.07405534397475466,-0.0133720159127932,0.058195849321278144,0.026589827822674758,-0.11064251672220915,-0.04690072094725103,0.13539178961915893,0.01403330413141751,0.05355755215878238,0.0012354352641975738,0.07438530096242936,-0.0669632321693563,-0.05325200034136573,-0.02527290996499825,-0.03581157562923291,0.03171063561614486,-0.08776856315590548,-0.03921600238497417,0.017015019905735555,-0.029501891080413557,0.08822487891859714,-0.12429523920003313,-0.005076802243733554,0.11228042425739075,-0.12299835910583135,-0.07135643283999142,-0.1396515904619229,-0.13373834984717187,-0.02753784739891878,0.08049447984183934,-0.1611859936173019,-0.13314111191690853,0.02267840004104573,-0.17561794669906108,sport
23,-0.041864880633662456,-0.24372291812439317,-0.10390198281982141,0.15542938080033827,-0.028979983093323166,-0.013741325219600097,0.0035816994495839346,-0.006738246832059945,-0.12180556492159213,0.007610718400864781,-0.04374495966117143,0.2205647846885184,0.04494177292173088,-0.05723244386476956,-0.12426372461486383,0.08848540658939046,0.011889017901904024,-0.0553309570174153,0.07337362016663485,0.0858943865865558,0.028335445666450618,-0.04638343553371562,-0.05164514611350814,-0.030016960623932346,-0.010092055870111511,-0.0754072061523576,-0.01387775480737183,0.03110830372249418,-0.025495747231321936,0.06694330746315307,0.05063728329820015,-0.14954300040361432,-0.10536206856482234,-0.09597617340794673,-0.09180688494180002,-0.17746003128651916,0.09035921152972931,-0.03175448189668983,0.045807555496462586,0.028216860733927776,-0.050628901470324304,-0.046390933785029356,0.01043462697736807,0.05704788347515734,0.032195662519178436,-0.004918276396683264,0.06888858235397322,-0.08101902239430002,-0.08942226822471276,-0.16264149808141673,0.025687773334816075,0.027546879675977808,0.06369235193819486,0.040222081970896564,-0.0027195842891983265,0.08035879926299098,-0.049540939909627886,-0.059482160300488064,0.08486948147355038,-0.060665520700068906,-0.024747774586121186,-0.06552180314727105,-0.12931431049334247,-0.023209209274238814,0.11187711732109118,-0.08858694845784501,0.06541529569922748,0.04355706233487981,-0.058646862493066956,-0.09226077220808308,-0.0543583261275627,-0.04931082547833152,0.02022927351997717,0.010630661913745596,0.03925330085397568,0.0838462160290453,0.16558831253884812,-0.04533751745197925,0.026647750333527058,-0.060204241287861844,0.03291234878463999,-0.024137710277022353,0.045293077131149696,-0.0426222738277589,0.07240342530572559,0.023403126813931675,0.012861180869119243,-0.0927899949107105,-0.052367209171725486,-0.17243792977154573,-0.08660815737699143,-0.056144931218815634,0.0068061460262064085,-0.007496232807033701,0.029967526325381747,0.015523181251252334,0.11242971460198087,-0.009995609124630307,-0.05077623105193662,-0.09047233915844326,-0.06316686635398121,-0.03688570641784511,-0.038382998240192805,0.056722134986310756,-0.0764740491236399,-0.04035325723771586,0.0304169291201388,8.644511898283681e-05,-0.13932660013942888,0.056018228617587935,0.1469168888703104,0.16903697850463328,0.032800444865814064,0.014343913576209955,-0.1671237357456056,0.09289090039845697,0.12132746603904818,0.014692980611372218,0.003518686473395254,0.055030171948861444,-0.017376002612341408,0.00861877780524125,-0.1295754006142983,0.0801484926940915,-0.07986727885979357,-0.023323649186008176,0.025314524315534586,0.034986948784440385,0.04874914355569923,-0.06416155964031543,0.060589911761218966,0.0874847861076963,0.002484948486237136,-0.05570037201625034,0.1563197698519164,-0.043717367021645845,-0.008446237725205615,0.18008272234576841,sport
24,-0.07285197550638582,-0.19147328559712765,-0.07906961734716166,0.10282900839949706,-0.006991371874500399,-0.020793251644600906,0.010955236548582596,0.02335418835352914,-0.10361857464713911,0.011421208260611396,-0.03301127176647943,0.1441421258811589,0.05084423256244248,-0.08359239112980205,-0.1288391399688121,0.04442939570868485,0.03335133380212237,-0.05544258054383968,0.04754842380333291,0.0406243454700248,0.028966204398746573,0.04755587804710001,-0.0010576140066976961,0.024497570288487053,-0.037120914749057606,0.012802346446003931,-0.05564582333949617,-0.0005029770912452088,-0.07566809196080411,0.04743140765109631,0.11535657145253782,-0.15893618164949716,-0.14940111617575297,-0.14894905838314726,-0.07853192633808875,-0.05257684511518524,0.07035265695326193,-0.021960625222208607,0.13790455837835272,0.06315547447315845,-0.010556238626442024,-0.1657825959393893,-0.05162017017024017,0.08319255873794018,-0.02196195609467117,0.00613178573712815,-0.008620136477326307,-0.024330886915286447,0.03612859883258996,-0.12702530508908316,-0.034958872623263415,-0.009988400823601572,0.02034648465718192,0.011832579204136544,0.07364716453740726,0.1316594788191169,0.033588388430963866,-0.10936585532740543,-0.017809926573643296,0.0032924916319965127,0.04242562483694439,0.0160982597680967,0.07598071775457399,-0.2913812235858167,0.03408618278872926,0.0909180237461905,-0.07059985630873876,0.0955152297678014,-0.12975827703693357,-0.10707630827801722,0.09905543356230657,-0.014097026953081663,0.04242502364472305,0.09932735803236137,0.14861676503520957,0.009476948882991498,0.058610487676736836,-0.11245914834178888,-0.033534192048995,0.21786275170253838,0.057419145142280886,0.17720849532068952,-0.010233865159285658,-0.0620864812897759,-0.006059938264607593,-0.10860217177958514,0.07338787855301383,-0.009015424409969025,0.0826994771897199,0.24755299666493819,0.08210695538143056,-0.06882119184482563,-0.0225343511302428,-0.012611164474107933,-0.02025880050995,-0.015365383450024517,-0.05633950234301971,-0.07046311595241997,0.008797738261283968,0.09590252532808298,0.06723662576424154,0.0938553619581446,0.10197893527280086,0.0229213310651499,-0.003321631593301405,0.1309207325778907,0.06224162396103239,-0.06750240455365225,0.059526502694645406,-0.11307679910652126,-0.13008992758603366,-0.009637623568777556,0.06982080645378796,0.13347884548709263,0.07107568081201546,-0.005625718880724555,0.03630428314178382,0.0616141982497783,-0.02368688044943217,-0.0850324767713043,-0.06469201440064791,-0.0350499972973924,-0.040825850647317384,0.032054371271917376,0.004847682840496999,0.008436905070994469,-0.0852018887028733,-0.041438034074046566,0.03642162509959587,0.029332057196760835,0.028487174169680204,0.02044779260532387,0.024741033790177124,-0.029504477253304195,-0.019764858477020475,0.01828941466590424,0.04101884932533524,-0.02261059409165987,sport
25,0.3100064765692198,0.025268875784110852,0.004637173892304282,-0.053802245681341405,-0.15824243406548952,0.057596927163093184,0.041584309428035024,-0.10955069696723083,0.1474829007385513,0.08482878019098905,-0.3913180438452781,-0.19590551018685726,-0.11175355414005728,0.08680762733466499,-0.11941792868192798,0.11383334709453927,0.03217577180577645,-0.11250495018157418,0.056518415920979975,-0.027296626720862263,-0.017393196308882017,0.0969930262471981,-0.2049962885193985,0.11239140700808127,-0.03843886517628376,-0.019641966891125698,0.07874749400722227,0.040338357992812816,-0.004241199224171765,-0.009156765728215678,-0.01093519227228983,0.09950196519697899,0.023985613701669847,-0.06265800025244907,0.024420974403793407,0.011254957357356913,-0.07857753729662748,-0.031684811890129526,0.06819552243043449,0.10145767815104002,-0.018205227037985595,0.1504805482409127,0.06425173959366354,0.0031407350107534307,-0.029810417119357824,0.08647817759263533,0.01966834685169464,-0.027310138619697222,-0.02486873925713524,0.044709340587135285,0.037468793309334184,-0.06630889705253458,-0.039327717624057214,-0.021363985611865123,0.0003025179196816392,0.02652700600797071,-0.013478995321209924,-0.09573316235392608,0.04419169882823774,0.028910663219176947,-0.024884961646349388,-0.049973775832946585,-0.0362146910643143,-0.06883608390721847,0.05017766187014181,0.00973034468339068,0.024317115121286956,-0.02635473539174705,0.030881488516874247,-0.010069776759355028,0.04185980038555325,0.0065611231438599225,0.009072751634499695,0.05124087154003193,0.01768878286916687,0.0068456630988362795,0.06577055327276325,-0.1090807052293465,-0.04021922498188801,0.034414131677722413,0.059893096871860924,0.0006408339225474374,-0.00952178565905491,-0.008536555351627003,-0.08313848290335737,-0.05420605956095945,0.015438762411179533,0.09816673202953223,-0.030522155652337242,-0.017926874536537154,-0.06717247963108665,0.037190707068245565,-0.06567137997181219,0.0086776659927201,0.06409034094060113,0.005605963939617097,0.04993042423241222,0.0774996172608346,0.007756982200277197,0.01787696465444199,0.010648787015799535,-0.03360420750409504,-0.0065372515622562554,-0.007391696909541136,-0.012603423482815299,-0.005670860924324964,-0.003985559723035859,-0.02743177058284856,-0.02114468863500211,-0.0333770414193506,0.023894581946418057,0.04625395060260844,0.008131483055370236,-0.031048123035021497,0.0014452172291777481,0.048133502469751004,-0.04292921555404556,-0.03405542851080478,-0.036738386336497036,0.001505477386565929,0.011612819709142675,-0.035576339774000335,-0.010605553776197233,-0.05874095702999163,-0.001507738728708079,0.0043720258778955235,0.020727751549458696,0.022670895963680604,0.049180854588811114,0.013937067690492208,0.013303568400339959,0.0692414417082906,-0.012109722228274507,0.055001770330810926,-0.08336486610999673,0.029477286255314688,0.013766637979571408,-0.02623000402880973,sport
26,-0.09220640177062345,-0.13065338122453823,-0.04597746950516009,0.01582505568845805,-0.011878812701873466,-0.1378461179483036,0.07844744809797215,-0.17035075276811426,-0.06871658676646333,-0.010083006951646042,0.06199244978552774,0.012354589573364211,-0.03423909610594109,-0.06416664667805207,-0.02004262805479794,0.016577299712072387,0.008844100521113112,0.023461765827986092,-0.10702863582399892,-0.048219330652612205,0.11876035914604165,0.003511658130021532,0.037733322903033,0.0030467445472613453,-0.10472995464083755,0.12494237437590872,0.03170978061467859,-0.040244556231491424,-0.08880793705956465,0.033861269987387234,0.02847086830138718,0.09811446627584483,0.063788793601083,-0.01992718038117925,-0.02325006558042639,0.05773389656791875,-0.043788542022755714,0.0012029203218509703,-0.03681326341552545,0.09571512341003131,-0.10204113726883281,-0.025506683211618256,0.03714925483868353,0.01277766745021724,-0.04245641590882502,0.033375411485944195,-0.02484434801966078,0.014351588169209693,0.0697587646875718,0.016055755822082667,0.02280750536350532,-0.08996828885306102,0.07338945555708033,0.013613426913518105,-0.03385062461401938,0.004014162231288771,0.18384718827545493,0.07879170601756189,0.13490922340274297,-0.06429472265562067,-0.15771757854635635,0.06334563067045998,-0.0669726203481762,0.001723052923023326,-0.028591044291239872,0.16100561201950325,0.044208789066533534,-0.11549850334210635,-0.16249426312857046,-0.011147306207376594,-0.16929094760492577,0.09404207473555976,0.01418475828733434,-0.019070748969544735,0.09541241651454611,0.10689673023708401,-0.14842897081967388,-0.09727730809170458,-0.21850690760295421,0.30407019033459254,-0.16827431177681113,-0.049439137910379544,-0.009593379574144004,-0.003155813201280275,0.07488938515834791,0.0533457663819633,-0.17685468906314375,0.09671257151747406,-0.0010818836218973568,0.03148574256736265,0.030881447492210647,-0.1199111432773839,0.24589166121316194,0.05851545836340912,-0.04377581503323195,-0.0011955530632146443,0.19135459739827518,-0.0116689575151484,-0.1761003335512375,0.03177279860565344,-0.0310403934161726,-0.132061860901293,-0.03810009236955563,0.05003885793563201,-0.005856686252931012,-0.1353818363557343,-0.001137606863696805,0.004286398270876995,0.03766969758455979,-0.006299409025540109,0.10658820686908695,-0.03570847992512797,-0.03141220298286878,-0.034886921476272134,-0.03650431354181191,0.06710738309317377,0.03389847057565024,-0.02050401649304526,0.019543224512810757,-0.013635871692874555,0.0296737789874422,-0.0975631341156389,0.011116456905153881,-0.009942685354569826,0.04226688983050619,-0.0046977238013794,-0.03753464956425615,0.03904684972386773,0.017040049444172107,0.02871729708934259,0.039275673569168744,0.01495776608889807,0.06956374804064656,-0.008498068613543346,-0.01141156280889201,0.05064730699356788,0.03198102267249511,-0.0037784605008009723,sport
27,-0.04178689499812779,-0.0450859975917982,0.025519485765838488,-0.05704654354689852,-0.023248813015974836,-0.023203740317183242,-8.009668460257371e-05,-0.01918222448339516,0.06895646217705508,0.061315699271260765,-0.0019403252251665496,-0.034255320145518124,0.004710177825286369,-0.04024046395513692,-0.04241740432306967,-0.09498035038068554,0.029896327134865973,0.09829788212200283,-0.09360835853014488,-0.10237755593244245,-0.12441741236923258,0.1758291638716759,0.2617401365479523,-0.005431732559934443,0.23700906872901878,0.20719867054555677,0.17922416536237712,0.5850285145008971,0.06286099841645093,-0.06533379210067394,-0.13675219081677586,0.007702338633037722,0.008070074432053261,-0.0919359175339394,0.02127822030193389,-0.0673536176564345,-0.000689432569142621,-0.021595287412930767,0.10188286467165905,0.05093114490652772,0.03525439480791037,-0.056263440930819295,0.023707539792763698,-0.00832163746068324,-0.06372505931845648,-0.04208203562868665,-0.06718841523840396,-0.10712557845025701,-0.05470242960374325,-0.0008060216056782116,-0.034632409895064886,0.027476609572155232,-0.026415170923198145,-0.033076436643381044,0.014010622154711851,-0.005410482302156275,-0.015754093013220182,-0.010796731386693152,0.02480306540077062,-0.028566491975224696,-0.03947544881416766,0.0172726310174151,-0.018922371278327212,-0.050151943017587824,-0.008351907485845115,0.025328049930571382,-0.07604526408814075,-0.0066203710966915765,-0.0010319188639532609,-0.030263275401786926,0.017116557459100585,0.02885850413387257,-0.013629849402374956,0.023571938228844774,-0.014813323668357288,0.023326560401164168,0.01928214771621958,0.016317876984048466,0.0085440127908138,-0.018639001655469556,0.0351532985079316,0.016933068204094456,-0.00938467731958082,0.040287157365168705,0.02733364327951049,0.04177819671327887,-0.006328759755210525,0.012551392264397965,-0.004620441379059807,-0.03456574702050213,-0.008764348563085516,-0.009082797680614806,0.013200250483855602,0.0007588331635195308,-0.006492318513189123,-0.031025083032629405,0.01980712949366665,0.012448172187131326,0.008401190852602514,-0.0066645984862650455,-0.01927119641178441,0.013007451352258056,0.009476134893052563,-0.021532064576141555,0.021676414972181306,0.005511942280653631,0.007769478657954691,0.004526380190120508,-0.01805998314352988,0.02821453439243022,0.04886909368766958,-0.033387890313375634,0.013156894435317062,-0.024084569674716262,-0.051803970248022996,-0.01927462451975806,-0.004268690730504013,0.018103490014009793,-0.016805013300880668,-0.018204115799894637,-0.01119397097908049,-0.01651587311698604,-0.014902292666976936,-0.02206633019914051,-0.041433026132991525,-0.06538129786573615,-0.009043674137431687,-0.020242376491308747,0.00765109542907805,0.018231507355261852,-0.0001436700152516926,0.035098913987154465,0.037133805343766764,-0.006441194573534866,-0.06872003740149966,-0.09004677967186325,0.00628382979566251,-0.09310021607346976,sport
28,-0.11387896745873713,-0.24151636412941474,-0.11065560276834936,0.2258217762285778,0.11134034204035964,0.05369635431506712,-0.019048322636638196,-0.10984466331566034,0.06646742709495065,-0.019819081401291048,0.08422526027700983,-0.006929280110374363,-0.11495357491370133,-0.16352212265990768,-0.09171801054784723,0.027419782326177335,0.03069707978886651,-0.043227368880951265,0.018129217231042938,-0.1486873987149626,-0.007749133927184401,-0.04144603082579621,-0.00225271207381986,-0.045442786820605104,-0.06752885968658534,0.08541935261483595,-0.00638079205607328,-0.04246606827173175,0.036224716944816306,-0.0236678154267847,0.030700507227816955,0.09114803443192716,0.09610478762792334,0.05797304219707508,0.06067131958061037,0.055759045214625644,-0.0688326683591023,0.03860026096978971,-0.04661246573272044,-0.06195771771558327,0.01812196581454871,-0.020537870090425597,0.035133849451295336,0.014862282075310885,-0.016494686508454592,-0.047258093678971026,0.02489541996321994,-0.032814349820531656,-0.019874597605589253,-0.0002202926981449858,0.08446586607988074,-0.03378395006169146,0.010759133030523354,-0.03726962229133159,-0.06342302038538337,-0.0016379758062587786,-0.04185413942507103,-0.05064913150681965,0.04834594051828534,0.00491551602388701,-0.043610830479501726,-0.002078453291584352,-0.020688384533476448,-0.0415374384211015,0.030292525770210292,0.03427825919635559,0.044221673568664924,-0.031799948140137195,-0.04288081530291921,0.05369002878347381,-0.028002581920885793,0.03807562123068864,0.02233395865326927,-0.009018222297598539,0.02390579025271403,0.003407166382887455,-0.09670837848597676,-0.05472867302717305,-0.022964884606009577,-0.00995323698896274,-0.02290677354881774,0.007803661571650862,0.04165594343172178,-0.02228988850085578,0.053649687999794096,0.024040029257606087,0.016981707155713323,0.002838089605834074,0.05350552507303376,-0.14577612560686326,-0.07022942875372098,-0.042782022000775556,-0.04091760678640868,-0.0055080364131856645,-0.1232457379041306,-0.01129241697985666,-0.012857216452922256,0.1739007119084735,-0.01973284539411553,0.06792087708103163,-0.126019386658442,-0.11549109692176945,-0.01520713526170158,0.02618211739658393,-0.09191801059037658,0.3172469702224979,0.02702736508874017,-0.08410101933478235,-0.31043611487728323,0.11673650355580471,-0.2737502375212238,-0.05109633042330801,0.1791250472200971,0.07618651782761465,0.06284919761284541,-0.05406149759245939,0.013729173054525059,-0.04584552641082997,0.030757647682872934,-0.03704303472868329,0.13633313392509586,-0.004300113766496644,-0.029143486662424934,0.02349819037156756,0.07646041036686481,-0.06331092068246096,0.00010693779912827448,-0.007843435826161243,-0.00819133527583593,-0.04606485711413975,-0.08865718898139048,0.04159944943558127,0.005695791032185214,-0.047676689003091834,0.0704321027500162,-0.011087267420497702,-0.07953016818240609,-0.043217965061999083,sport
29,0.5071101045487001,0.05072942391275357,0.013697399239643498,0.03346543186371777,-0.2819305277859716,0.19100985582288185,-0.09546307616913474,-0.10721757214836966,-0.008821052527865995,-0.009566554614129691,0.052135738188527854,0.07412416880291507,-0.010075732761687101,-0.01056979905424206,0.0008252947073924248,0.002210175920819942,0.00949979188200208,-0.027762680774572817,0.0195078854078547,0.10415715306592156,-0.01591804105376405,-0.025092202469631408,0.0319642546761787,-0.028257350638503168,0.0010092328267448162,-0.013457785447867049,0.010291455784147276,0.055542134244357194,-0.019632287668050575,-0.03606273693972843,0.040459096161233506,-0.0031405910818308605,0.032567746041403,0.07855004168584873,-0.030329785382366237,-0.021603263831614174,-0.04879130342513686,-0.0359462129695392,-0.03745658371985613,0.07478971429880932,-0.06745383555572025,0.1827839166004476,0.2134181477688806,0.06678964766160365,0.15398747996258158,-0.03246223376430144,-0.017981754833364,0.0635241082732746,0.03242877368582799,0.015486079420091045,0.028317610001969914,-0.031817297518239446,-0.11168397398274198,-0.04685540637399006,0.05155645861677309,0.11275485283821952,0.013986341052438296,-0.02096241057169273,-0.021361060564414235,-0.08752024838687665,-0.014586723557954385,0.019838279018394016,0.05163713004185535,0.03185866645857584,-0.022335097657698016,-0.04566532814067983,-0.039703487444256357,0.06339446411807224,-0.018941213076309922,-0.09781298995315159,-0.007326381523254608,0.0024817543418815162,0.006226340593536279,-0.028617864783514003,0.039634198643876926,-0.01933989522224335,-0.003464986649706406,0.027119415629010005,-0.019943369613651795,-0.011972900917894783,0.008742294986414439,-0.049308778166869724,0.002428124103056288,0.04778004908147137,0.02979488314472867,-0.05459769513087023,-0.07684853698242178,-0.030239591612508675,0.07401087121474863,-0.034728624138015966,-0.009873034827430582,-0.04170706146989342,-0.025850055091950465,-0.014536310527011202,-0.0737840087713583,-0.0313100421872522,-0.04682579637948506,-0.03248782944268259,0.004820008755659572,-0.0027839157692641893,0.03707615487616497,-0.01597718563071332,-0.02813612440926215,0.056989292552651304,0.0403567482131312,0.0339488352648375,0.024333899752093855,-0.003265719335026123,0.02078009859122029,-0.003322111964366506,0.013508706386677135,-0.009002156343567505,-0.01582774800981319,-0.017847724554429033,-0.009510595296428852,-0.013347985724463407,0.01957298345652182,-0.007414311853171852,0.01690080959228719,0.0115950067792143,-0.03348665885035565,-0.018365367749801624,0.007138045696297861,0.041347412975430715,-0.00609114430292076,-0.028681280294513008,-0.021656952744071648,0.014303246610152224,0.049207877383700235,-0.012137320191496548,-0.0035870502422611513,-0.011657943966638308,-0.021463371761000032,-0.04225034271665678,0.03606337023678755,0.0015152155745034683,-0.012877427100751751,0.0469854063222417,sport
30,0.42101782646536406,0.06444706431964868,0.0202034669089491,-0.0035317137999261307,-0.15666716496722538,0.12097442037160713,-0.12268391406167409,-0.07838395184595108,-0.03289523204463804,-0.010191601315703812,0.16084734220226043,-0.029157448570388923,0.09848158422648674,0.005035948433288396,-0.007792369820095012,-0.04212924333083358,0.007468236512387472,-0.045613447408950125,0.0013310201643580398,-0.061998030192903446,0.011142531366741273,0.0016746508113607917,-0.031930855039713976,0.031186603798054154,0.008860027221407928,0.003841227193633451,0.011800232981867186,-0.0011183215616352906,0.022462751535101248,0.04785550660765004,-0.04104310949189873,0.026788031565717848,-0.0007665930409832102,-0.008831693172405234,0.023128029889062623,0.05677412918426866,0.017651352088983174,0.009164204299549216,0.044260210140147395,-0.017172614884513836,-0.023412367049152973,-0.0751874894195565,-0.11015162334532316,0.02033467501013699,-0.05040125153050962,0.01460588311062057,0.012422367404506916,-0.0096345416520275,-0.03480572130294853,0.00853954626081556,-0.010496935690495524,-0.016340136875471232,-0.01922857896787017,0.06229283460400925,-0.01901880988129705,-0.037843178271147845,0.0389210427048282,-0.012350792399325508,-0.0064167925996899255,-0.01333689467346047,0.01689098200372222,-0.07010744624180583,-0.01197721413491813,-0.03968334507677131,-0.014828711523995697,-0.009470721940681404,0.1087804117929016,-0.06609042609382927,0.0313732502573448,-0.04519975946810741,-0.04147425952585512,-0.10685907358362896,0.02263154149434547,-0.07780743914348802,-0.007597081507935491,-0.048293185858707434,0.01103338627281632,0.07011199576456068,-0.03551538163361291,-0.03840742944670161,0.0029083868783284414,0.018951327693866864,0.06749883590420908,-0.022559933109537217,0.05135426086599464,-0.026300792383011966,0.08272444218921826,-0.046730945331310364,-0.033375534262906514,0.05999334748273937,-0.0618212444803612,0.06543126976124324,0.059771139018872266,0.07332848813041494,0.046979964343990044,0.046450830770360045,0.017267446230604534,0.07079476116695389,-0.18429638111485927,0.04669356181910321,-0.11353015301649903,0.14798356870081752,-0.26098711514491907,-0.10056857948566074,-0.017305848766572863,0.022414720227641096,-0.029841713829321295,0.006087494518958247,-0.12870131030814388,-0.26748322033753597,-0.00990120911830714,0.12951076984179702,-0.09264477701465136,0.0535659571742035,0.010502775345518715,0.012743097551676835,0.0683493996862149,0.0004344245832539909,-0.11008553179153727,-0.06308330984026883,-0.04245190062787601,0.010160463575329242,0.08108857175747493,-0.012357871944341396,-0.08989072153017927,-0.03597620834789957,-0.037592125158138534,0.08532338335930693,0.20210327229918926,0.09256198688176502,0.06416273531000337,-0.07101317665724599,-0.10245184914042671,-0.0592090158448374,-0.09218432869493617,0.06285215722846633,0.008876788906079276,0.019547959214362448,sport
31,0.4478374676605023,0.043803939667745394,0.01641684157451197,0.02185920625175108,-0.2008922288614219,0.14429707859884527,-0.07216703110080833,-0.040068776652901955,-0.07177394115210545,-0.019641375020185353,0.12124832912802855,-0.0005178463302767477,0.0656571963163965,-0.008338993209717102,-0.09054118104374072,0.023993131578200586,0.005941565733676088,0.003316881100387628,0.03718224413024613,0.16344189591351055,0.011418976013735363,0.007045150348128092,0.0580748261164405,-0.01232865410322979,-0.012472601493098097,0.0006190537695040426,0.019851176233443846,-0.0186019020185793,0.06591682222015909,0.022670703770357247,-0.10339225655035862,0.09361217404036887,0.05452588547217852,0.09289873697492769,0.00018279941036729273,0.08543004562050661,0.007565264341222501,0.03715856286092598,0.048974026519674516,-0.04976251104398076,0.006579213887943817,-0.04358181941051345,-0.08354520792292389,-0.035891731456918326,-0.0769709655791805,0.0389231326150507,0.05657136470295998,0.02459918390857187,0.03472021266296501,-0.0534241524406638,-0.00711782609185649,0.051178466972211706,0.09569880926600752,-0.04019614410675857,-0.03665740789867002,-0.021538003675285668,0.007528531972608558,0.05465802955366392,-0.03132097115234984,0.1505722638277166,0.034867407879787295,0.07680968641371812,-0.06238922070644484,0.01545602001298046,0.042325430248180675,0.04753779204648438,-0.010568119434277505,0.012280666754686744,-0.012554794535886994,0.04152442845452164,0.014982876854157199,-0.017360664087123858,-0.023169860770219902,0.024039069983975328,-0.0984820379003895,-0.01633862768744173,-0.009296582586021413,-0.029452962289460587,0.1150738278578927,-0.017518631249449405,-0.0668281148725261,0.023415510566219974,-0.008460790460977818,-0.04953878253252515,0.04507006979515686,0.060043916029155195,0.019225954526799188,-0.057961316306441676,-0.06564605241254574,0.04851994101348688,0.014758347823327276,-0.11221920129702267,0.03851521092636371,-0.10392153858081925,-0.05803439696042848,-0.01096373944952383,-0.021792224903811556,-0.08729562012000382,-0.07227919151460212,0.05200501996926741,0.04131766748447395,0.05168372172142623,-0.03008793258864808,0.03247994020304464,0.06605810602330876,0.032103241615996925,0.18505248477432976,-0.022080696887070674,0.05560805078831571,-0.027761133924131105,0.05699054811797534,-0.13164286909836814,0.06742745452083429,0.021424108911364894,-0.029936118378929264,-0.03951088564642018,0.03278124118007955,-0.044754521936721144,0.04370503808905209,0.010053700720460046,0.016368785397396595,0.020557714038538687,-0.056437868381036246,-0.07177301318182343,0.04661684487648169,-0.1382900721624826,-0.09549489309613689,0.12378886720184604,0.144860672810676,-0.09029332960600986,-0.028559693583316007,-0.04474649574443766,0.02353515389778871,0.17391850213722626,0.00036947359431648686,-0.009477055643316834,0.003651878712527688,-0.00851364582656304,sport
32,0.552656539263571,0.07572697949100184,0.018917092467550155,0.03992884955617917,-0.2568538954062666,0.17365901278458498,-0.12697046374156276,-0.05286351235064809,-0.11317837664274845,-0.0027102322560399556,0.2211823812247222,-0.003442737301526977,0.0791770421302707,-0.020052790941864476,-0.04027898274517278,0.02776672051816243,0.005100403562492331,-0.027359104443570766,0.00848802700702519,0.0800151272857087,-0.0060576546037262625,0.02410957596721124,0.060530277686420476,0.0023323288843881454,0.017422806849491226,0.0020753705966793565,0.011862285579629976,0.01649098175614648,0.04429396423787062,-0.011294769859705064,-0.10378701060877496,0.0569426942960241,0.09500332650910047,0.08679820270576843,-0.042433412107628486,0.061808966505702286,-0.0016620618095450612,0.008909740889279675,0.08319653048944732,-0.04261659002724512,-0.0029799987556349498,-0.03607288829322713,-0.01175810885584221,-0.0017201385676682223,-0.04068489170514883,0.04899328574599586,0.0047885623577841215,0.036142128362758784,0.015923662768757854,-0.04344862622511266,-0.028665515709023495,0.047182582359544784,0.05855195944103745,-0.05494364730712884,-0.06553681073400491,-0.015057689491788631,0.0022934346947198585,0.029394446044706896,-0.02085524382275495,0.04112343158197771,0.030075590006393926,-0.0008097725565407721,-0.03940802747146759,-0.010839704201245894,0.01261505299266285,-0.007469235036312984,0.026767759172653987,-0.01991442742174747,-0.0032985476412009554,-0.03519022924320255,-0.04839090221403474,0.006662201276853009,-0.007765115843993724,0.01128990064930631,0.0062807081707403935,0.014674204995822428,0.0040093331510356305,-0.02597561929285045,0.011347862661831866,0.04936629019591272,-0.037468639009743204,0.03855514617326457,0.022438664683915158,-0.014010185944164316,-0.05635801053927674,0.02360795092254612,0.037181859132750635,-0.029478767698066732,-0.04847768155989922,0.05720179405830448,0.001419857120540595,0.007759038894033378,-0.024762702758095893,0.001814093368549844,0.006301269254541101,0.015340280791955143,-0.014132357684040411,-0.004843957800593815,-0.01088176130589797,-0.0010015116422722931,-0.006209752030187699,-0.015923894327912014,0.014293774975000895,-0.021121327454789167,-0.031012453460027203,-0.0005784783573390221,-0.03490972886832187,-0.031189144757316534,0.009171311267373269,0.0259075731174656,-0.02739340944260966,-0.0063943695633141085,0.009563539762555591,0.03039572401811844,0.04901567114662034,0.012673012761268075,-0.0237777103692081,0.028345092315888536,0.00844549427404279,0.0017660967566312758,-0.031220238207798075,-0.01876461189035038,0.01919798986118203,-0.005067118215353883,0.0392233272130953,0.050592284676315886,0.05554293856713636,-0.042514809700567514,-0.07212741885611974,-0.0005042556383017266,0.028066819290066394,0.008992121911811356,-8.937473645129466e-05,0.0023675983566427625,-0.009496103115989824,0.07639248424359876,-0.03317514543137639,-0.026106788452655075,sport
33,0.0010312682628408837,-0.08572898926127777,-0.04090242811128553,-0.03589688112630435,-0.18277351072238068,-0.02808247799886353,0.15459677996008767,0.27442732598628783,0.020217882337587912,-0.01959598432484041,0.10211326833087023,-0.10408579061933196,-0.018855897625787228,-0.013782841363881618,-0.06673783006035693,-0.1209175736681117,-0.27509358944995005,0.297777758903026,0.12929137757717576,0.02600166913190454,0.02379603110611335,0.00011723719043750683,-0.10642859361411725,0.050104020076842774,-0.0809695310544471,-0.02927269689771805,0.027128163943775374,0.034542519900315385,0.04839231219446591,-0.054141533643270415,-0.008262358504381014,0.006777938267406132,0.021962101618803683,0.012780194397578947,-0.014172493475747698,-0.03401824600738224,-0.0035292828757996124,-0.022480534678546226,0.03456237495095253,-0.006785025424684896,-0.000458620430435761,-0.04204591185837937,0.05733204195919843,0.017429880151858767,0.010805121500006624,-0.024538142367093875,0.03429174999208837,0.003162428435229301,0.06280841841297274,-0.057253647861193815,-0.008454761210590722,0.0014348631032325082,0.0148645032484551,-0.008442624364860471,-0.01276332201323561,0.03739289306957736,0.020164713876299326,-0.036700050609502176,0.055768978697974134,0.050297214761336556,-0.06276515992213647,-0.022496789145831135,0.002652985019966587,0.016597790220979868,-0.026021287767861768,0.012942501794806202,0.03098158646547003,0.015223279674799854,0.03900541170827742,-0.007194344638324585,0.008863745012430743,0.07312704333855935,-0.012328115164427543,-0.01889796324840649,0.01671557229717618,-0.04110231611286249,-0.06284783366152966,0.04086757356609922,-0.0032990760216978833,0.030419064811092265,0.05719153749193021,-0.04136101608243461,-0.052025956795538654,0.0019251578930007684,0.056536969051949666,0.06777967687347382,-0.010186750978591098,0.06540384981455591,0.08566008295044689,-0.009189684186246418,0.08953161792821873,0.067037053335988,-0.03561807962907202,0.0987913896376435,-0.053961151596766885,-0.03339528734816807,-0.01728179236780052,0.15004943084105782,0.09965330311688468,-0.00039675461834178135,-0.024553852129474023,0.1093511188701296,0.09656062874740677,0.0841554627179183,-0.1271020859430612,-0.2218760704390244,0.20395331333161698,0.3737722763911226,-0.05418429233175397,0.02103927295347531,-0.11936704657963348,0.05928104764312324,0.10130334799660362,0.17030363706806406,-0.13327424766947246,-0.061342630180856055,0.04493695380917957,0.08160034772681815,0.018803311831958804,0.004948564567974361,-0.044541657900578346,-0.105135607724047,0.0005324264562145958,0.009638197693924646,0.0057885582524149146,0.09057442508206426,0.05335725769327574,-0.017490058190982892,-0.015287563328053715,-0.033188970584245144,0.047516073490315634,0.006388407001290248,-0.05548561860585507,0.0018261896844975036,-0.09651388344552614,0.05265749917586866,0.03926932995033998,0.034022527317765484,sport
34,0.37028146286129093,0.03439327022673652,0.018452795638979266,-0.004999421748098485,-0.22204399556793575,0.12596318012490113,-0.09011498529541474,-0.08112340027095581,-0.005252149580002034,-0.014998272363304295,0.06234464952284858,-0.11420290204437973,0.08104968457768502,0.011676455715364817,-0.06629479933871135,-0.02460681866412716,-0.013432825925899738,0.014678115186236983,-0.0188002358615189,0.017371099789317,-0.00011013400164195594,-0.09197493591894228,0.11624265215156813,-0.053705820132608904,0.026519435477308565,0.012012679323467031,-0.023309527742638194,0.04085702711435801,0.04199103448363859,0.013957594247700465,0.0022710180864543073,0.00436552100768267,-0.10568663772353619,-0.0642861215737199,0.07957814953538302,-0.05334961051535156,-0.019261259768673388,-0.07218089852025925,-0.1728468616096025,0.03946906608314449,-0.033975179236149344,0.036977073291875544,0.2153971164623439,0.10121661466279044,0.2701665358871267,-0.1365561261548478,0.013487169576781631,0.05095008864008645,0.037795591539478895,-0.002143130023800529,-0.011568342345693153,0.05164832910334303,-0.0032767686565936148,0.023981939891630305,0.04225936660899261,0.06805753634316555,0.006634072995914622,-0.012314722200277316,-0.032282992771428855,-0.11755104591140524,0.04515988867309619,-0.07579664831217293,0.023958637710875686,-0.04447463063406895,-0.12289567202751969,-0.030365231204150397,0.04062985275511082,-0.02209477450777455,0.031030714386594747,-0.13395346421180376,-0.0002684263098870292,-0.04181825340493011,0.02832957541662616,-0.08389885747280837,0.1296000564155838,-0.04987188213149839,-0.049251392798062045,0.13851017825038836,-0.1366916617939459,0.023369360777679836,0.06537567167274533,-0.013259791285693146,0.020055141781390534,0.11337622934146219,0.03810651237937176,-0.04488981544917301,-0.03176834522563009,0.007317525914366727,0.05110764201215305,-0.0559381186755499,0.0628123333502571,0.019147960036196288,-0.016962447358873978,0.031823164802189996,-0.01172685629373397,-0.03013170198983981,-0.01828415323595185,0.025166480139400458,-0.017786542853173933,0.017389222775737494,-0.019281991254346587,0.007229424579357037,-0.07614821512189356,-0.01623558237635267,0.008578930774964025,-0.010231619163448318,-0.02942350147460624,0.01273021231824877,-0.048468785050968084,-0.0891424322551937,-0.0010262379363568145,0.005834016967755487,-0.06459763342031936,0.020699019630065447,-0.036746352004288205,0.011938283463470253,-0.012070279338960651,-0.05531460012970796,-0.07768565497593996,-0.01799407372419278,0.03380923590340271,0.1165459909781217,-0.01879166168183248,-0.06681187870756057,-0.03619716131846322,0.03136646002563138,-0.004954042601488546,-0.024189786110011453,-0.02700407910835764,-0.014509753783395408,-0.04130796674805816,0.07795905435334981,0.15084958735347354,0.07479071590629124,0.04544380114001389,-0.11839428528000213,0.04085274762911794,-0.09312189774092687,sport
35,-0.06607028084528176,-0.14599593020311408,-0.03970827930296247,-0.03094245350725857,-0.06713880946767911,-0.26530032346025645,0.3635700104749596,-0.36293062444920804,-0.17027766929832333,0.09926065147867347,0.15465281127690153,0.03345220763935351,0.0021097046876709276,0.1701957020148682,0.11251290440971708,-0.02637621480435946,0.024834471027247843,-0.03061256105622051,0.09442335693545391,0.007441035111692197,-0.07007987552189741,-0.0548873200835312,0.017344228832510345,0.013898984023393015,-0.009879617280019931,-0.033917010340915266,-0.0294685411233571,0.031123320315608556,0.0017609218911919453,-0.05513652391854148,0.009428091952423796,0.1080183247901702,0.021172208716979037,-0.0011629090498692528,0.08023552217126768,0.03862056041736013,-0.09071685900366197,0.014368791315152295,-0.07716357751337617,0.02163709380161211,0.01670365878687906,0.059987583101491326,-0.025528697896011508,-0.026631145186145396,-0.07479665936025462,0.014863773142194192,0.02113938475847423,-0.011057295780481206,0.033969970887255646,0.02471986126411387,0.010153488745078012,-0.0042024554537309885,0.0021727602286137735,0.014472634282789122,0.0505085990809845,0.0017152730892222902,0.016363511269497085,0.03857569539319641,0.04928676141211567,-0.016295457534030843,-0.011640988973096246,-0.00047301603709884574,0.04073614170813731,-0.007317545301179928,-0.022888248327369846,0.04271659789669102,0.012362735412081192,-0.025076492694052755,0.010070033881745787,-0.00507165504271939,0.01279100981773189,0.04217555191298081,-0.03226968576064336,0.002758531318616709,0.043128625938761087,0.006582617760165437,-0.08268333124169741,0.019520318804747337,-0.026966368660089626,0.07349259957735833,-0.01084006430574929,0.002466536091400513,-0.010439747011846724,0.011165525975103641,-0.024119232290834642,0.028353038297272898,-0.02440088519098556,0.03242033926229296,-0.026029892873826337,0.0362907706164695,0.054272582873121596,-0.035348210186689426,0.08037343369367633,0.019690654893440258,0.011822604497319417,-0.0380359249112063,-0.029427233491889162,-0.008787550558989459,-0.004257227173016775,0.029571822881055324,-0.002932849128143334,0.0016175796149714614,0.05295560971689004,-0.027285825109930346,-0.0585201684242044,0.08839823564922007,0.023759966032326694,0.0032078506451928917,-0.04672167562083558,-0.04794797779432302,0.021267340955363336,0.07548152776862117,0.0664545972900109,-0.017377210666221454,0.0265810756154964,-0.010041313821613272,-0.08265126753365538,0.040420956878364486,-0.14025229469910064,0.06944834925914278,-0.15928579218300565,0.12809204361028248,-0.12032432283570393,0.07877613609041126,-0.1545615799665003,0.06826033701499445,0.07719309018442516,-0.018366273779522466,-0.03276611684259828,-0.06419078782264273,0.018039400007394103,-0.10432814831975232,-0.131620642763218,0.13129015684391362,-0.02751460419413825,-0.07811286120155365,-0.13346716606208012,0.041715489967320614,sport
36,-0.0100102959463749,-0.11316004205672887,-0.05378717469366235,-0.0011617677778058596,-0.20385965344005783,-0.04911942735098319,0.2203611832282502,0.4274297871016835,-0.0719773847889147,-0.02563838496418346,0.064771931754029,-0.07931435776238627,-0.0030462733064193456,-0.0017980348385252041,0.055635523730347546,0.07971910755879197,0.1362949023483551,-0.11637481775823633,-0.06862954909832568,-0.06563837437464555,-0.027481600322678722,-0.021358664053340918,-0.018295835484635967,-0.008816071923244491,0.0005786937863936012,0.0014653345309806874,0.019379473816977983,-0.03043992864553373,0.026133353776498985,0.025760371917542855,-0.06390484844945117,0.04615705148157703,0.025926056353108778,0.05036823608205075,-0.0163672444117351,0.014407040630898439,0.026941724455634378,-0.029001781172386797,-0.002097851566146744,0.0398907346098902,-0.019792391344783968,0.06637137940031966,0.013755053345838347,-0.08187744533305145,-0.036169351985776206,0.0746437617851154,-0.009460252670269578,-5.690167300572307e-06,0.008387238780214988,-0.005938601960556399,-0.005589681448966943,0.024306300995606572,-0.04496609466983554,-0.016220866021957745,-0.05028627424986795,0.0953217646671672,0.03613787454076934,-0.027988920281562763,0.025652078393239578,0.01590576108913759,0.012504351634725424,0.045414259242103475,0.022525157883091996,0.005229724365288329,-0.01723112977790957,-0.07730689170504994,-0.041525489939040115,0.09451774433891742,-0.0800947035405218,-0.07333145053505993,0.035456998104393324,0.1607460504977086,0.07819010228984756,-0.013776631511437184,-0.0013063662637688707,-0.06901867790218717,-0.03454770011800488,-0.01090188391030186,0.0655394737756075,0.08061349047423079,0.17122946989775462,-0.026044392884010246,-0.029866541315898346,-0.07881301338559603,0.1245262824022593,0.169190310908463,-0.05467029959670707,-0.07756113651095259,0.0525977945719527,0.049901692630626736,0.1895843142991698,0.2127515382838074,0.08114971331434276,-0.0411253906052573,0.05312089991116728,0.005488367230634835,-0.009117158376747939,-0.1195297894127072,0.030948295526938417,-0.05116757623479883,-0.06471992146706251,0.0036237875139561036,0.046940880511342334,-0.101118588481704,-0.011526953186965816,-0.09394047318275514,-0.0520055607932898,-0.067748757092103,-0.19108299061225525,0.029352233102393415,-0.09910055070352974,-0.13202817287917726,-0.0538186842341815,-0.17285581290934435,0.10227482175961702,0.15022536035067455,0.03207132364469024,0.0385353821466064,0.027054874179799633,-0.11572239605213326,0.03393135154750407,0.09547430676267854,-0.06495157935870452,-0.027171254032201258,-0.0076543651196388715,-0.01383360290413218,-0.050125727469481074,0.022056023323204364,0.032702713387147544,0.03944864255739274,-0.0007575916922806042,-0.04272178926610615,0.010804202296758644,-0.004017048060183913,-0.014441859025915289,-0.024758801640658624,-0.005995938823116728,0.04370910118418306,sport
37,0.08208903202674186,-0.007073454925695301,-0.0008467775645623605,-0.03915414110557404,0.03788245728190574,-0.053913673352553905,0.051843509413483244,0.03307918096472576,0.063586731570517,0.012385441333103445,-0.09766588105624494,0.012911824234112884,-0.02522514191086056,0.0031866459842787385,0.047516622897372504,-0.04341988511362448,-0.008636877489855482,0.015556908828166013,-0.02424179126766015,-0.04067258982390503,-0.025026350465517502,0.06158788288811935,-0.010789284069420048,0.044396352587307376,0.024079452102500704,0.03968773418963303,0.027024198932858845,-0.03312639492679778,0.04750660553493446,0.05249985622975167,-0.048967058272051396,-0.017007534699054257,-0.11162508629309092,-0.08774806340824225,0.11873377262832568,-0.05262165524467386,0.08407856683860641,0.002660516390675111,-0.12118558116196898,0.08435556628758346,-0.012996398293166303,0.10277423125620375,-0.0419885184726077,-0.11660512714473205,-0.04980000462910345,0.10630015136156895,0.06422055778730554,0.020122002759515766,-0.06637456554072671,0.03662733566640128,0.054477378780397226,-0.13602164179525683,-0.11449361642063965,-0.1232516511475809,-0.08711903335929037,0.13940566399374604,0.0013355778738234605,0.05361248566168627,0.15751285260832174,0.6375216436692414,0.2016745093852923,-0.021524501019482913,-0.0532909945661846,-0.0601399236772391,-0.13282026132394384,-0.047783728112282584,-0.022629059755273403,-0.13409701077321542,-0.046540745843860844,-0.25677144434329446,-0.09928159136370103,-0.08023166271097505,-0.01466962934743941,-0.03534129587078442,0.14440849322074054,-0.09809664158841552,0.10390402464574935,0.09456196166061501,-0.011401303544144937,0.03362163860296107,-0.028184597726698218,0.00834936589401372,-0.08694438985560479,0.01598899790052826,0.02789624908995588,0.049843605756267374,-0.0599228627750248,-0.04497644945841175,0.0649241716070782,-0.0897290916241098,-0.02469028131979041,-0.1605664421073336,-0.025118539492055288,-0.052079866345864805,-0.08422218138418788,-0.005577943152177007,-0.006492144765852609,0.0247327050247323,0.016772711488637182,-0.03860442301264127,0.007191247343319597,-0.01963988504040509,-0.009316870150078725,-0.000688460495126781,0.0016332507103167314,-0.008114895542059901,-0.06249274479436512,0.007036799634819041,0.06821215655034789,0.02494028607178542,-0.005684131590598314,0.04982501443516485,0.012313028136137699,0.004320812895650617,0.04188497707207792,-0.02936498513409193,-0.026602244521624727,0.013871060966762933,0.0036756990387666866,0.014371398266554203,0.017860018628803112,0.008108116556354628,-0.009941609928620216,-0.007900617067005965,0.01110152797723415,-0.013407892124860484,0.013241856939703173,-0.006296229739797472,-0.00863778428105497,0.03171417152861177,-0.011531924281783078,-0.04035139892897477,-0.01473401658607018,-0.02399187234451416,0.004321809085277146,-0.003870166864663729,0.016459113329390578,0.0027373017498997115,sport
38,-0.06975828845865101,-0.19698316285507483,-0.0745331914981814,0.14042196701233098,0.04174891582592459,0.010577129214003098,-0.02118679262480775,-0.009837695682623713,-0.024637753584830845,0.006294534112263484,-0.06114718093978594,0.07505904547041208,0.024151719290145594,-0.08984808542077696,-0.13298041477010542,0.004485446615562709,0.021786352871283842,0.004223391793173245,-0.06924074705748313,-0.15248978889010673,-0.04723585730468263,-0.008201573687968502,-0.042219103349418176,-0.02914898743710743,0.01308956144657909,-0.008716061188919417,-0.02457769411274936,0.05436573891696723,-0.06288301590739255,0.0022096154539998345,0.01722598251431551,-0.013173408090840428,-0.015441067428847217,0.03120099983466467,0.009537526266629138,0.07367043628354678,-0.03738079725803772,0.018799144767220083,-0.13077334935800766,0.01135139731197494,-0.09307159511681407,-0.07617894567980704,0.04058079411915907,0.022300195245596146,-0.10373392206271044,0.21907941701712758,0.2703181263523442,0.0596629065117467,0.0007570831791813276,-0.08579807681687018,-0.009988872773091307,0.07763322751223371,0.03829976745498778,-0.08308964879911986,0.0692735520016716,0.07691911615473625,-0.04384876730203063,0.07784686003140742,-0.002963863965803915,0.020626198242508522,-0.061384014896326534,-0.023622643931699137,0.058039842145523296,-0.014942811441608632,0.0974952686190579,-0.1171047828809333,0.12775711554771074,0.05993853083140238,0.07781156242259578,-0.010763055027869747,0.1029305919585305,0.06856628920065408,-0.20805983298768332,-0.10559393556449571,-0.23403224451527066,-0.1940929205417176,-0.048261435303765116,-0.02450922931533227,-0.14701343693861124,0.11371205189013991,0.24052760675754775,0.10080518642588737,-0.017044541857347027,0.055611375045066344,0.06636878712468522,-0.14680751956345345,-0.002539822243836333,-0.03827171578304965,-0.08577214530824229,-0.0532097047077847,0.06102236801176835,-0.04218421013493158,-0.008443644351786544,-0.05406173942304256,-0.039022817463338653,0.2747237663932396,-0.012535068314932842,-0.17338239381337314,0.030564442822956228,0.19809414752489146,0.006859338662585554,-0.08693789713109971,0.005331822549600069,0.016342185158465614,-0.0779256308334283,-0.03366200101012178,-0.06656009157658588,0.016444281231836465,0.009447580355219845,0.032394139172910355,0.062261422914832394,0.04947621880919165,-0.022042019270139518,-0.01537408540095816,-0.04430312415691887,-0.1283741445269547,-0.013791127364439493,-0.0732581964271048,0.040390356779301376,0.10381700631524345,0.0060145537142921816,-0.06333321283063906,0.04335259214715554,0.01357462890294737,-0.02197860640658808,-0.0004376852317070655,0.02411963014961878,0.016258563236212272,-0.0053550038251814185,0.008977867981125053,0.004655836651142947,-0.018053502807187323,0.021058299846991906,-0.002080539962453293,-0.024838006488916025,-0.005971779553724172,-0.011985648519812318,-0.024346521638644907,sport
39,0.5375196826846119,0.0742401311061928,0.01836594971373745,0.03986069396425236,-0.21639822515886203,0.17386954214049458,-0.10956065113573718,-0.1052824063029066,-0.03842278413553046,-0.0009193741966351477,0.11759352098947767,0.045530750509121656,0.021344883549204583,0.009336363937059371,0.06222160828572518,-0.03319819148690024,0.01935301869084904,-0.05970167321394382,-0.004450399112141265,-0.022870448278295034,-0.021672512788906213,0.010291925704840563,-0.05031198336831929,-0.01074685157659429,-0.003954536216906686,-0.020388057020940816,0.001999342552100376,0.08233294563528548,-0.06401370730624972,-0.04093221068032788,0.09890257619412486,-0.015275299463911342,0.04556026198599216,0.053401808832182776,-0.04834432972553878,-0.04936882915955298,-0.03954076612646747,-0.039851688041103034,0.00955575840686656,0.0668397996037421,-0.0731595668702334,0.1926133693887085,0.21808669158671123,0.06424163530111131,0.14873614198298554,-0.02963711280797841,0.0008306253207046526,0.05696095483084555,0.032383260774246254,-0.0196866581297181,0.010562481740023725,-0.024025230107200337,-0.07230770470206631,-0.01741944269869982,0.003954285865004207,0.06584937299417641,0.022720472527827718,-0.022742250068301193,-0.03764003244870828,-0.09460129500150048,-0.013547162082883608,0.011815518670959951,0.030300355340011572,0.02065769896821604,0.030237214912598367,0.006134343137558467,-0.017322158563248303,0.04468250882744935,-0.025705928082183152,-0.06262872923311222,0.01276685632741366,0.015364065637058165,0.0007066872232815765,-0.017085960877046124,0.005716320460691607,-0.013939071334991003,0.036451263001467456,-0.01928470795093565,-0.0006535163195033886,0.005974357738791198,-0.017288194945137284,-0.013639435285263391,-0.028621099527970272,0.00849919940098309,0.009114891434718836,-0.01564355563959071,-0.07521007468832672,-0.04784681808959294,0.047135918889522545,0.007855949558754625,0.008751396671568675,-0.09009793929992602,-0.021063706553962044,-0.027968974489296066,-0.07020401360126928,0.007838007867458065,-0.06746226604056037,-0.018044399743146755,0.019481943367167295,-0.05307465388162157,0.04067540379090063,0.015971666967935456,-0.007856922155812166,0.04481328375689533,-0.014196761776404516,0.036068553122136644,0.03625068396226307,-0.008345644362168309,0.04064342327796669,0.028834912480654677,-0.013204663620873624,-0.016643726624243738,0.03252371225942783,-0.02783399211391459,0.05651478828294198,-0.03182906974310562,-0.001324328185173965,0.012264721897972656,0.04367449938156051,-0.0036962689519214917,0.0013472088852759412,-0.049670421350056435,0.03374681148188206,0.026755857425308636,0.014216425088931285,-0.02615654722203798,0.02130340040945174,0.011942015643788006,0.003396065423669438,0.03442352710593476,0.015040973506678676,-0.08152548041804464,-0.09265550791986407,-0.025564263515389908,-0.023155603197093148,0.07516660467576944,-0.049378765630803234,0.012594359065684789,sport
40,0.6142170935406357,0.08916914722012408,0.02672691142388117,0.0442307171373822,-0.19502282641928195,0.16371898618184358,-0.08448781427020458,-0.09792608059062567,-0.02747514263022156,0.01310340998370705,0.10223063913910839,0.036958618624044065,-0.013021438431026999,0.005814576177337934,0.07742680813473798,-0.01359058535847962,0.019492556791414012,-0.05069195414443691,-0.013091644312194419,-0.037478436668958684,-0.01216991104357933,0.03416720663860683,-0.09528965295130154,0.022687840470164686,-0.018746212401653976,-0.028940182900166568,0.009177767041367923,0.02411836568049533,-0.045691835074961114,-0.034702271619782336,0.03790436198276466,0.001220387481849764,0.07445559410648696,0.05042401295709771,-0.06680434984560618,-0.001271023148187891,-0.024718419533924212,-0.0104781770586226,0.0696953551206913,0.052430278084156866,-0.028952052525428266,0.08720649239126017,0.06993274344895095,0.007643148927139656,-0.01868671945259418,0.034207647817333764,-0.009503827383516919,0.019133976446235424,0.001671917463575023,0.01129290852596333,0.027637807903018605,-0.06415732000550023,-0.06605124720072912,-0.02157840933747148,0.01139689791254242,0.0551748131437468,0.020100157518038304,-0.022864582992327614,-0.008341805329240396,-0.013314988245387092,-0.03679992445840766,0.03160102590649178,0.03538789404857557,0.007397978633158242,0.05368031412467819,-0.020110464902796187,-0.017493233125556784,0.016966252852136682,-0.03952052494073074,-7.417755693830125e-05,0.03099139654503652,0.012375419137317833,0.00029914732151923294,0.004271642088827487,-0.015076028523806661,-0.003527579111209748,0.044432817441413745,-0.06297306839030035,0.038520439514489704,0.010055214806013924,-0.023213221078025488,0.011677520523662912,-0.033749898139331956,-0.03549456353107882,-0.03144243905958738,0.019174337600875856,-0.030799940169401963,-0.033371335488085636,-0.002047508601138923,0.024444764067569038,-0.047533272014174836,-0.05880274075460097,-0.019458278503643543,-0.01714601397544013,-0.029606639949540003,0.0032859154180274234,-0.04308776306943182,-0.009314287102008531,-0.0023126076272685925,-0.02783356456313643,0.02768262887459504,0.025521279062094504,-0.010433903285262697,0.024210837871271762,-0.008790800764433422,0.027276789430119172,0.022574153891554528,-0.027352929964280372,0.008176397262472952,0.0376995809604929,-0.024321649107156756,-0.009867555714304995,0.01364475045431533,-0.019089257629910747,0.027353773703793917,-0.021443949220018972,0.014772545409750959,0.0204387630927724,0.04088989654917491,-0.03749366046257039,-0.044357172180263804,-0.12718666724361782,0.04225040499110195,0.0653994145799777,0.03108596643381583,-0.0025458520342963344,0.05996304158340645,-0.011332919633293156,-0.005343159292146392,0.004594341324792258,0.029152155324131592,-0.013371906768735063,-0.09345874499021047,-0.0023095233214329076,-0.06678896290550096,0.1585313015427172,-0.06827178309229749,0.004664814387772341,sport
41,0.5980307303431373,0.09739318654570986,0.029644249853436087,0.0631552388996433,0.09786420500093987,-0.025629552221664072,0.01710047449415733,0.046362463866894514,-0.042195722510512235,-0.016748459396568407,0.04475028075210214,0.13441135490021636,0.001752531222548926,-0.043152406346090126,-0.08139840227449646,0.04615820256821972,0.004947817849761046,-0.013142289388575715,0.08276590404464375,0.1938961923012246,0.016651438219212646,0.0494573037741889,0.01906636779333975,0.042771969653277994,-0.010878618878238775,-0.0064865971005188695,0.039630532680236065,-0.00814589855376927,0.06964362142685654,0.0008365915012451563,-0.10925178677469664,0.07558497211161355,0.03984095633647217,0.04484204249618165,-0.015453673978115588,0.04941987767715487,-0.006867309423182021,0.006067872755122409,-0.0010818197190918895,-0.011507637674401055,-0.008498631960172413,-0.017453683431588277,-0.009510039702473189,-0.003565261343153783,-0.032253729542814386,0.0020342854094383663,0.010552668871767657,0.011196049136784684,0.026176745309067634,0.033062405574895024,0.04113116337970746,-0.06449383015340876,-0.004057558984737856,-0.029974722786315453,0.04694526823606469,-0.032973454138756415,0.010740792894320776,0.009672058462588664,-0.007134111750360616,0.010870875516685927,-0.046759553420932076,0.04806052296740404,0.023002717538728578,0.04522830833160112,0.005198315591724177,-0.03662307856761368,-0.06175965734612071,0.013971477703497253,0.023914154706024156,0.08865734568554415,-0.048141735472001145,-0.0005215492953421084,-0.04419395678210192,0.016222168830269185,-0.0926497432854684,-0.0019298217616377387,-0.006751700965724201,-0.011136512784259691,0.040886797788587,-0.016239774118849398,-0.06334324113357276,0.02831948531621469,0.016688729679247994,-0.022585505566911985,-0.007135980745079528,0.006815473847372586,0.0456701022769514,0.027389217426448384,0.006022538293236828,-0.04071647347166345,-0.07614614532900393,0.03812776820373289,0.044211826430541626,-0.005682841175238764,0.008841708033743055,-0.0073989820328777545,0.046206698862813374,-0.0931643826890827,-0.025903739899513965,-0.008362304604136178,0.03569321548788475,-0.01002815841697956,0.07453551174966688,0.015954862525809112,0.10150697440496173,-0.011125062838007179,-0.08538685181540949,0.01189927681825886,-0.05063214705403951,0.017761753712706278,-0.018038349584232803,0.05565481527358447,0.0718413412768407,0.033151410671469914,0.01703262352363964,-0.00770528344966002,0.03353954510614401,0.06360522250643275,0.004832983984479919,0.013007091078158242,-0.0742158697709468,-0.06292192693973923,0.004492054525215087,0.08376411639690938,0.05968918911674195,-0.01924845436528612,-0.01554636400647762,-0.025640355500320833,0.014697248681261531,-0.0198953038603169,-0.04357976697956007,-0.020132423207850702,-0.02124269995091849,-0.01811899298021388,-0.022494399834064017,-0.09559259208885339,0.11057352277165673,0.018687987595952728,sport
42,0.644889639383094,0.15321284951524655,0.05159017514469384,0.07153992324524125,0.3840015622471623,-0.14953765730285867,0.038348193754830694,0.053044038692192035,-0.030873368339598757,-0.009835777842778762,0.08921750714142117,-0.030810485056931958,0.05793273772655978,-0.0005929527837138677,0.012772211488653906,-0.02156663584105395,-0.005247883564222319,-0.01673707893647785,-0.023746448164482823,-0.10782929600063669,0.0038529787660027282,0.08569234671567487,-0.10993259729420132,0.08230964870244863,-0.020654786383333137,0.03305895448806578,0.023116698253079306,-0.04835366848457773,0.016042264304424,0.021508922810004487,-0.04046388069073948,-0.01466784431215089,-0.04418870519092968,-0.06155293222479638,0.023892566239784925,-0.011260310617374657,0.02642497156463082,0.009268863397230973,0.0057801663010208166,-0.012113335065876866,0.034022174818806754,-0.07270674730269996,-0.08679667463931037,-0.04072897401521907,-0.0759960739243985,0.010756283655149643,0.004523479607807134,-0.041855493647807454,-0.025569210765289268,0.0060189134568376535,-0.0025205160121609194,-0.014228644526622458,0.002456147186208004,0.025198980031250647,0.002494715241606009,-0.0267685613596004,-0.008188835445008653,-0.00837397277704501,0.024720728058890636,6.132785759947997e-05,-0.011283509870886138,-0.0005253044444679408,0.002306560353655026,-0.002109289588861753,0.011635396070724485,-0.006387046563093443,-0.015352743836806732,-0.00127673418871102,-0.013724941290632202,0.028462112438522258,0.002237489297654278,0.00917505748741523,0.0040003171517547275,0.021946446807124008,-0.002567887955014898,0.011793793202713754,-0.00016502120310011255,-0.01598479733901715,0.013506889628290228,0.005435610963201097,0.008613728143220525,-0.0011289053396775495,-0.004323242342879807,0.004628566091084309,-0.010690696675335752,0.011091435705058677,0.016392850151045323,0.014024252649100788,-0.028863269031569088,0.00666113820481667,0.002840638493073449,-0.0005890580776562673,0.0015472074011076758,-0.005751194312328406,0.022398504735579656,-0.0015863693873753326,-0.0010614970450907209,0.007631280148352068,0.011828360160995801,0.004587047890789774,-0.003726097572021321,-0.005641938876413976,-0.006388972322118699,0.002307579212101376,-0.02724694432915222,-0.010248239533209448,0.016816230721759556,0.010167369565107052,-0.00624274769121227,0.0339064548903766,0.003089147245872107,-0.014939825556639474,-0.0034885717620933834,-0.010989311597096681,-0.008274447045317466,-0.009435573094988697,-0.0034844324291918648,-0.004983454301612268,0.005943423873101774,-0.010425802276961712,0.0073331143035797845,-0.013793312688057885,0.008925743677036298,0.0008316204533424413,-0.013413396247417426,0.01639460969536877,0.010450847128165425,-0.014293082675553612,-0.027918348800211074,-0.0034823486722817777,0.004348225384218743,0.022805157040072938,0.009928517749988435,0.0010489247512380413,0.002847022435660093,0.040483802106466835,-0.041017106525172424,0.012569836695677863,sport
43,0.6105800210107006,0.13376305239460537,0.04198727055567391,0.0558760372632077,0.0726767948555315,0.04469640501829534,-0.08203828166487694,-0.062408150020239896,-0.05374982638526961,-0.007119817914510162,0.245361293757185,-0.003563235514903039,0.12061776296585047,0.00451073110898862,0.10348847371287768,-0.10138871670107505,0.009195170326707847,-0.056027480534367805,-0.07055933427440603,-0.2710371753744529,0.0058034737267862345,0.15581164360690217,-0.21791367371341372,0.12738631833604522,-0.017632218072274625,0.04957051057854909,0.02283257692381322,-0.07553009149955575,0.007418103678813881,0.06702803785090677,-0.018166953102033707,-0.05925600362514452,-0.11029414201868314,-0.13902211689150584,0.06840681310682352,-0.05300614423175454,0.05799701890351649,0.024316973323709155,-0.03981166002604024,-0.012158775697392628,0.06457822226749063,-0.11306506034121841,-0.15227603169707646,-0.04947949325224776,-0.1063563656128563,-0.0025602524704351503,0.005647652470940589,-0.06463659850076942,-0.04730081440001843,0.028287517239709965,0.024256844625678987,-0.03370693767363908,-0.0004368540084919609,0.043510160407067476,0.025198486841673706,-0.04853045505236913,-0.022950478549324676,-0.012449358896624322,0.034424419433684905,0.0033555711503854865,-0.0229919893626951,-0.009398128999729229,0.002360687165938614,-0.00010399722339871566,0.005602379031558247,0.0031850842011700324,-0.009245511455407557,-0.00955367424898027,-0.014708413508597296,0.07263335679921615,0.015598342872844341,0.007309403154504032,0.005661966942961441,0.01631710601489427,-0.019256520123132753,0.01324599207252466,-0.017305422868102893,-0.013016450871983023,0.003683204057581208,-0.022239124695423197,0.005042284437723288,-0.008064183264963708,-0.003250975224155072,-0.0061567075368022355,0.005237239795923175,0.001192275331937893,0.010418639635289441,0.032571091601575786,-0.023384638053012396,-0.014399925817520486,-0.0032526386835181227,0.03575432698266019,0.022143100362031397,0.000398003024850964,0.04266032267605435,-0.008518595358998252,0.021316639449737683,0.0015410803498263814,0.015702904994381955,-0.002105981500713781,-0.014390039001562514,-0.012283367550521979,0.026213622228889604,0.0033395964379086805,-0.00658326901543337,-0.02921518124745622,-0.00604177465359716,0.0042060147876565104,-0.009647559958200528,0.03594974389773487,-0.011085314606064375,-0.008595658366606656,0.0024422564518615693,-0.011552887261015369,-0.013413565013919885,0.008794369786950189,0.00012315710626988895,0.009692118874543174,-0.006343919841461506,0.010823743178250021,0.005851778993467175,-0.0075481737097651035,0.0036535610983045655,0.006973771684184304,0.0037151457232039785,0.020632225822515848,0.01015503913202079,-0.02488893070404627,-0.022502770530824397,-0.009749265167832687,-0.008487049187104271,0.01826992497925103,0.018451505630547146,-0.017130072496130525,0.0020097306870386455,-0.006407513229037691,-0.007167814360001563,0.014798259961549093,sport
44,0.6352476766916417,0.13685561176094513,0.04461152650974874,0.05738671214110731,0.06290828083315989,0.05458104212889659,-0.08474171359223585,-0.07444574556183939,-0.04605483192983813,0.0033636789835765376,0.2357110201018025,-0.008633693145907596,0.11734554192860926,0.012867255477118814,0.10724350942905134,-0.10122700192767647,0.009786912744797635,-0.05745115947075738,-0.07247404272013944,-0.27723393497836196,0.0017076876842757164,0.15765685249065547,-0.23305566352572962,0.1241866584417086,-0.018283060128638975,0.03945422754020925,0.022895612177104542,-0.05921132257921881,-0.008307159045941518,0.06242027702436087,0.01669762410087341,-0.06538458400525028,-0.10309444155145138,-0.13200227153700966,0.05968727497390901,-0.0695451046800095,0.05102632931779344,0.01564217532867769,-0.04343451344869645,0.010073774873858557,0.049847538145179345,-0.0689616596377589,-0.11186109684036613,-0.03115594567673765,-0.07173995987858549,-0.015206753840024753,-0.0051362230174159815,-0.0534220019789946,-0.037832444769021735,0.03357492726151245,0.03520405371618607,-0.04577644605780235,-0.035246711890089946,0.041346016509532,0.04529840753697621,-0.022381428112328145,-0.012103213412074985,-0.019015124546981035,0.03083450611239363,-0.022071725700489278,-0.03472738410510068,-0.0010204124755683588,0.02106775870858461,0.010218875500899716,0.009938956914583076,-0.004856040597614633,-0.018536235882547134,0.012605635986633976,-0.009907159408216182,0.0696514573972664,0.032386143105731166,0.021948031527184615,0.007125984968479664,0.00753593256099328,-0.022763323614840528,0.015081167561373131,-0.011612103481436205,-0.00890466955772796,0.015030572166749193,-0.02585277871950326,0.006070766824016664,-0.033725221885133334,-0.00016740198064150636,-0.004289039113204039,0.008712748410607709,-0.004216456661680026,-0.022462482900057496,0.017019176114789477,-0.0008152528420102926,-0.027561743879946428,-0.003379153832055667,0.014449876775907564,0.0198592777808129,-0.0057801643281793925,0.01925875629635629,-0.012716895306254156,0.00941689180296548,-0.009557226051050579,0.016879934267949277,-0.009838257982637516,0.0032287552602957934,-0.020509046290153942,0.03971639688116636,0.0118318121113879,0.00454879623422157,-0.030395449404414368,-0.010734728493606377,0.012200040439577415,-0.005908009016265281,0.019418586013442908,-0.0020157642692874293,-0.026370150910137103,0.003059990636093377,-0.012034114094906194,-0.022877415561932724,0.002285049888001723,-0.009129583863749076,0.011768962065985074,-0.002379640413280174,0.02579864548095561,-0.009259033366401848,0.002440954416157827,0.0014372142783976134,0.009351878575445385,0.01464489330324192,0.017799634818235082,0.0013207364315471072,-0.018880389607006828,-0.020957846170136005,-0.016507775924135912,-0.01650508554285899,0.011219418145507207,0.02698269184040746,-0.0011763801731565914,0.024388308692168018,-0.038807851447445516,0.014501727096066319,3.416514409764901e-05,sport
45,0.5764107220411387,0.11727868930073088,0.03787231509575128,0.04288404618709983,-0.011943799068188148,0.08433928534164657,-0.09332309777761107,-0.09778028954902246,-0.019469136432946853,-0.007380497691057514,0.17991082800565336,-0.0011999741874814773,0.09522040753749664,0.03166041381502801,0.10823214255565529,-0.09243182253404567,0.018174777206976446,-0.05741665472731178,-0.07440506598163421,-0.25730793884992315,-0.011555649834255726,0.10592129388639351,-0.19060692664958595,0.0746605275902886,-0.010275322597631895,0.027109420924414096,0.01204896481199237,0.0013428563067814825,-0.048348631607606087,0.034640285901686926,0.10018309985470185,-0.08482970902466383,-0.08200816164003329,-0.08116894696479271,0.020646214848774377,-0.09810192676028291,0.014894482288411927,-0.009473685881206612,-0.05886889926574052,0.03354392496678677,0.01905212750719868,0.0458118414051099,0.028231751874327526,0.012571530785964928,0.04476316322535744,-0.05331242288765967,-0.028470005311416007,-0.016798936529745172,-0.009279193752737608,0.020186791952911017,0.01619187570131819,-0.03692652489984994,-0.07006886470682161,0.03403677003678189,0.05063518831299507,0.04052907042946442,-0.004103458127244089,-0.027306581777445858,0.009429906119296554,-0.09198278561935279,-0.04039928208559464,0.00847660658748529,0.047869263504189644,0.012652362363434469,-0.004198708219019906,0.0029199766491209535,-0.01603600804077472,0.0466307607999989,0.0023690271895898322,0.035565917487612286,0.04301130232980128,0.03031671426477233,-3.0130468295296517e-05,-0.027490943828032712,-0.006570696631865176,0.0013133761270081614,-0.01557189920475873,0.014742370568119488,0.0012505279154538256,-0.022219772063194348,0.022475418940562437,-0.07146619906260016,-0.009696288222726434,0.02132362234896931,0.024619367536170594,-0.0289471085025702,-0.09140189732595062,-0.010215799302062047,0.055425356374921096,-0.04830703521334028,0.01222973955547891,-0.018137340217986162,0.0042129431345100206,-0.015015473572976052,-0.03138668749948978,-0.02004132787346341,-0.02945976416910294,-0.011177845803501394,0.021795562046279915,-0.01657718816536674,0.031550724778311334,-0.04003316135858415,0.04515398790871442,0.027169888210223172,0.020495450947756167,-0.009349496307813145,0.0012778273395674734,0.019198075830271746,0.023166419552395505,-0.00904289268651291,-0.0032682727153344323,-0.03931981307919202,0.010476519015598608,-0.03583172870203515,-0.007412216359909316,-0.0014884034264348765,-0.021899919260383472,0.016871373979243834,0.010620173209682587,0.031758447547112045,0.00329461674993098,0.03325786360255365,-0.03466868217055654,-0.004867175077797818,0.05238477658348669,-0.019423243118547737,-0.027548949039714356,0.01247088068475611,0.014123780529595304,-0.006013436198282843,-0.01961163013106261,-0.03847228592010929,0.022970233180283482,0.04059549719493425,0.015900432568313194,-0.08438003619826184,0.06379908468683773,-0.031597856941639385,sport
46,0.25454508007910426,-0.009885835482446401,-0.007970919227447297,-0.006041021287524416,-0.19811596681322804,0.07247515110145798,0.022368004218581827,0.019369843176246595,0.06222281272452534,0.013398212526734156,-0.20330327875575724,0.5278592962999351,-0.26881978512455784,-0.12701213900826985,0.28408026982189527,-0.030557375315855288,0.010902019077512091,0.03334267526246974,0.0690896480477119,0.17159969313932372,-0.013204104719779947,0.061612310235412304,-0.030496729118661317,0.08653522517956207,-0.005056443102900855,-0.0222998414549517,0.057299516935364704,-0.02391109944408647,0.1304843414597322,0.006531936430639327,-0.17946247725902587,0.10373627979304083,0.03050219422936819,0.048610242248566256,-0.007463668781775069,0.057174322699083194,0.011549282769803123,-0.012001505102364172,-0.012743634884250588,0.014124483692935216,-0.05191927290335741,0.04514741821200989,0.07610857844413295,-0.0013355779682205887,0.002598641994347874,-0.00839920991651644,0.00868052576248799,0.0210263147418794,0.02154476546897579,0.00906392729564261,0.006285367815382722,-0.03448595082799439,-0.019019244213813676,-0.05007209871897009,0.006841799311713666,0.002194452305553987,0.025232197604410273,0.011378922937150975,-0.014940186119528994,-0.00077481589808012,-0.021928189370479047,0.01458941554994758,0.03272223936575166,0.019683613048473537,-0.03400360326098718,-0.031777687213774726,-0.023498387792117183,0.03173572813594599,0.01405912541208106,0.023986947247174092,-0.007111820866922515,-0.007792013566302792,-0.016198254596151974,-0.022731147459259728,-0.06253563702641984,0.005520682089981514,-0.03265119681984491,0.009837659656837923,0.04282406126912437,-0.024890506735955643,-0.06353844884827889,-0.0006022598074112534,0.017602611121882463,-0.017485563382521226,0.03887278523710623,0.03232135642685892,0.01753518512367926,-0.00025253846591622516,0.008715964348902877,-0.020470004117614047,-0.052367597107336884,0.015715069093940097,0.05450893548847407,-0.002518938574692448,-0.027295664976318686,0.017256119748436032,0.037340869297143434,-0.06565884753231115,-0.026438376602761986,0.006878145232211576,-0.009849956523093057,0.023974920878723598,0.04567503075139522,0.016651661189068308,0.054853134714232574,0.015685037973676333,-0.01770504480578925,0.005669870710797074,-0.0200396014113921,0.008054887454297497,-0.024764232154169417,0.010354182921389253,0.006765606397484874,0.050512240317904085,-0.002213923794921068,-0.031629602897813455,0.05787878091719675,0.038393861333770186,0.008985702294747046,0.02157397768872899,-0.054816365544236224,-0.04826570069496027,0.013490295984345379,0.0894887649864273,-0.0016376640278731812,-0.013518699360988155,-0.03454854850020115,-0.02854308645801742,-0.011187618259192005,-0.05477204151575317,-0.04629609541444063,0.015010619626664834,0.02069965772190351,-0.019875300583011648,0.024581971296853692,-0.08334144055408843,0.06810109546422097,-0.0002800786344574718,sport
47,-0.10390961692306333,-0.2633692708404341,-0.1072643460974792,0.2510249347268609,0.10931337793766173,0.05714413485311576,-0.09610809272515274,-0.06937444783898271,-0.06062339795692302,0.011681159951452231,-0.051629049393528394,0.055821298003694994,0.04247707460844669,-0.06833435101410865,-0.10925729307738452,0.019747046620339246,0.0636677071023768,0.058862462515107,-0.03787790624019925,-0.1389957534857217,-0.07302459151682533,-0.1018018143141151,-0.10476071489055462,-0.049655718580698074,0.007499027319735624,-0.08580059785591587,-0.045052004602226456,0.03300523840707427,0.024083448853807293,-0.033242726221833864,-0.0070248412256363885,0.029510032585435816,0.03253578320494225,0.034898879811695226,-0.03685568142861784,0.016309737844525562,0.0025022352121142643,-0.02436846691494628,-0.13748378278867893,0.021144355729554844,-0.10202821458965747,-0.04353906068606613,0.0757914735280912,-0.014649085774390913,-0.07660490965313785,0.06277872100730822,0.09706183117815588,-0.002448529248991546,-0.015003399987889684,-0.025504381221393025,-0.018648497138231985,0.08149463556647123,0.046889397395779644,-0.11923797885647162,-0.03741060224018547,-0.01805568811149369,0.013286126177397285,-0.04031188299032533,0.04319546815132669,0.024245421465657818,-0.0759054539870224,0.022509847031712747,0.044974419726408366,0.020625434708261777,0.09754795279333055,0.025184615811486837,-0.03625174429326947,-0.06945402805618803,0.03626148433361211,0.08471057909769147,-0.051592557837889554,-0.002451837006566095,-0.06255339317019203,-0.032423571939679534,-0.012573978205732124,-0.045192946114075955,-0.01937674224451259,0.010276016918465152,-0.004598503762568204,-0.08956422606606192,0.004096199583028414,0.04463579834977043,0.09038539065982677,-0.044769818487748206,0.01788564868975099,0.05883903579991441,-0.02678229756515064,0.0067222532997127,-0.021786236031433426,-0.08767084943938111,-0.13971522529198974,0.054819662254249175,0.008350584848207132,0.034901955651645,-0.12245009376633992,-0.19458604926724227,0.02507134505867307,-0.07172661502819669,0.12036676691471955,0.02404567167201646,0.03881764844752505,0.06497163299223575,-0.17123413838558724,-0.002361338665619295,0.10452208135661938,0.023612617618686136,0.011730793472217019,0.1890505928203311,0.15398886035520504,0.04851864430290882,-0.14441613871562772,0.07536420189294847,-0.05979368549839963,-0.0432124153939965,0.18933369462891875,0.12825199782516575,-0.044992463258537854,0.10135684071655413,-0.2066992488687885,-0.16849365635505612,-0.005265477454283182,-0.017208833723257322,0.008497561941358058,0.006268678786476141,0.03813112914651204,0.10249932736301293,-0.09672734739022343,-0.05891704569341134,0.09831404381958879,0.07674511513080381,0.051671436041023616,0.08120693431968579,0.07069770711438142,0.09283495887297977,0.06485299641447041,0.03698873250041399,-0.04029756409112776,0.042948496241889435,sport
48,0.16478466901366914,-0.004539110689722529,-0.003829528384546231,-0.03544940568707281,-0.09839770201805498,0.017376468800123526,0.043416231359335,0.01082066541267849,0.12027250595661626,0.02344534750258108,-0.2566461774825798,0.41980322353792887,-0.30654929498864203,-0.10005211890534119,0.4775922386026643,-0.12150867988195373,-0.004669519197458354,0.09966582814094858,-0.03622215653398215,-0.09875968864217358,-0.02052577590179885,0.014174901116547895,-0.06925183181698044,0.07286926674325761,-0.002974695560396497,-0.000485990411274517,0.022026407469199104,-0.0987599734455274,0.12541747207858137,0.034553654493540954,-0.21261393169275966,0.05910906461475864,-0.08944178585312709,-0.07628332939246467,0.07245512563697416,0.02923575910294107,0.06112340758107859,-0.03057716299963451,-0.074743427378297,0.013244773462809166,-0.015652626879682996,-0.1086345109599366,0.05071710660677737,0.0004156385306216753,0.032555290222929315,-0.06330868698055894,0.05897354450526273,-0.018932416960525042,-0.015594054264584899,-0.011444141636230263,-0.010024001278999085,0.07537307491426792,0.03611392616114644,0.009461711686719472,-0.011875852633718842,0.0031111640063281845,-0.0024053764247061594,-0.0105875106076252,0.009923541977605725,-0.049881095173909845,-0.002443149597047694,-0.014367533769807142,0.010154885792076634,-0.010146460894823333,0.006825281045163336,0.01381699800539793,0.01820496706111758,0.0027421021208479915,-0.01988690603370441,0.010613244788988318,0.03244247124197134,-0.0028798842020897834,0.0027273840542412844,0.01795701981414881,0.008760248316322649,0.03238067914827293,-0.005032721471573088,0.00558709299334551,-0.0009042202801821624,0.014270341601282405,-0.005746094624045767,-0.008629703742791418,0.003251191321277213,-0.008238254032097232,0.04333747598231063,-0.007322525650000063,0.026834526727588497,-0.0018766580630674788,-0.00028502391441556787,0.0254614942941603,-0.0032705242311510236,0.004264746846077944,0.0025871893561198915,-0.0022169017938896015,-0.00879716377912466,0.017742467173857183,0.020000020055571742,0.010534294467564181,0.008794232871926898,0.016459522346362807,-0.022259886422517347,0.029524517973806234,0.009857442638176438,-0.015958928682239068,-0.01612150263693662,0.019485238307549314,0.03000936335122159,-0.03241708603270886,-0.007612670716950744,-0.01887654380377802,-0.007873226798688846,-0.014719903357413128,-0.01707692314922055,0.029520331443794415,-0.008786639339321322,-0.013079080796431868,0.0005745837394829761,-0.020108739220862575,-0.005262401532636342,-0.01960447856581224,0.009869650315704215,-0.005908174792290017,0.010256635165790054,-0.011259466720229462,-0.029703826671166368,0.032536336995833026,-0.0019042595567741207,-0.008172728555249068,-0.02837990250224955,-0.007258318120470111,0.00709867606936908,0.04455849137765471,0.01646780223051307,0.0008868586366268784,-0.013785481551558088,0.015794538951521008,-0.011232467228250534,-0.030041097393192606,sport
49,0.05867838318116541,-0.11699152038982105,-0.05291515483322711,0.07497948282729135,-0.1094372806722765,0.011583071206903502,0.020527028085394233,0.09024469907090761,-0.08685801277616474,-0.027520442110966926,-0.03367383608410656,0.4404425336583477,-0.02712221493071904,-0.16196023500959095,-0.21272101518346742,0.09626046919048703,-0.0031647334976872836,-0.11571451450697125,0.14407635201216915,0.3317069729182535,-0.0006899937816248981,0.16341961584368592,-0.01673414442723017,0.10158966131141679,-0.0397741020783211,0.0378353633139145,0.0841972943026162,0.07214588400986946,-0.028438812383139948,0.0211145163235318,0.12648714643488113,-0.03834732491452809,-0.0220564747085267,0.012430483320100091,0.042657258734427404,-0.1381749275621526,-0.04531819219632771,0.03962063456798662,-0.07951478599670382,-0.03574716187746698,0.0788424522016862,0.08809007093422765,-0.09681373302567539,-0.036333249789092234,0.001496153061291578,-0.052349640564390024,-0.03224528842984176,0.01094140131211128,0.026046152805244967,0.1227950632793997,0.0206490879961329,0.004230832873842374,0.025027052023892965,0.028304068837577998,0.04337936426911039,-0.099963672711771,0.006232735753192931,0.04551417007101689,0.04030216711995558,0.01208442753672147,-0.019463028616622222,0.038938693779514734,-0.019230260082821582,0.05637197486629558,0.011181814515257887,-0.020415561195006274,-0.049074757517417494,-0.06052168257638463,0.04477506910663072,0.062044271387776025,-0.07452838789135915,-0.01529049987438473,0.032309947606564346,-0.06692567372601949,-0.02253973705630894,-0.03194670423155439,-0.015375476195190762,0.023349379042194873,0.012621277891893821,-0.027975230646733223,0.007426037184942399,-0.061610798638859994,0.0344781854549362,0.008301097413586724,0.020262313438967394,0.04888783173427493,0.009119381950285924,0.04157338288903524,-0.01561531452970585,-0.04829872055155772,0.04710975700827711,0.05573747442633873,0.04459839900235438,-0.015337686357815267,-0.0030634234615899945,-0.07777263303640039,-0.010649821738222449,-0.03314544191277705,0.06403266381726917,0.018404489776439565,0.006138207316044992,-0.0406908811992303,0.011320036881533307,-0.015018549889877345,-0.0038660927447097732,-0.014588846941836308,-0.02282852684901934,0.019038593939662965,0.06884841029583516,0.08040484547870476,-0.0073173401470592965,0.007057651363957768,-0.013028075107217702,-0.1150839850591347,-0.032748238902458024,-0.026217964602516203,0.02755299538508846,-0.0470453845542523,-0.004532970440350759,0.022476554735316883,0.03574608242155493,-0.0006322416392103195,-0.0019947825112770897,0.09755660467732014,-0.09487700562437283,0.01576379623640831,-0.013827210736865865,-0.0021253735953435083,0.06981764876112871,0.0319775351681285,0.009859286647751807,-0.009290556028624648,0.06572584339806883,0.014491046795632567,-0.05131689838700061,0.03732618338396366,-0.008017515693122248,-0.03404673464807611,sport
50,0.10252555235143408,-0.03433726050937896,-0.02806405040912606,-0.09800183517479481,-0.17314966772928866,0.030443941129238008,0.09435096876743776,-0.1363055269015948,0.1513678301192196,0.05599316549522174,-0.4552122296996134,-0.2903073051412566,-0.04778630200640269,0.11695145833277547,-0.20175199080725098,0.1388327053823934,0.04666858845985849,-0.11037399607219768,0.06690895247046093,-0.028006497397998303,-0.026135425567499187,0.08988508068806046,-0.22727395780059828,0.11710630492945859,-0.045420685621345123,-0.009251057942040114,0.05358083931888706,0.008701383009219807,-0.0015354286320079181,-0.024586249315795127,0.019440023069087434,0.03553798562898655,-0.012248837802854795,-0.09087843972110722,0.029477609322231486,-0.004420661512644442,-0.018977828830246467,0.03997948820897279,0.009830001666475805,-0.05221878784222057,0.043422122975051415,-0.07811588781171587,-0.0002826326785413124,0.0027293349311017954,0.011168814263510116,-0.0596200072099405,-0.027043633082379958,-0.06468023316584105,-0.04522433419542482,-0.0951932213201846,-0.0801714742944337,0.08950823170459031,0.09506289125377712,-0.014241154055863903,-0.04325033594558707,-0.040814535626141346,-0.035156171819688754,0.12859917651972505,-0.026570409221119452,-0.049578034397880846,0.033500283867626726,0.0868232109606111,0.03707185212523118,0.08148328202253301,-0.059340274197850415,-0.019178782814091817,-0.007768469787586911,0.054097055774545724,-0.025192008527779194,-0.05333678932722121,-0.13515636465188932,0.019810257918193883,-0.02734412012676625,0.008007716238810778,-0.013000157157584891,0.039161689471801216,-0.03199072634600334,0.1293349016946228,-0.003815629543574573,0.0073289633760578775,-0.0813645372442787,-0.02065762893976385,0.045560166234793004,0.047974833851826035,0.09888963752388757,-0.0232697210285997,0.012005812043831644,-0.09465651479025695,0.05143740540003916,7.162398764697735e-05,0.0320644685594601,0.0037297679831891327,-0.01005917324301547,-0.04424493445886128,-0.06369678956302122,0.03156439158857299,-0.01328402933172319,-0.017729089006661262,-0.01595130451966273,0.014379564380517145,-0.06284894160951193,0.026341714375296907,0.0017630608208036788,-0.022040111109035525,-0.00759065499170174,0.007046843863648905,0.026979800344347982,-0.028032186402432654,0.039216653625956166,0.010295537981827793,-0.02916942422310336,-0.019284157567291276,-0.022875054673793475,0.024822814413661756,-0.001491496375381338,0.0003277010372416171,0.019582553076547864,0.026726396054708983,-0.027659865595300554,-0.016050125489564523,-0.01834393907958299,-0.011404827308170553,0.010206016011737335,0.044498654047772854,-0.003637658607120182,0.020095259994960347,0.013114149291742927,-0.05876235474420976,-0.005808411325491078,-0.006314254173358644,0.001673178677779785,0.006122580944762756,-0.006436194425863725,-0.0010522699705998028,-0.005607031657822209,-0.015850177828316093,-0.010957879270404074,-0.026396236491047276,sport
51,-0.000789020532676124,-0.1027326929610245,-0.034834948521741814,-0.04247761622279203,-0.18264577490413242,-0.05954376457769897,0.18886892771987432,0.2837933727908276,0.022595442882437262,-0.031794778201465895,0.10515022249866604,-0.10428980396261307,-0.0037134350502565816,-0.020060266812390305,-0.089993315517951,-0.1965869061873689,-0.40736987513568623,0.4704649880177779,0.17028210159880164,-0.03144382354940891,0.02723166669839188,-0.004224245448925248,-0.19845345816426274,0.10096832320536467,-0.09937680028266624,-0.07087078190373494,0.030408504268015966,0.042028336857470046,0.08299523603061378,-0.1099411085481886,0.09332932673504662,-0.05786095491583673,0.056996213579415735,-0.0034296045970599043,0.009307613387371674,-0.01484272378501165,0.0004264436695467205,0.007581017583407751,-0.03292320877258784,0.020025899156984404,-0.006977180230476637,-0.0029783587735044926,0.041001829137013446,0.06418820981078972,-0.006525489985434321,0.0004412893732791615,-0.006622090429204486,0.017679433807255722,-0.01585083439222451,0.006168516152791368,0.0010620040679213273,-0.0202131322556949,0.01601640789732056,0.03881358462092609,-0.019411509502187414,-0.02146085001247775,-0.020885922118661072,0.000596245459494224,0.021023296694618197,-0.003152539124331911,0.012056247563332631,0.021124471252956564,0.009889793645275976,-0.05384873877111536,0.020791114953775485,-0.001735186972439851,-0.05633308736480398,0.024496281940205582,0.004069260697847898,0.02702197321076629,0.00026011544508915666,-0.02737622339434877,-0.01236997854983315,0.00778270938378506,-0.016965044944386425,0.022462514580599686,0.008828358696174038,-0.018643458029495834,0.010741391559249957,0.00991472886316783,-0.023708179119293543,0.015956805371995345,0.03408330758348353,-0.0218186378953543,-0.016518983623705064,0.0013239184981368845,0.012134167883179899,-0.0385071329455862,-0.0027771610530479838,-0.003724945814132979,-0.023089279643749367,-0.010209364936184372,0.020606532732374852,-0.041634623299692815,0.03000715741833159,-0.002141500064854385,0.032229514340440635,-0.0410321790107433,-0.05678636593772143,-0.0012931738230152192,0.008688446410367019,-0.05836191886297719,-0.042085891991131434,-0.029992079074873026,0.04692430314026149,0.07439589114038409,-0.0964865859718286,-0.1317502563584348,0.012251891281776518,-0.031927376136374176,0.04865128780221238,-0.028345168844793517,-0.04712488765467352,-0.05291130569378931,0.04516476806395753,-0.007755337557173168,-0.03614661968207242,-0.03475504941105031,-0.017026228099314013,0.001981233816592531,0.022301370648854832,0.039218256099005956,0.01930635096315955,-0.0036795817706888737,-0.006507942546673775,-0.014248294085210559,-0.010542314527448722,0.01914210000638705,-0.0031742525187002176,0.00029378771369473645,-0.009172253679129366,-0.004587910911776076,0.006879645554215302,0.010120801692934412,0.028572815826145473,-0.010156130634852135,-0.008242249786633652,0.021449033623715263,sport
52,0.012010720279720381,-0.09694945903531557,-0.03962745633997696,-0.047275922264578954,-0.20884058543112807,-0.05150428970126554,0.19868558821582222,0.30280515266399094,0.004004100256944489,-0.023510740650654702,0.10870448937284774,-0.11558725710098589,-0.0014233179823808118,-0.011524565787183791,-0.07924224603614999,-0.1807813337220284,-0.4021753344067153,0.4466848506098004,0.17934312175356512,-0.024864094452209957,0.03194718044104664,0.0013337472443855553,-0.19158753266586476,0.08815307216961372,-0.11464415283962211,-0.05340583756722806,0.03892498745264651,0.046091702518054424,0.08092166483782422,-0.09872872192897124,0.09411127714575038,-0.05456812419197929,0.047749405367640094,-0.0246335723865045,-0.002246849286361077,-0.013389070489991267,-0.005184907129161328,0.005628998030268053,0.009904581226963378,-0.006475756228635188,-0.0031018296228056278,-0.033955137239337845,0.06780408164692782,0.09694040102116563,0.01142014717591061,-0.01726472646735745,0.011806394287910537,0.020171926326542734,-0.014728909944161258,-0.013018793351187476,-0.015255728606902708,-0.015060501164977936,0.006198158726724671,0.03839929797327916,-0.032084628358243494,-0.02360837870507284,-0.013372337626545468,0.00791461114588992,0.06213290585606364,0.0212456386916595,-0.010712811106332907,-0.018687336641481294,0.018339193827594084,-0.0438862495113165,0.03932607715828922,0.025891621687702225,-0.028677523907031276,0.014246398352512964,0.032102385174734474,-0.003639370852625121,-0.014087179623136997,-0.06622641986954345,-0.031390914090009346,0.006090822049965277,-0.03527019447011334,0.02926400168831221,0.016027850413246482,-0.014566292341857134,0.014037012602346436,0.012964300312705925,-0.044179956842558765,-0.00031983341161892715,0.04294910924530499,-0.0011437604141280912,0.003717229728927995,-0.02790429511289013,0.03515121617252685,-0.012109100806217734,-0.020315667619941618,0.00021815939546668424,-0.050475363747537604,-0.03511011674027771,0.021203999892096603,-0.032950329615225225,0.015747354088978212,0.018640682012749585,0.040568337181647485,-0.05292218064097865,-0.029648245134612262,0.010193543936449088,0.019666495639259002,-0.05617937854288351,-0.035114842056457686,-0.030560431724982955,0.056367845589222094,0.0860169176010904,-0.06641246753535625,-0.11905554535316314,-0.0025965460105098035,0.00020050474991966202,0.02309049840050413,-0.011589816072311472,-0.03137431223872981,-0.064173302145159,0.04637735314899424,-0.003134364581590985,-0.03484980891932274,-0.018846195467466964,0.012092459322477246,0.007578721128522933,-0.011187133657885305,0.035817367178129784,0.01564756462716804,-0.004244503385672516,0.007333993623726455,-0.03823542531112788,-0.016213744296234116,-0.007379107120343632,0.01871123314794272,0.012088360120630134,-0.04188351979204367,-0.00201529098526687,0.03360254565572756,-0.005445211671698661,0.029090425091129874,-0.007335320106823891,-0.015080806877545554,-0.03709957741747874,sport
53,-0.06175474661286239,-0.1764930305967104,-0.05871740880614967,-0.001956291567379996,-0.08105448404507667,-0.26531416508320604,0.34924166268822743,-0.33573697081168424,-0.20626814125286597,0.10356366845769192,0.11936067547029848,0.04402156954468173,0.0361355134109682,0.1510001064134694,0.10826455721458504,0.01694199488772154,-0.011976836957140096,-0.04911814263922141,0.15609545290972363,0.043683754983072365,-0.044767545631927724,-0.08218608621621151,-0.024535223743743798,-0.06690331301421465,0.01678763650279993,-0.0867404604521176,0.007267775274754739,0.03655476057420291,0.018384998735394315,-0.0016304108505958077,-0.0013122537492540173,-0.010309196158328298,-0.014786453431132152,-0.06674881966872966,0.014027326127095532,-0.0390992090914503,0.016612438100006226,0.018915808384074227,0.040657910333803726,0.036359223231128314,-0.0012849500635582678,0.02452998013557616,-0.033763094138445096,-0.022143357624103435,0.0007675366388478327,-0.058435810312640855,-0.019684872612344695,-0.048476834948276676,-0.048467940435016954,-0.09721047118630936,-0.034887426472011034,0.012180436933426195,-0.005941474720574656,0.03724541288607145,0.001461660205289997,0.07374969388011877,-0.04395885382025241,-0.015286307741489936,-0.014561808469730608,-0.02192482049060889,0.05732832918319447,-0.05772789194673083,-0.012055552658881532,-0.005176295905069076,0.04363696534922886,-0.08392269169930103,0.042871918734602416,-0.010706233312303505,-0.026556489432905023,-0.021336485670034183,-0.004645226247705915,-0.016302316896926062,0.029746260844915867,0.0038487699793933816,0.010527298615234939,-0.0021022334893902633,0.12228780003832157,-0.008863517212392496,0.04662965726440652,-0.049302833374961545,0.0028219417951205017,0.005821989043123254,0.02441920185912813,-0.058036688780876075,-0.0393393890740587,-0.010760711932507444,0.05775241718294522,-0.04609806202616603,0.03319903808017225,-0.1144194523136779,-0.03993679079253273,0.06781031243228651,-0.04067532307388516,0.01180181337889397,-0.014005649442936077,0.018739058638172993,0.017559458174680447,-0.01420595712606043,-0.01424106092276308,-0.011836920041243981,-0.018483932007219157,-0.0857513542544134,-0.024045539543353533,-0.0044855941149786974,0.010382718242197287,-0.09989589603594974,-0.02456703126040175,-0.01252948479592461,-0.019823427803577237,0.03058712978746431,0.03385734085244759,-0.08473245457696764,-0.04066276839407558,0.042600196753427515,-0.05991072954666453,0.03232764066925702,0.08234431682493366,-0.042002088356277154,0.07371127246747737,-0.03012997511928136,0.10692235243887893,-0.02606911720874358,0.03943773175601008,-0.029204656288798436,0.1277507789572994,0.01161769197639813,-0.015651241889709986,0.03381517753021338,0.004011624824794483,-0.01073515235938144,0.015106703143001556,0.04045641056573657,0.04278587546735388,0.0914461657615337,-0.07897870015138592,0.08442523801320331,-0.018189471325507325,-0.11911195674511488,sport
54,0.0042644304696162205,-0.14274296281779195,-0.06597108721249362,0.014405389016038887,-0.253777149163299,-0.0552972137943703,0.2961022042378625,0.5690348663540767,-0.10512612645006486,-0.019619644241769527,0.0808720682695667,-0.05354396985823292,0.01718854037964533,0.024348888343330714,0.0668078636356256,0.11295423984548421,0.17979037093312963,-0.16896373612069826,-0.09619314592731866,-0.09458648614895634,-0.026404303440018886,-0.011529451168450212,-0.018504809874958342,0.003964812958533492,0.016390495658671695,0.0037004082494444808,0.013748484889331374,-0.020699943161247198,-0.011100053392350422,-0.005786730031827332,-0.05480018239133506,0.04562271023205656,0.030101319231438176,0.052428706809651636,-0.015746098162590774,0.02359343821602496,-0.01628098367020128,-0.020491542103495228,-0.020954597312761707,0.026600523362439094,-0.030468044661091424,0.03219301691404526,-0.0029222598903372713,-0.07129452391989305,-0.012486238664871224,0.008872124210679913,-0.006978866162541192,-0.019937656804352992,0.0585605997198171,0.0076749102190198076,0.046718702282720036,0.018611669104947496,-0.014757277575544679,-0.012581956818900588,-0.032657534964681524,0.060550883749312515,-0.02202980045085785,-0.03362037099810645,0.03553135427246623,-0.02676662590033103,0.013539677308873406,0.03257455037254273,0.043436099111018395,0.033015315423784115,-0.0135253422405615,-0.07451810915398784,-0.038503934759295165,0.12485162132201261,-0.047850241375523885,-0.026144568289899753,0.02994897899299995,0.10540215843705698,0.03276236952827422,-0.03282671337970997,-0.05762391417895132,0.007431226330623707,-0.04099305263507698,0.02705479897432613,0.047926274250921407,0.0006965410521980494,0.06395000170790954,0.040021325725178775,-0.009459142319607415,-0.034587435266193685,0.07862854069113162,0.07557762489332323,-0.013502258304724757,-0.022216096067653145,-0.02222810162171122,-0.0033275106746687554,0.08856770249633461,0.05187502068767601,-0.005836363116715531,0.00424885126639045,0.0050367438634722666,-0.04780082617374963,0.04811815849012279,0.01168621677942755,-0.04819940537957028,-0.04099650118770308,-0.03069137777715306,-0.05238961829901566,-0.05567636301400884,0.01863930216565644,0.03342123069866283,0.0357722048545639,0.0017182967692316406,-0.031027162750993365,0.017931679827802693,-0.012511052487237282,0.022511944647608438,0.030782171652062047,0.00577572817088156,0.049491293253129856,-0.021693208335313383,0.012423668672866983,0.017840950718941373,0.011936396278421553,0.008992829046018678,-0.0018201409713032562,0.009961077471328888,-0.008610714512630907,-0.00986518905852051,-0.01076352290866432,-0.022841757644870217,-0.0003857765340042052,0.000339772439172133,-0.032794313134039896,-0.003110738294920691,-0.006675364964900123,0.021045391866096125,0.02414106824738956,-0.006226711011779192,-0.01418501374632271,0.025467285307802023,-0.0011677829859591076,0.027085356486576666,0.02563328737740995,sport
55,-0.012505311466432006,-0.06674026082707225,-0.03209398341192017,0.006275673615819156,-0.08070069376032174,-0.041743493207773014,0.06610467856626538,-0.1435538999973833,0.03630938913922045,-0.022690318498294688,-0.05081041382400293,-0.02664069157817104,-0.029617236913899166,-0.1153544513391865,-0.08633652990689114,0.06560662968974523,-0.004881562712107936,0.09872087943330891,-0.18209022917713216,-0.06855855143268547,0.11013763778603951,-0.015908034718946112,0.17871911763138396,-0.010451873480984253,-0.07510609577821645,0.27094090154406525,0.015812919223548452,-0.1336299609404543,-0.046115693754901904,0.13684404586382604,0.010135748281683827,-0.05014196763202254,-0.017221304880043975,5.68898291835164e-05,-0.044428702977715055,-0.003927806583530053,-0.011934186284276867,-0.02819527560344813,-0.04142924765081104,-0.00031260157387024594,0.006074264281940644,-0.057188068231657264,0.03016898896995774,-0.013298328600536388,0.12834252153208092,-0.08174088007420317,-0.14290663209988658,0.07027162856069825,0.02257388837762126,0.08437630612726509,0.006429829595699228,-0.05898989374724136,-0.04465818493561366,-0.0006119030076163257,-0.05505887496546085,-0.07095953454230404,-0.11572858435492274,-0.0991430771787422,0.015990129773865835,-0.011507123637660667,-0.0147711256268314,-0.1534623278013306,0.007702539982003079,-0.109196596671268,-0.1057408865372903,-0.06453456368595435,-0.03833197046250539,0.15939859552025906,0.07036099022942294,-0.03216682202506452,-0.031385087354087446,-0.051261489891169784,0.0017289996680441466,-0.03154106014186671,0.030984315251426593,0.027002399648728654,-0.034869288258275774,-0.023221057923194337,0.08506764988707192,-0.025054383527114175,-0.04564821400919763,0.1374107681149345,0.0077592505963612396,-0.02277952385080797,0.01194512646920376,0.09980013720302568,0.24135629858189084,-0.07642529837856765,-0.10596727084766205,-0.15451875388500008,-0.02672024282495929,0.04362563132458246,-0.04177152300920327,-0.12557832987265027,-0.03089485412731771,0.08078376619351212,0.1763592655061182,-0.03136988921313607,0.019090306195095018,0.07473940445844404,0.05031980644040733,-0.1511084340468056,-0.04720243556616737,0.10112846579265665,-0.10914297285806616,-0.0928226996580767,0.1330038506912654,0.025003691343092105,0.06370670840971403,-0.09416081653926921,-0.015276094959610919,-0.1853895196282623,0.1022472049338538,-0.08057213776013816,0.07241777834445257,0.09219849476017707,-0.12499425750861021,0.08615027694608696,-0.04654839067199239,0.1741524019023333,-0.0873963597596237,-0.010013605266184299,0.07418306607288133,-0.024801013961462053,-0.02275126146957225,0.04138281887857785,-0.07511300841706638,-0.09963765346231766,0.055812141687937966,-0.005815539860439501,0.03975599179851276,-0.04870332757259957,-0.058362294333309146,0.006331968358698819,-0.026899049910469677,0.005737365661607575,0.011221353794761729,0.03028680612277172,sport
56,-0.05008081515404222,-0.10658401203849757,-0.0188833400419269,0.0010096897418425401,-0.06806502286884103,-0.041915236958968705,0.07127866461209564,-0.007375906127078789,0.014274377563617753,-0.02874851081643034,0.02764426543912242,-0.07336483791265001,-0.035231470040843815,-0.06309759547291723,-0.05956181726737634,0.009783229748113872,0.04305708795539495,0.1257619972917798,-0.10440808470585596,0.04016121704302849,0.032786094006941116,0.06938899420122116,0.01384916728315296,0.07841595427327033,0.002780252731405626,0.05215378430760274,0.0029271233652737668,-0.07284872195461496,-0.01051956449190688,0.02120123127580611,-0.05007982457330659,-0.021876485821873518,-0.020433012395635643,-0.0071887746401326155,-0.14200747946877423,-0.02363291343345057,0.08765502504467655,0.03588843563820799,0.1209741305514014,-0.0041172500669332405,-0.03095219348943417,0.08247551486062459,-0.017044725887178046,-0.07963754523751201,0.018627025181539934,0.04727475516341243,0.08353094309484212,-0.053885912867406446,-0.055019486441117794,-0.0673339862342635,-0.016928299137760706,0.07566204799659725,0.014406888084122818,-0.09222864289483701,0.005088322411118975,0.04761489792972793,0.17169158863104989,-0.038424834389049325,-0.05722514239021582,0.00614918550818127,0.12415332342667798,0.13176544672626683,0.24603846468877416,0.21479974693527887,0.15402552302880054,0.20035889679956514,-0.04842783853046966,-0.155064183628733,-0.1442376267093901,0.12370645731448669,0.29945019872688444,0.08889357897223873,0.10690828560291861,-0.1382143591369099,0.3320314583785125,0.030400944265366218,-0.06010010712899926,0.25305298205556725,-0.007781049825328746,-0.0334526674145585,0.04985613102228002,-0.06423604459791553,0.11350551990836578,0.15595203243111894,-0.1007229134976699,0.022931236156318653,0.1494954104008923,-0.04329106389841797,-0.16814167954019923,-0.10055024811138619,-0.05413177966489645,-0.044547572339963884,-0.02492631920589091,0.03254248844511386,-0.02113381138064428,0.1140953104489107,0.07248425113648513,-0.04438514094382772,0.03348009529030381,-0.010316008368108323,0.06082603389668808,-0.0397785729927816,0.03227480326931615,-0.017810640611862338,0.009457743616472619,0.02891103862429637,0.009593449625027884,-0.01883765880654044,-0.04614096761928554,-0.02533707862169342,0.02467904091993845,0.03022585865694248,0.016787708903200728,-0.04633239891686989,-0.009661956164764757,-0.008847665357104184,0.01147714384459365,0.030846329281509915,0.03172579731246323,0.03772257084138618,0.005756327916380382,-0.017791577244080283,0.022722349296231705,0.007483230948741083,0.01820418961519213,0.011778596174315259,0.003779728006675523,-0.0014118650990917517,0.015939133769762907,-0.0026760950304151377,0.022064123096878323,-0.009970777084310812,-0.012968176060269235,-0.010528491659240522,-0.024459638726455762,0.02104752832719602,0.02866378162978979,-0.0025741541331553044,sport
57,0.13350998991581411,-0.030318134437156537,-0.013277422578268043,-0.05652869131101829,-0.15536950904985403,0.04256607343393422,-0.02060757172932786,-0.06296895710479389,0.052103148574341486,-0.001364395277886638,-0.17070839541515878,0.09383851680650154,-0.13282083546290277,-0.050512897445204784,0.15330930846109597,-0.035294513682857444,-0.06602426664290864,0.07906756988242197,-0.023039057658399812,-0.0741743841761392,0.041827444367955165,-0.07549400118022793,0.050064075626713465,-0.02729384278679131,-0.04301229835652199,-0.0037729942321805842,-0.05111159275801594,-0.060208965891026034,-0.004787981535815834,-0.024791999975039704,-0.07485551350418515,0.04455593677529783,0.03210004144006959,5.173516893053603e-06,-0.03693955753549289,0.05192810354322759,-0.06714043282665055,-0.011874487363622692,0.12649161084536,-0.05857235487759546,0.04611870972549544,-0.2756139321509642,-0.09372572465866615,0.007496338613240583,-0.07984436860675281,0.010541365716133202,-0.05470241178012351,-0.05265875369683235,0.04757516783597981,-0.028769007776971462,-0.051366078975087784,0.04872624062435292,0.005354375441372684,0.05254759364387525,0.02102049347226782,0.00038402381094618357,-0.04281373604157772,0.09167299335546626,-0.02076523394402297,-0.05580527430029855,-0.02147140304318209,0.1443150527553877,-0.010037991471335883,0.06803810526357361,0.14848996883888058,-0.15549115164654007,-0.08027771316256628,0.016384469159427605,-0.010879849325699029,-0.08911718107044798,-0.130463734719424,0.03514162735283417,-0.003453240014367143,0.03754705489016699,0.08955011649552892,-0.05106502232306306,0.08951249557005672,-0.003522508298818376,0.007505809259233774,0.1415769398451235,0.1273348677672328,0.024447329554567673,-0.03536141536804389,0.11798028755397084,-0.2307039614288469,-0.016143880006160908,-0.046149061022133814,0.004741818924552092,-0.09415477074142493,-0.016498608925761635,0.19173433135362494,-0.1167788300877592,-0.14653786843128266,-0.00040813557561527393,-0.009909671936042917,-0.13246967538318818,-0.1957464008770725,0.1935347570505357,0.003957503018576167,-0.040919735803351925,0.07687894298479502,-0.17412314172798324,-0.17385335575055189,0.09696883669171773,-0.02744088151394836,-0.015179662988190424,-0.11649350810198766,0.17996823958315541,-0.0775396130922121,-0.0004556449220654977,0.05470227522528142,-0.0666617577633472,-0.047481788075600204,-0.11823012337626843,0.07651152523143995,0.047348722281066395,-0.011796373431443996,0.05430964564696335,-0.01544515286532489,0.03879591831405179,-0.002351326181492838,0.009240059847049197,0.04749431165984114,0.07141514931123875,0.01472562449759646,-0.07682184389652928,-0.010642049971937295,0.05368949270911767,0.05353622733205586,0.007878591510147961,-0.021386073944712855,-0.025028561918716816,-0.028159843581695827,-0.004444869363702561,0.040746632369877356,-0.045501559655543554,0.02284239631791071,-0.003989990140817996,sport
58,0.597681191662006,0.13343999030541887,0.04361514522674541,0.0756324648560912,0.47581810633673244,-0.2455513054372769,0.12658831199451315,0.1304174156833855,-0.009619892811492912,-0.013046222427796711,-0.08690458047170968,0.04067945499105348,-0.03606964599023578,-0.028816424648669858,-0.09356641917309742,0.0748138449092916,-0.005943650938670495,0.012925155008218104,0.05657750301896058,0.16388991341415138,0.005726593109246093,-0.006763263006248143,0.06483707966476417,0.0032561776181606245,-0.0071735358623082725,-0.005085073423406315,0.01777402536230368,0.013107430855498058,0.03385072771223236,-0.02853429827120941,-0.04860180577781829,0.04804502871453801,0.055964574237238704,0.06520188951121497,-0.0398361832859583,0.03981538184989996,-0.022457012620864338,-0.00765323976063536,0.028078496461037248,0.0012406597756667373,-0.027049052538263178,0.03928639782170141,0.05860026263010877,0.0032630719819770272,0.016103734127404824,0.017950291331979756,-0.03234895545895658,0.03305480497407124,0.013884069409193938,-0.008469317687896308,-0.028047324172971008,-0.01186629528511553,-0.024101943500877545,-0.028934146136132828,-0.019154899061948494,0.007723814696418407,0.006489300912367578,0.018745276848787597,-0.018152478477390908,-0.017735372491376997,-0.0002308692550229342,0.0027830284044701977,0.019386930853138244,0.005604735633327719,-0.02886017083783378,-0.03354439506542168,-0.010602734656889152,0.028434850790581844,0.008684879010372726,-0.049233470937634534,-0.04090267648782022,-0.007788696506041144,-0.00018040606581689705,-0.01994468932352827,0.006268331826634072,7.820171376370707e-05,-0.005532772168260029,0.029440295934633827,0.010276508037660637,0.006486356158551472,-0.012958191776353767,0.017456361876969168,0.018668584644587184,0.02264150640977242,-0.000246325858302658,0.0035564834519807268,0.01900990891597511,-0.01053126493460305,-0.028155377659951245,0.0029952524841759314,0.0018579442199130965,0.0026846798769645614,0.010519367739593142,-0.003558355895164561,-0.02101113527049895,0.008414856748433359,-0.021318888618381757,-0.026114193326306157,-0.027778717459085066,0.007225225093471536,0.0020135643234798226,0.014302769259738505,-0.04435665823650615,0.006039825399890252,-0.0015615893721497276,0.023922685056576694,0.016670413112028836,0.024846801405829844,-0.01751916126759935,-0.00044966302120775614,0.00741978416002347,-0.01712702526180187,-0.01143915399149093,0.03266818378526257,0.0012073021333082249,-0.010760656798460028,0.021125663366440808,0.009596253422762178,0.004278129115737934,-0.007009997646371647,-0.019683006119630996,-0.006903252991962987,0.011828513561697267,0.025165771613090644,-0.013871939710004918,-0.004807182540783068,-0.018064840238312712,0.0034513427713399247,0.004206514363810016,-0.01885820815057693,-0.00919876692129049,0.004988215379313566,0.005442794990719664,0.007260049459264183,0.011700324794719578,-0.022157536759524605,0.0024225013662626123,-0.014943208997116752,sport
59,0.6592583335390229,0.1575424516723978,0.04890305901234583,0.08350896088458698,0.4530302654738745,-0.2028034775167352,0.08375671248718965,0.0797598308366875,-0.013792611153088781,-0.016371580825271775,-0.0031421495351316923,-0.014204849905258917,0.0061962505697420135,-0.013336026696289756,-0.0001588288995601552,0.0033237782783430026,-0.004409274547919467,0.004634351368120126,-0.004763148159563936,-0.04556483883330393,0.006952093365323679,0.03667952422720074,-0.04666826473765314,0.04555282677068478,-0.011579113388662339,0.01743790789884251,0.013245109380927761,-0.016242464818764433,0.010638394313382246,0.0040076765948885516,-0.009232362621927207,-0.010408868308018572,-0.025448322257209794,-0.03979478110326878,0.015549490003985205,-0.021244621856542002,0.008863663369270526,-0.009266547590925813,-0.02956160702765937,0.012142309242923133,0.007221856494544614,0.015278251630767086,0.03673994244322124,0.002757014547034873,0.02687149532156477,-0.005116626823728843,-0.031104266755065803,0.0007033813251218832,-0.009244534045387953,-0.003922595610772247,-0.01785956525632461,0.0014198281940745294,-0.02207413669812165,0.006237783877130019,-0.009787288093348685,0.004477969129860555,-0.019172936680101404,-0.009025524253534969,0.004687204076936005,-0.038293452149935986,-0.0015164417488613506,-0.03075725013914546,0.011214318962327717,-0.017414755045673767,-0.01706976815344694,-0.013406991440152507,0.0010024723849291627,0.013976327474134567,0.005074948086995408,-0.03657008625620925,0.006504415303023347,-0.005948706419309258,0.02376975601202816,-0.01266549203449877,0.04380028936910914,-0.001210904529325418,-0.011931654480841035,0.024648913224012955,-0.028498780371309766,-0.00930957784841728,0.0237328696811448,-0.005234661332297235,0.012150950315899247,0.033481802350630765,0.00721166512187618,-0.021429720560244458,-0.009186529138539878,0.006816549697176727,-0.018497990552969364,-0.007002676659488513,0.0291620642298382,0.013010875569045831,-0.004216282682406574,0.0021766651568806443,-0.010665760283682005,-0.016039734743823458,-0.01362358098870974,0.004237722493502842,0.004513017154730499,0.0030129944190936137,-0.00011750058666205549,-0.007144497912941916,-0.02780707403126428,0.01021412319593346,-0.020421487929224734,0.0026621267966406227,0.022980920807491874,0.01721887970309492,0.010074360269688836,0.011576241981177172,0.014648497566200666,-0.028865523550443133,-0.02825852940143426,0.004340541343126253,-0.013946925428382119,-0.001885669275219474,0.002667521861529846,-0.024104262641059086,-0.013539542908755964,0.005775037049278044,0.013160779637594103,0.011206017558507596,-0.007665936633264262,0.002064553450235407,-0.03473326650291457,0.004637307470653889,-0.013347259104897398,-0.001122535904941363,-0.004584640120077122,-0.017240807769061398,-0.00896150387664545,0.025646665404272455,0.029303882187698613,0.002910270910925852,0.01951440832702436,-0.00870214882304305,-0.012104944668275391,-0.008573443341733909,sport
60,0.1490671237731671,-0.014860167876295198,-0.0025190205060530175,-0.037839950433120335,-0.04352694999468197,-0.020132167536270215,0.06397995619506452,0.03934970574045062,0.1297195578467201,0.023686471603011773,-0.29056136585753406,0.3647110820464291,-0.31038658322663726,-0.07532071923435107,0.4185383423272742,-0.08261454310550469,-0.0017139649184836777,0.11007201119367088,-0.04990066078451716,-0.10255897260362358,-0.019022398086268284,-0.07152050430705963,0.0181014614221791,-0.008113364094402815,0.012600277581289688,-0.008449888111564621,-0.016003967625026937,-0.056599754988923535,0.06491113526203626,0.01446182984478079,-0.10119096096823593,0.01495816264365423,-0.07290009522258947,-0.05241563236720676,0.05216231227045441,0.011088063910315488,0.04190654705415295,-0.01607864876066628,-0.05613645101776594,-0.031309858922425576,0.021687141182919135,-0.045443593138025554,0.036578254877780936,0.02248017048513083,0.07818314899695217,-0.062080070127661834,0.040521836460103315,-0.01368639048842699,-0.010955284266654776,-0.05485362326993141,-0.03980316953769178,0.12475584789754593,0.12013769585165035,0.02255588674896043,-0.02845625637530371,-0.035144146135942765,-0.010061679882612863,-0.03116850213691799,0.007584905879573334,-0.049249214534242476,0.0414130403636691,-0.04750282103192361,-0.042747837946720456,-0.02550045339943607,-0.006042793763658466,0.1194046532920151,0.06573547318925603,-0.021480994578752736,-0.000812198183805728,0.008496656468762466,0.028135822084000613,0.01950385250556483,-0.007081302417889896,0.03838331927031911,0.017899209064544,0.019440562565906247,0.0016032618615552173,0.004653582053665809,-0.0360479471400824,0.008291655101213224,0.0024657611424298534,0.0019296891343577101,-0.009393473333768226,-0.016814371382983036,0.04367936457119563,-0.021850125200277973,0.027990310934903482,-0.00707571348403937,0.022773589186168734,0.050267651576339924,-0.009808810434531771,0.031933521579246754,-0.014241298413463842,-0.003159939500183547,0.01639305412446395,0.03520112198115005,0.016276482158405128,-0.0026745775798572525,0.01572253717842873,0.014597122734063023,-0.017512834354209788,0.035788685992795645,0.001939989022683599,-0.05338255351866489,-0.02508147341487026,-0.012550620682266759,0.04961335930317948,-0.06774776364223718,0.06370564307172574,-0.026074117573556314,0.013414579662290045,0.022506579137678475,0.026616352565471412,-0.011336427910870832,-0.011419033707984095,0.020174408555588757,-0.05462143812296069,-0.05743657088635807,0.005979187381941443,-0.040342829583053574,0.05837811205062559,0.06597077607942992,-0.047503143622922794,-0.13002232819331094,0.030642316116897758,0.010430952921465956,0.03959124696113311,0.0267902611903319,0.002806414306166475,0.06957810185819334,0.047981792283051994,-0.052770025772381414,-0.026897865845489637,0.022056127928001445,-0.02326168880301089,0.07880906421716885,-0.057709997057687264,0.0198756064566335,sport
61,0.5728546963334712,0.13683302921592583,0.046184256228650626,0.06950560415194726,0.5492607756530916,-0.2874594330233137,0.1475018274630225,0.14021132538137593,0.004305166673991154,0.0032284545447633086,-0.09548618054750985,-0.02894872766199675,-0.03668123708762228,-0.0028517555075173655,-0.04211902159428021,0.05454546576829766,-0.011655193440609116,0.027211732552963473,0.015740960207500376,0.046988404993732275,-0.0014557317412210626,-0.026737398382480283,0.03871661392514178,-0.013422674812213983,-0.0028709820960067982,-0.0025624963502624823,-0.0019706004955329136,0.012739799188823,-0.007565420813134922,-0.028535397276856857,0.005904216360462003,-0.0033982166026657787,0.02707883360811982,0.03332851049221637,-0.028637325851678976,0.00045871151921094875,-0.006825183082968407,-0.008728641675216274,0.010717674375863897,-0.0023289401364700664,-0.007142748707616314,0.03488430434889457,0.037560658987361537,0.021550604564854272,0.04402232352530542,0.005865784662381469,-0.016090557538669607,0.012927231351504224,-0.006697696025302683,-0.028092126391801434,-0.02662695152851553,0.01866616336644254,0.00691667602068922,-0.002558349571004494,-0.003609698700966048,0.010113616597968103,0.0073058929095960335,-0.007974083302594968,-0.008400419315230266,-0.04709796743333823,0.01477049782506166,-0.009654926612606083,-0.0015963941048951172,-0.003934807430638206,0.004145900365977649,0.004081934542056483,0.0029201111551219105,0.016433309366046867,-0.003555289176442308,-0.036506162826365623,-0.011601244032804723,0.009671687447360078,0.0072479063864812785,0.0073144258810645965,0.007814340072813114,0.008056249049000114,0.007858497499985689,0.009673184319620219,0.0002859731633622749,0.007341265692624774,0.007480761688663008,-0.005693189241404939,0.010579128258937934,0.012251798652520293,-0.0024843788764866872,-0.001196582681474783,-0.0022700885100371705,-0.01567839053811729,-0.006771320107703313,0.019494684418224613,0.005783194590927997,-0.023171400478111902,-0.004573797587344021,0.004347343556871433,-0.012700613027878177,0.005024434068075548,-0.026196662364007677,-0.005745439906027435,-0.006856758237899759,-0.001746407598833517,0.0028075006967485244,0.011236252322143531,-0.033599096757410976,-0.0027864538037072847,-0.007309373241162043,0.013299003847413886,0.01998006550572333,0.009848452903322105,-0.009116619535886243,-0.009248740090429227,0.01596053806015074,-0.015285855108334225,-0.00045192620124154986,0.003416413592726541,-0.0023660371982462806,-0.0028059322594543574,-0.003657805415830394,-0.004516377466523292,0.001894027307242319,-0.00812833962214319,0.001048515308540774,0.006177132221033313,0.005219589205353261,-0.0010657747924737641,-0.00573725839282381,0.007015143414638529,-0.0040159416173456974,0.0022820050945900807,-0.001981473251420294,0.004618391631203086,0.007382645414189254,0.008253051214437972,-0.0006691267833154634,0.0014545248700698638,0.013007605193626157,-0.003138957162946065,-0.0038270493319138184,-0.012463200947683913,sport
62,0.35350677947000786,0.0397482259155417,0.015982589264815304,-0.006526915459844791,-0.1215294537345622,0.06430220017402628,-0.010980236870187262,-0.05796271814787411,0.0779562184059845,0.017979695338961318,-0.16897627561300502,0.0563190032880669,-0.14191353389248293,0.03765709512938984,0.17889959945164519,-0.03494097769092353,-0.005401539028200786,0.07081247000568663,-0.059501381737232406,-0.16271405154061983,-0.0347705172973809,-0.18004534404070893,0.049884914628918364,-0.1733524526272472,-0.00826261861773945,-0.04471399278689759,-0.07130335891418138,0.07577441852418611,-0.22085621014073747,-0.0709669385757897,0.3588176421807177,-0.1574207940840352,0.08855702123442204,0.09343975436588633,-0.12310005007185282,-0.048850718569509226,-0.04469203891530462,0.010531919220143996,0.12158302736084566,-0.01897451522677396,0.011751142242868917,0.05254830196466323,-0.13350583957498155,-0.036766056836041124,-0.0798245255651453,0.03538107622780793,-0.10291337916347627,0.03303187703432605,0.02973325603526846,0.0012923362576841464,-0.0714563368673497,-0.026496164793272707,-0.021467612775135095,-0.007735775138420921,-0.04502770953090231,-0.02078890140567943,-0.00975943523172214,-0.0048063820024722165,0.0072933186005737175,0.02845295658062726,0.026839557067419906,-0.04808758801839808,0.0019151925712267183,-0.05599070239251664,-0.07053651858215565,0.027459329403692948,0.0470480131800655,0.010801100035880922,0.03768183487831961,-0.017991550432596596,0.06666146953907923,-0.01809374261379921,0.05153661842165606,-0.09273381810547317,0.027646753930115203,-0.028557039239126326,-0.07717217575271314,0.02984874438171245,-0.02518774653653873,-0.03462694031218547,0.02842949857037971,-0.023167852312132222,0.008140840990090228,-0.018760543472234627,0.033990823919915425,0.0589772261217881,-0.028670167526258082,0.010531460190374065,0.029725598952504317,-0.029486588789117214,0.03286264023286342,0.03970236602368765,0.021510549926130752,0.05881092288977676,-0.02349620147106012,-0.02047145761435838,0.018807089557505617,0.015005248991472332,0.04097265030567358,0.030671550046401843,-0.04317259193646082,0.004215035852942946,0.042180712070950775,-0.020488718281186417,-0.010592201507212413,0.037723000580983525,0.0763881286698652,-0.0266664256041545,0.11387090623165991,0.05786816230769787,-0.012651076020281477,0.00407229976754166,-0.04715433771212055,-0.050343883024820076,-0.06525317905785574,-0.025016329464721064,0.017459490928637657,-0.07430679953168405,0.03217781202059952,0.03255344479517558,0.0062751437003952795,0.015505517694714904,-0.027130872624999504,0.02090614282897143,0.010520605715281961,-0.0067922184763399675,-0.014718395769944695,-0.01843052343586475,0.0035858009685699045,-0.03423237834794819,-0.033301668477557944,0.03875562287344969,0.059794101379270534,0.05014649496763802,0.011139152198916194,-0.023505350711609356,-0.002392078892389145,0.009280026291190088,sport
63,0.21776022376040946,0.004422166685719064,-0.0021068235726329153,-0.031970190387401946,-0.06689841089066294,0.02529483499695102,0.021762300476585828,-0.05004075791374754,0.08285175133608857,0.02718772936986946,-0.1914446067149636,-0.09592769706363063,-0.03495404679007675,0.04540994693552817,-0.03970796414313118,0.017042148397684927,0.02651309425132898,0.02958770193638865,-0.025808737029323747,-0.024008795575021523,-0.03139062979673394,-0.09529004308999234,0.02729399986029973,-0.07211080522664366,0.006857481906295171,0.006326913261552524,-0.012947112574279603,0.029834473565030648,-0.06738112615118157,0.008379859025811722,0.09766714209872254,-0.03436686578464453,-0.08147244889141915,-0.059289074005159564,0.05034117286662423,-0.05689201581157753,-0.039946984457580575,-0.030633169901221672,-0.051484893838864454,0.07088696313676902,-0.007961649709175617,0.029602819072191332,0.02568729667565548,0.03638738704446845,0.06843941956844682,-0.05004349588692671,0.10798073275819078,0.06375499547783349,0.029437494555785138,0.12814867648479555,0.17553453813570255,-0.1480427283883831,-0.11497894572754,-0.015358663954908033,0.14798365535333655,0.065545454074411,0.02523470953501282,-0.035272164883169914,-0.029699964247354316,0.02617213480115181,-0.11911012431006014,0.17233491973874202,0.10644163588046761,0.09130727350321075,0.16980322813017362,-0.10787702048637639,-0.11484237870128829,0.0074205457910535245,-0.08243571156418329,0.10562992803257895,-0.09119488602431895,0.09517636032242068,-0.1304970156645514,0.05886426713470033,-0.07649466823699318,0.019460625338087505,0.13626833720256917,0.002725735652664423,0.1273755229377364,0.12421218084991849,-0.1612222707124959,0.03741107659686097,-0.02097808269608417,-0.10259593246113445,-0.13517702358245778,0.23044228520338783,0.1747194667989882,-0.10710653828832283,-0.012508845108428202,0.12177456856884046,-0.06149942388212721,-0.018999255985682563,-0.017690860963183522,0.23545894712363133,0.030567280050067334,0.14954626610084384,0.03817320412072496,0.11002923639531031,0.05943641551502776,0.13883913309158433,-0.1671244552088326,0.06518678910138323,-0.045133231040232355,-0.1395928239803391,-0.11882027224541539,-0.022745355625330498,0.021324665809775788,0.012893784551827457,0.08268107472793741,0.035930384457481646,0.021704100599562508,0.04567250872720526,-0.03530015485293132,0.010534064538799109,-0.008416071800635538,-0.001097705342697644,-0.013690266091263368,-0.006345508676009065,0.03178966068580554,-0.004956342098453959,0.07958876144932836,0.1035505599671891,-0.06792718576948936,-0.06571702089838868,-0.02692924084177974,-0.039141303365309625,-0.007962904458492254,0.00975358848226027,-0.028177696657751994,-0.016593147461620952,0.005872457722083991,0.0016200286562586823,0.015239415379654755,0.023620080172015216,0.04123637538239769,-0.045072131980194344,0.018428130789753357,-0.012946732452498527,sport
64,0.37909021185009867,0.0012910370422666605,-0.000924650297745132,0.047721692897733835,-0.10039718353933211,0.06794991972588053,-0.040496197920171596,-0.03494883311407331,-0.00868550209252276,-0.008123669965864269,-0.01810015088055168,-0.04738893477324799,-0.01860432072696874,0.05091470319048728,0.06621486033619133,0.029915760543647998,0.03588387805757755,0.007578317752878101,-0.046725731843600835,-0.07865738252681403,-0.013816188873827533,-0.14114506994795262,0.06717803695089686,-0.12487347707399145,0.03356473231073421,-0.05675051461231671,-0.07246211431286903,0.09845534287914547,-0.1310391539132924,-0.034552958379105755,0.21410875901653098,-0.11480787152046773,-0.02431039007997953,-0.025903710641309002,-0.03911940853609115,-0.09494184482043712,0.002298332343363438,0.023263918036264642,-0.10238432181455745,-0.037761042836298844,0.004503497747757527,0.08469244097978271,0.082192111483439,0.025506003325072177,0.08501862644872107,-0.01768090731676397,0.050200036131459465,-0.05304190752089382,-0.01218878379739166,-0.10755847925632508,-0.07131368804431726,0.16224020870091793,0.21620922666951745,0.02192269170727177,-0.0998846995925481,-0.07195449463499726,-0.09255580698295145,0.018208761585198994,0.00818695207451279,0.08482441961893725,0.0492953786037687,0.024444374383464144,-0.11814558329268916,0.04279222309072709,0.06689100112950987,0.11913014036184338,0.027858759906812722,-0.043485582284139276,0.04301283140352326,0.13642594032486793,-0.00035962640690686995,0.0005387588517465264,-0.06891841889444153,0.10564675669299464,-0.04418615077699398,0.04044675943150232,-0.016471786110373306,-0.05088646366034299,-0.029890157434155254,0.008766431971873503,0.007262633566360351,0.01794802898782082,-0.04687218273504232,-0.047674762137473056,0.0067727293267670005,0.006205053025724022,0.013858071115333446,0.07817580908729627,-0.04114418562095476,0.007082910335798917,0.05363891897891146,-0.035674621907339464,0.012744941899435654,-0.08146209809368579,0.05804421010877668,-0.03958325065358688,0.07272971003107127,0.07759303918898378,0.04056806239093876,-0.05361713092356764,0.037132322449627976,-0.06204961403300151,0.03896840755949996,0.009722969654193038,0.017327590520562687,0.00717789256104759,-0.06232488030179411,-0.031771071007955246,0.02201360617252866,0.1005136841910787,-0.0027843204940098095,0.1240598268082381,0.12553562908009214,-0.06352414981445671,0.07256326044343188,0.07707201471620605,-0.020734453117654136,0.027758239542310555,0.012124015821335111,-0.010483794944135861,0.06564938256996036,0.016422004776493408,-0.034294302488919265,-0.04470393845607832,0.01576082198519714,0.001407615063476525,0.03047529936850423,-0.011755778176290038,-0.021209642476199962,0.13558410954398226,0.010942977036455744,-0.1022017255974095,-0.072852321660515,-0.02608350126087322,-0.13079131905889746,-0.03408115198948393,0.12231387516420392,0.08211345909760003,sport
65,0.28216402163312587,-0.000995731458370271,-0.008517114177508575,-0.02296324287278284,-0.1139027975108174,0.02385065726079388,-0.01094246494246906,-0.011763095253794504,0.01867694474655533,0.013708796673871272,-0.10179657618786037,-0.17948817127824715,-0.019142100435608652,0.04135776460290773,-0.09234760201427865,0.06917769169552809,-0.011801991861837901,0.07456889614242435,0.041657661172221375,0.11902791826777674,0.009233851325310767,-0.17055037139299706,0.14395996951127218,-0.12574253610901115,0.021963669952542526,-0.06510016945071592,-0.05549984261281866,-0.03465357861499738,0.031751781359005124,0.027282172645473397,-0.035435775848356235,0.02293592707099298,-0.04305582947658049,-0.07076884115383704,0.05904125163254804,0.014095447738177252,0.06067256956475709,0.008799175752496464,-0.06719960962161309,0.05242512350207815,-0.010501345564846207,-0.13122367613941222,-0.06991927057328168,0.009992965983727795,0.007091367489007834,-0.04359994569806104,0.11406665599120559,-0.05641430293443245,-0.057516902404875524,0.003775696831300162,0.16369612258189187,-0.000558101493056855,0.01531266331631894,0.07858627677284132,0.059504307591678345,0.021430661621360137,0.024488728100203642,-0.032749545410408504,0.012439246924978558,0.07902192867790118,-0.04248464832433402,0.07531813864385789,-0.06253147608005749,0.003566201571713365,0.13579050102232001,0.051551256177427555,-0.01893775964649685,-0.012225403361833512,-0.0888136662138364,0.1490041654634848,0.14377371220736485,0.01919945196417011,0.07700928150164127,0.012287866561996838,-0.07273717336212564,-0.0025674079380612913,0.06004496508514668,-0.06079425358804419,0.041590756453978174,-0.12828985884907163,0.008885470048081653,-0.075516135679958,-0.06402222077081204,-0.006680251605221652,0.11521521672397791,0.016108811152055875,-0.11452421531693258,-0.060736148560084795,-0.02928180576401951,-0.013351286445995295,0.04527705565915771,-0.19725887218424856,0.09633542797264634,-0.211314966444118,-0.014680942293992418,-0.06994960593326179,-0.13278495545991703,-0.042181823973591374,-0.09671687638873702,-0.05268577920629209,0.03570649000175257,0.12209845447351697,-0.11186330024409762,0.0300057783005887,-0.046933043330516386,-0.017936765756071827,0.25728648618534056,0.05020495834956539,-0.03732636834665353,-0.03169818845843534,0.04514481307183247,-0.14586660930456535,0.012665509697667016,-0.07501748959826628,-0.03293483470721405,-0.01810978050022609,-0.04546796267986808,-0.12167925375633981,0.011850419643172714,-0.02397977435766153,0.02034712219364943,0.04477930808207279,0.074974233517594,-0.033534599372824235,-0.08902031197162298,0.1370046413701221,0.016676378479826795,-0.06863284237845668,-0.07939709854563906,0.06256333312986914,-0.02458879218831597,0.049785262578909854,0.06656040487501501,-0.05233023512848504,-0.00882442103412233,-0.03742618099409563,-0.02914258860816135,0.0031621762032553627,sport
66,-0.04326532449756608,-0.13941267015750058,-0.05221085866100711,0.04348428421085577,0.034250386233162705,-0.004182843677854468,0.062415304769024176,0.04858362095266898,0.14074374408349805,-0.044191025170740146,0.11149092999384835,-0.04915657545218321,-0.1795932945740988,-0.11137286481315294,0.03311024364627138,0.010115333806215593,0.04117915036822538,-0.07357969440191377,0.05058949265502159,-0.055840953664829426,0.006703428175094267,-0.029746452872723175,0.012172559462947966,-0.010835174839559815,-0.005151666274737366,0.0650835117292324,-0.0068495862122886905,0.0004277419468025618,0.021722338653824485,-0.0695288570791424,0.10042893690320343,0.05985083869028127,-0.039325770102504466,-0.05610494739077656,0.14426693406509855,0.020735753601029076,-0.021291580582373584,0.120218357127179,0.06802033069774086,-0.21536767313869912,0.18090936494412138,0.04435992499329208,0.10665915969955032,0.20752974721055384,0.000544443248848168,-0.049391595972884506,0.011006686207723023,-0.06784000185216313,-0.03189759755657016,-0.06706492371875883,0.1447733522097775,-0.06365289277471278,-0.0268099878842054,-0.011541049173019775,-0.11597302600269697,-0.053517731708442845,-0.09436155388375339,0.07394067957208716,-0.08961069278437821,0.07310008276108844,-0.1762264771076967,0.12001426557589591,0.02445261700125327,0.04130506916060434,0.12819728200080283,0.12144745411841436,0.06129973631541042,-0.07251781661899648,-0.1535256137780857,-0.07950511576175771,0.004075064070609272,-0.09884876964587584,0.06759513022434657,-0.09039563946012662,0.06928852210023997,-0.2657493588926331,-0.049111599067507596,-0.13357284897898078,-0.08057299240851566,-0.18387196999162217,-0.06526474912590403,0.1463688198000712,-0.10725614487861017,0.020369238436065973,-0.015600457253516269,-0.04954368788780204,-0.04717238491025006,-0.13849834679268896,-0.01573478191048508,0.059434744848660195,0.01555541041096292,0.19820134314553375,-0.007663815376533051,0.060736869107996985,0.09930682854612327,-0.02264549311681751,-0.047044694832264956,-0.11525021725676048,-0.04844902389953953,-0.04052268982731333,0.020228752406667543,-0.005660232603217907,0.010496937914123951,0.09557724323690028,-0.011634781840353313,-0.12279556112696371,0.029567252692412362,-0.026949186114804364,0.13655667536991323,-0.028977313292943112,0.08606826708016396,0.06412508384637663,0.05045019808340244,0.0076133502927087015,0.014857132732105068,0.07824655620099483,0.001898906493704422,0.1390154106161287,-0.030066938895304894,0.019075094489007398,0.007414897765087307,-0.00462694557821389,-0.025646517324982646,0.01146577567325862,0.01608096346011441,-0.09478354292023344,0.01052608348008748,-0.03816719376587499,-0.03209981373191153,-0.08577494825469306,-0.004679048477178565,-0.028910396192715716,0.028200991179853686,-0.08437325958221367,0.0591425308691351,-0.017879300483829238,-0.08760297909105964,-0.06112321330711072,sport
67,0.2332196188362757,0.015956582031507786,0.0021940319439101123,-0.05695191277075427,-0.09243456228333738,0.037769900083342745,-0.009575227662654232,-0.037058400636236055,0.06424633365225609,0.008745122206141303,-0.16510610951835353,-0.10161176073737457,-0.04303894155612245,0.019997061693755477,0.014238982521672593,-0.005501804849135758,0.029800358941449466,0.050033695578385606,-0.03357849685574836,-0.04778268850292486,-0.03437816821719349,-0.15391251927312438,0.1723117125236111,-0.1498125509655011,0.02864473509146093,0.013033434139103397,-0.07138130877175809,0.05632933367085542,-0.10141130108656764,0.03521423971294099,0.18112229728259926,-0.05263330272118006,-0.10497070989640009,-0.06303682311031732,0.11918150616637045,-0.12219306867036263,0.046409750532803,-0.02980321721707978,-0.24879898001910675,0.04534555992156991,0.023199087807521206,0.047632692011552284,0.01788020047850918,-0.010711703097217896,0.15464875306009568,-0.11962309557267332,0.034360014297913,0.004722762068913352,-0.01127033183545202,0.07854686383264921,0.02073728234489495,0.010234282262745581,0.08947218344978232,-0.00046417139301952576,-0.013940149236173817,0.03617368740158914,-0.0020316053827463716,0.01855076267738622,0.024098263536535595,0.207736998001993,0.11704253861696957,0.09865471335920115,-0.04915960063299589,0.011737336808492899,0.042748934148642795,0.07177824619818532,-0.01722454476258776,-0.04648512236804826,0.022218064274479143,0.18083518343636035,0.027244391533561806,0.018177379416036442,-0.010144051512285713,0.08629780247313866,-0.09194135633850928,-0.005138145541032491,-0.08281541521090294,0.009017059247301677,0.049583484497728814,0.04482968363156433,0.029873501797071905,0.027392910156922808,0.025873781450513878,-0.030259124376964028,-0.06608069231912055,-0.04729750446769486,0.06397980205507453,0.0861654920279509,-0.0702456169410405,0.06329017785425964,0.08136812851948165,0.14206285717122882,0.03793332840735643,-0.06592998150005376,0.10280406535872716,-0.0395750521750069,0.06213412009948369,0.017204474447688085,-0.06497420238307149,-0.0014417871486591331,0.02486658708579551,-0.027973510845042585,0.08398273055633847,-0.009983201011898833,0.1470148187938861,-0.05694304428955548,-0.1418529760920493,0.05249733685015104,-0.2025931775244589,-0.10862835380353439,-0.045035571068802224,-0.09226674707969411,-0.08203123718908732,0.10705046414673702,-0.01901100171587716,-0.06692545965951331,0.08194089698928893,0.08019327673224322,-0.03222167408119711,0.021531240649673218,-0.10575539531699293,-0.12928420526466042,0.0904199007438845,0.1311496113375178,0.001769199096109987,-0.019875028300212965,-0.055630371123965586,0.06309475806693918,0.06431095836491661,-0.13207422606581262,-0.0064473249008362675,0.06706076735691475,0.000913688363910544,-0.036450070351188205,0.06716313835162485,0.0634845508740757,-0.08037637726944544,-0.021461311000947562,sport
68,0.006144639346304636,-0.09064053986182666,-0.023673969195110504,0.014163658916938401,-0.0966638735107612,-0.010017569913977304,0.038552880117613944,0.018391603312906853,0.006365307132835036,-0.014709381507673853,-0.033173949900059764,-0.031698844351584834,-0.0027743122298759726,-0.045132982663083916,-0.06040335816685911,0.00872482646037055,-0.022655036464387615,0.06620601379793571,-0.07464645026256937,0.09352825984626305,0.038122714313666775,-0.011530030507599516,0.09470929593413462,-0.03844114003606028,0.020235216927684867,0.027202398141345667,-0.06363993576256896,-0.09322618026534363,0.06697186808504511,0.09239955773624205,-0.08339812025906669,-0.11493823698858528,-0.08381963741917804,-0.06481630022387283,0.059537502919670346,-0.11375623572926116,0.19865898414999775,0.052479378214659284,-0.09497700336358539,-0.06552645856876073,0.10927380803155799,0.21766796501593524,0.14368506141623655,-0.2098293607697151,-0.13835314313531444,0.31229157914537864,-0.18834777817123413,-0.08852398009808575,-0.13899976967854744,-0.011226910589075115,-0.10459157776350546,-0.04101249836537223,-0.09270903124458055,0.06195373562163261,-0.08054613282807693,-0.02139794136744968,-0.14994191416462968,0.06972838054179072,-0.037984789186915786,-0.09354563169049884,-0.14181884974537823,0.03019235749577393,-0.0639509915695838,-0.0849974938442094,0.03872599439283714,-0.03326225862745786,0.08146632288444708,0.02651711126604089,-0.003313396147565495,0.11841580299637229,-0.06493798707445304,-0.007888079411117419,-0.07848930065466803,-0.08306491646181081,-0.04056665100904956,-0.07036972467141586,-0.021874349947691378,0.048289621298565184,0.014139130088422115,0.10258641668504762,-0.12534655558632185,-0.0005230366845415794,-0.02398521621200857,0.007448899509852535,-0.054557305841868645,0.04030497571016206,0.09177774034886306,-0.0005544586694048247,0.061616569100198165,-0.01777142789852431,0.05277717913422888,-0.008496643967740244,0.04608901964471329,0.10413958405722924,-0.0604492763970679,-0.03552535080738003,-0.1597018727970951,0.046890218064307564,0.062282093980416744,0.06651091855811982,0.08497406588275364,-0.07490922400794374,0.09279249952748982,0.07738964634696227,0.19137617089722614,0.09569042743659918,0.10974371094930971,0.003329532225801666,-0.07419295283478844,-0.23107992073916778,0.002939235859230737,0.09443736714730495,0.014561428866461576,-0.11943977021985709,-0.0646430128633673,-0.009351847670117649,0.1156024317576322,-0.09456898300346496,0.017164941021449723,-0.046170662234482525,0.014403127715486463,0.01847893709664728,0.03122810394053808,-0.07650273765237496,0.028254401756879308,0.025723076080228724,0.06302561478459964,-0.045734936665243656,-0.03556582116575934,0.03147753878339274,0.0682945024457366,0.006273391168393504,-0.0004009037051045731,-0.006642814384499897,0.020970455533375468,0.02020019193052526,0.0029781924029570195,0.005889071224861476,sport
69,-0.08325302044582976,-0.12359225892879869,-0.03015197372476492,-0.04190615919490547,-0.037514746347744723,-0.17405723299728032,0.12624598579181984,-0.2269215283011911,-0.0967602158614588,-0.00931671707108885,0.06888246297058565,0.006232559315344919,-0.02674564563998632,-0.02673132271707347,-0.002252621257445967,0.012169956287161858,0.00012973278290247258,0.01735162170701521,-0.04380416533225842,0.008839327421140094,0.14812626134941503,0.01115925214610168,-0.017413307977929546,-0.025621810219288752,-0.11827687419725598,0.13615222262975835,0.027281757079574538,-0.018338127484737066,-0.04812466420104602,0.06657557727009032,0.04866271362557447,0.01864736515281179,0.019451720707779598,-0.02976983128781557,0.03146190835748108,-0.04257936854732631,-0.08184352073845785,-0.10145324671082888,0.016956225357344604,-0.05599669782537035,0.06354146104938117,-0.1655145396353405,0.1749995135615558,-0.045508451980646916,-0.011163432933115796,0.1213781235471901,-0.020567086176372165,0.17216097113399437,0.08494117435324475,0.21165735544451,-0.030998651049355442,-0.01767862076681441,-0.037293182636866554,0.004985250560915976,-0.11050687165273813,-0.1637179428610382,0.019367112309303422,-0.10509421452744949,-0.006397792977741787,0.04431066364827006,0.03431535273552785,0.039985208379073156,-0.07616394187254678,0.007912823429002232,-0.06581666998992552,0.09295313822978735,-0.1576493788531527,0.1544724475746071,-0.002615921586911437,-0.00932431781348426,0.07232159712698664,-0.011793948179088465,-0.010617130015991967,0.09696177383841191,-0.11152844553841564,0.03854892195326229,-0.08654536488860316,0.018391748361085623,0.042075963004288196,-0.05893323609143579,0.09397791978006846,-0.025903602788222343,-0.01730963142382252,0.17440233086155374,0.10777030439220601,0.040456766104995136,-0.05244931977486089,-0.09431633617531296,-0.12082208970610037,0.021061974975112408,-0.035107305181666805,-0.11415324049969429,-0.2143714523244779,-0.09469070986194474,0.035375965920604484,0.03612867495735086,-0.005504223950862374,0.06469558907706238,0.03236554302720658,-0.04476403284054969,-0.045305873545563806,0.19986175353560373,0.06365560019514879,0.041919138815199444,-0.002972043102124821,-0.0017702090815253713,-0.026023608733243275,-0.02674041336464828,-0.015344755406725067,-0.043372390231321396,0.028430806844727072,0.19465626390664278,-0.0736408677071811,-0.08303291617815318,-0.005733889682407457,0.07587878012699742,0.09361839027131698,0.0105708778024799,0.03991560062957702,-0.10633246844328945,0.09032904162440131,-0.10140277486414087,-0.07742788148988652,-0.020208534037427537,0.08500639997241555,-0.1142350366744214,0.001168484771349839,0.03698569420875412,-0.006999473238516725,-0.009084550309600004,0.08523018082514495,0.06381016536575965,0.05375806983841087,-0.04062652771864147,-0.021354932216201838,-0.005564342362384398,0.037180285323763516,-0.011984416545642319,sport
70,-0.045393243854623955,-0.1706154890174873,-0.04735976426359684,-0.004984176921151537,-0.08794228202782924,-0.2685392340486733,0.37074283402691244,-0.35238037131041916,-0.18849889391584754,0.10497253816891042,0.16096129346121507,0.007302115935344227,0.0029458213475145587,0.1587272569339982,0.12029829908773013,0.0009177708042150326,0.00941852482407864,-0.01098668125847256,0.08663431535054075,0.02464696357511715,-0.06258314919045246,-0.053356513842959606,-0.003561561928437304,-0.04651298082016417,0.01996809662266338,-0.06837611406808931,0.00252810530075549,0.03546859119910301,0.0189445418794809,-0.03457761027233301,0.021939874116695224,0.047093759384779076,0.01642809907742932,-0.014793362802233919,0.059645201784810045,0.034287394591803855,-0.036244562573004624,0.02294863642395261,-0.057336739456113874,0.03265621216125721,-0.016404627631320244,0.03968525124739788,-0.04484428123139718,-0.02273169213967054,-0.013968918277805352,-0.00010084451550755002,0.023641131622704932,-0.04931473550959905,-0.04626378831097058,-0.030241044414999783,0.0021225089022674864,-0.005285432771052383,0.029118357329811186,-0.0659438067096143,-0.012352558820683514,0.006618425663631895,-0.04059594473286658,0.05402425686270136,-0.04311889459016331,-0.004902094610404937,-0.013230903942895358,-0.013244564907751125,0.036104437897233096,0.001155913793344999,0.047318838544249814,-0.019380915376804603,0.06794044170376662,-0.016673536153337273,0.057218943116245695,-0.011120544332920682,0.03435555340835176,0.011958770533851184,-0.008356182009017074,0.00030746825809948707,-0.027206562300867255,-0.035535544394405864,0.017900931617381377,-0.006572665407093043,-0.03456017001989163,-0.01771086795155753,0.006935710790601689,-0.004491549715167837,0.007636343104036721,0.014204989839235708,-0.005988711488804108,-0.015680899521168586,0.025215881206584658,0.0003651299525667651,0.014713685805365292,0.040112274405568235,-0.030187110965794444,0.0030882720081215663,0.020791466945729385,0.002570527332497481,0.011037374338389824,-0.0017406673902803167,-0.047456402623878055,-0.03094491230715339,0.033735968017902566,0.002066435904087871,0.00667756543105753,-0.0019820557792150344,-0.018252281726493475,0.03690691841549214,0.00235055176175984,0.043607070389554116,0.022357965799411145,-0.025455945134451628,0.016074637402014667,-0.015017946541150046,-0.056080042662042584,-0.026138954264765583,0.038255097397745144,0.003318273518231598,0.04909988139835222,0.04595088618783327,-0.009183308430144822,0.047000773076035,0.0172905131787045,0.03870710060539607,-0.054746287242379385,0.06606380392123043,-0.011025813996687762,-0.05724840863677159,-0.09808460774544893,-0.03844473837364377,-0.0655622206977643,-0.08040082912567319,0.010473681179364081,-0.021174604967402026,-0.10885369040489846,0.15925160591398657,-0.08895709252913106,-0.10990758175444605,0.0505025037416483,0.025469138781551017,0.31177096109596303,0.06121664756736883,sport
71,-0.008343490702049256,-0.14162349851285108,-0.061465470225132116,0.003701323198364833,-0.24353481233883126,-0.07083232879634567,0.2909855882415699,0.557544654176153,-0.12246225520640452,-0.018449928751557376,0.07192806704784918,-0.07801372371546864,0.03429552476078813,0.008461966654636834,0.07774891643008341,0.11059595691702408,0.1636814377608425,-0.1858990494746434,-0.08775643055607499,-0.12412439310613713,-0.01556147958967703,-0.02966826245895104,-0.008762327815689079,-0.0215896275105978,0.031301808707272144,0.009332957741332044,0.00022216524103376052,-0.008834157129215574,-0.039880164780567814,-0.00787475113422321,-0.014640136380904339,0.03173853650483413,0.038327924311966306,0.005011600983954645,0.0024283038350451187,0.028202668618979566,-0.03309074366398155,-0.0039309481655849495,-0.04378443683018612,-0.004626116205493985,-0.005977504972387575,-0.036105092160163624,-0.017744871564683323,0.019732753509818655,0.02578880995999474,-0.048203041807006686,-0.02066323451473195,-0.001317520946022601,-0.01130737900918974,0.05663753790595897,-0.007780739058066381,-0.017615301381331116,0.014153442317425092,-0.020429967810293187,0.021716951854427388,-0.021484337458153056,-0.025186193435254994,-0.006555765862387657,0.004129492940577039,-0.010467015463274236,0.016828148909913368,-0.006377490914045743,-0.01522717471854367,-0.005448310628884936,0.01972262467269869,-0.0005095111918200021,0.003757322878963055,-0.0019063982284857894,0.029371240644268312,0.045037147741233324,0.006609795781102013,-0.011008264103056317,0.00768351203773069,0.013040511865172511,-0.016844733237762,0.035805901417285346,-0.009799993552332369,0.02292756679719907,0.022915759711746506,-0.01891307300769392,-0.03650053250049259,-0.006172483651119988,0.008801843764446489,0.01729735432027823,-0.02980797861861665,-0.003622827851706798,0.002584740853191325,0.042699563859902166,-0.01853534023584629,-0.015973804594103535,-0.03258882958295184,-0.04644134520502289,-0.035441203455404004,-0.012627656989273919,-0.02945885738208945,-0.06312691821688021,0.05501721433086459,0.08305329126560049,-0.013256945988630428,0.018325404684470237,-0.017526004247832915,-0.058783140204589995,-0.11259583180734567,0.06140607645181801,0.02505494857806625,0.13459435416593665,0.0016832398050541596,-0.004492720174466217,0.18645172135708213,-0.04229022423205402,0.0706190373070951,0.10244688496142208,0.011843913510545504,0.1358206108637656,-0.0628377232029212,-0.06987652411602936,-0.013470077388288034,-0.02848755745434037,-0.0036364462785565565,0.04587727790801563,-0.006361579630327039,-0.04435007238585007,0.045843586129960916,0.003475686215845954,0.025189134352315894,0.03433161553005848,0.033012405400611324,-0.024292050506181623,0.0019303750389553455,-0.0023020287008953554,0.034987333866645494,0.02703601608019407,0.02180713628707741,-0.017912857649228085,0.004986651497152497,0.06405297211350205,-0.007324651613620213,-0.0423501731368686,sport
72,0.5987910130906804,0.1415271587536888,0.047263304274107035,0.07139470899230564,0.49100047134092206,-0.2524634821607833,0.1293299463822341,0.13072383963639392,-0.0025929385096245083,-0.009706694869542731,-0.09046286187498848,-0.034847918442629765,-0.030696280597711983,-0.004979622876040291,-0.048081120980551686,0.05570002417183458,-0.0033228528090842916,0.019810980871437747,0.01462674461882141,0.045705350178054466,-0.0006599305788289741,-0.05357435521989473,0.06548238231099218,-0.03953412686020821,-0.00022527552732719183,-0.009623727304837093,-0.009591389714508524,0.033966392922605095,-0.029199698046846554,-0.030194730466895317,0.04979259448587314,-0.0029601881449360275,0.0384284980479699,0.03960920317103864,-0.0325433007517121,-0.0026488630946305126,-0.02101936570804441,-0.017322147560319957,0.005302696765064454,-0.007094930982144253,-0.012710641165714819,0.04613096319360286,0.059812660520318695,0.012796569020636077,0.059898089353605986,-0.012652456160097462,-0.024339409783457562,0.022764546945612474,0.013272226427043425,-0.02276726230476506,-0.049737420176386334,0.03814111667563418,0.02781459955569167,-0.006575799373962526,-0.038372397288683906,-0.0002602815853285327,-0.015316296246891152,0.015497422582417545,-0.0175107762736764,-0.0028839631222881525,0.025617893416078237,0.014072377032908596,-0.011666528127860065,-0.005063287704241677,0.0010944147823163009,0.0257158168996282,0.01372780089062929,0.006022581821498895,0.024516335567334624,-0.012771226929004122,-0.024485175475610257,-0.002578877486619796,-0.004319821942511182,0.005053321863518238,0.01948263870006407,0.0028891093688190924,-0.005213125772142863,0.014096111866659338,-0.012846676002020763,0.022508796872041402,0.006758851029971854,0.016193549875061133,0.009485542743822286,0.01207884356382724,-0.022061896790387548,-0.005881804952056612,0.023387996847869776,0.010947178049532671,-0.03158642110003615,0.03289726746582388,0.03148377343559871,0.012613147789820917,-0.009918722877210783,-0.006039753313413602,0.004973520032232534,0.006111004738919424,-0.014432546019002079,0.0057522197600437955,-0.009303867636153743,0.00804557990040343,-0.0021192924245475087,-0.001162806879382293,-0.01704667953358832,-0.01743882880978603,0.001337498623668756,0.0035426810002575563,-0.0018117956351943855,0.012233438472797486,-0.01473937488078795,-0.0034039163867315247,0.004768435965200927,-0.003126397975134319,-0.009843755899658028,0.015766349692465625,0.00178225149092731,-0.00889686492211131,0.014332487365799678,-0.00367513217342931,-0.00012152341021809245,-0.009087135555107498,0.009141088968287843,0.004826278093436029,-0.0018463896397121174,-0.01732707944932041,-0.009130117126762554,-0.008876140544616943,-0.010135254502043986,0.03388821185139875,0.027086722110708637,-0.0015404013266113413,0.01070120652445673,-0.01239355983930187,-0.0137868891548809,0.0047837463243378155,2.091245686600319e-05,0.015906818076583895,0.0011685654563357284,0.01508807507191783,sport
73,0.0042589795903592,-0.1752751368543172,-0.055319311394930314,0.11324447139386255,-0.09721223440959346,0.011596016406623971,-0.0027190260883395135,0.0926611214588035,-0.12590657167152314,-0.02121162177586382,-0.03990471433809438,0.42037819772407203,0.022741959654166685,-0.17956344116393844,-0.2567645082146637,0.10532679901451958,-0.009268951945329673,-0.11664416856352325,0.15873214201871172,0.25221305773010033,0.01097430387395155,0.1517420698857864,-0.014637647997596951,0.10145654574403622,-0.03990261176333759,0.03754495854703231,0.016952735285635154,0.0654666772095576,-0.0895197484877713,0.01355834487672505,0.1835575582261584,-0.08728470732817822,-0.04038272634169443,-0.08551964364184726,0.02819054036884,-0.06962388294575644,-0.01584976107028103,0.045821226415924274,-0.0631313703836606,-0.008810494737345066,0.05060726400208006,-0.03889872065244784,-0.13878723466885923,0.02498795887225249,-0.0019068879157780655,-0.06691631365538347,-0.028209775387715692,-0.036635606080207335,-0.009502212714859664,-0.00028537704215605514,0.0015582573360793507,-0.05839119852289732,0.006225435861216847,0.07049182971241867,0.03767668698000397,-0.012834437926055146,-0.0023725769522974153,-0.021047797312228736,-0.011932235695690255,0.015874155686755372,0.03914260596294863,0.001757302203880569,0.05263887111420641,-0.050564535625463515,-0.02093217508334935,0.0047993478323720825,-0.057536029081193964,0.0013138852512033481,-0.01398644909179758,0.04780621435993704,0.052325852612434026,0.010843107421291936,0.031644168684847096,0.027013842452640106,-0.004082976705940484,-0.04645816427863002,-0.03441793756733894,0.037047864100949485,-0.028333133234545626,0.03159986752080254,-0.0013037546914980084,-0.01074015823548564,0.0084462959802159,0.03191909470053929,-0.022496446526478534,-0.0197169319290794,0.008000835895664752,0.03930896063476289,0.012014065572173606,0.00628356595429114,0.09684900974608958,0.0021684665980953154,-0.006752420002953445,0.012370655733084152,0.019390429735247662,-0.04941968743419555,-0.01084290920867596,0.07404432770867324,0.034305756292342664,-0.042655104839396586,0.008899304255596317,-0.022730321220961136,0.007455448645778153,-0.03500215696418238,-0.026987453657252553,0.005731431544871,-0.03138083868963695,0.004249934767368053,0.030237005667730955,0.035860065478089856,-0.0009975748361990653,0.00519966249074574,-0.01457539550292596,-0.06791190856209851,0.06900145451793087,0.02462111574549969,-0.07639810189737394,-0.058123935732605055,-0.01968659539835803,0.0234067287251393,0.06611046665338215,0.04774121548339083,-0.0017029837415267362,0.010155072380640154,-0.10162464319936383,0.015276122079819793,0.027457933377786042,-0.0008631137191920942,0.010622986369476946,0.048863383726841805,0.06711408953526585,0.06794746802561406,-0.03171697141307446,0.04063753568827995,-0.05528936360831939,0.04173663494004317,-0.080906307097641,-0.13816986092824213,sport
74,0.5250496775555495,0.12368290011140871,0.0417071188042895,0.06142048387785514,0.5213924046284154,-0.2755723049297545,0.14250781018866956,0.14138368040963667,0.018486001924342497,-0.001614111181411157,-0.12417364208589511,-0.014316224373272153,-0.05530967496240896,0.0007730804235373864,-0.05277626591283868,0.05552473113802415,-0.0055589444646506085,0.03132471490359692,0.018040579154460536,0.05783567873315797,-0.007427600872280017,-0.05663445437348879,0.07818395279012605,-0.039033398538199725,0.009909252292192392,-0.018612386958659157,-0.009274374235856784,0.041540431016066616,-0.02528325139335262,-0.045825247399739914,0.03572803350028104,0.005406621637393171,0.04404215578975371,0.04849371584227202,-0.03989387374013411,0.021148779379656757,-0.030105594262695497,-0.007835907645917595,0.03530642205714872,-0.008884071258833922,-0.021269867571252384,0.034183058152457924,0.04980865304945859,0.019643971708522466,0.025393790776949185,0.007298476070517639,-0.01505842031421791,0.01378637422058792,0.009918714853573688,-0.037557880058499575,-0.045538516384502147,0.042265260135322155,0.02995093659081916,-0.013336888796460718,-0.04841933038501678,-0.012611859706583734,-0.006246251810366142,0.018690574050644407,-0.015011447239620723,0.0023741001340170194,0.01619440141271502,0.008521529635151152,-0.01617333067433062,-0.0028740045629926684,0.005373417757428692,0.025443978886604858,0.028630691507515342,-0.007211519286708035,0.01349027196723162,-0.024306055930985303,-0.01283487861382318,-0.010160036988270726,-0.0021937323049510543,-0.0016968075726597133,0.018469017367613274,-0.00015418681988806868,-0.0009227502697017513,-0.00020582976620872972,-0.01567061765710497,0.011059043880187984,0.005760623380683858,0.010135404358296162,-0.00809234949801369,0.01173998092361899,-0.012512415091383778,0.013342007347920305,0.012018817908863456,-0.020875366629805613,-0.008393257044823963,0.03227836841020229,0.013451719509299829,-0.01714938287910737,-0.006598394970205464,0.0017330338125780974,0.01513230912442223,0.017680891437647464,-0.009023245002263128,0.016955674480251745,-0.019371134984239164,-0.0025984198372326272,-0.013485864839903135,0.010663174182986365,-0.021286947228961905,-0.012000294119816384,-0.025775768116423754,0.015348822569402088,0.006545403638932551,-0.004952954893679103,0.001908643628894106,-0.00893618876553851,-0.0034490912507657632,0.01726643415121078,0.0046362866310652165,-0.007597244883675843,0.013362551076554947,0.011089048898829867,-0.00897282605909625,-0.012112775236536609,0.012396929287080537,-0.025496017304419184,0.015764248303808893,0.022186916988737485,-0.0059120718456567994,-0.03176642746764415,0.0070931266258875934,0.008989752511880287,0.02371660164587095,0.002742421302565133,-0.010043202574073396,0.03260656544136737,0.01718377995163005,-0.010231825442682948,-0.017242827116594004,0.000468643333802501,-0.016290441109434037,0.026694453170117403,-0.013406333956835988,0.008246052645642146,sport
75,-0.0732304746229211,-0.26910260797187985,-0.11234013188311782,0.26675001176997903,0.10356899770078769,0.1325812043335075,-0.11392714801142921,0.06452038378134471,-0.009127428443704781,0.037070979040486216,-0.04177767771719356,-0.1436210465695638,0.06457171616727916,0.2514112145045564,0.2766037209547192,-0.04875171927099459,-0.00784973287968495,-0.01760804765031099,0.05302091139628155,0.20815170842467992,0.0653503488902276,0.09222472356737361,0.08248824948091463,0.09388203016647204,0.03281115167258308,0.05507179697367157,0.0510622140376375,-0.024258798769985258,-0.07800111605091455,-0.03801513569906678,0.10110343891125458,-0.017577266408316524,0.040326860752026725,-0.03809864462010251,-0.04622555428135649,0.06943095470795606,-0.011244232409429806,0.010384135798079737,-0.1441822179031891,-0.019014273470691834,-0.06330321299792847,-0.0692599057866674,0.06086420940808837,-0.01290326617567594,-0.0606725805148439,0.02681276992431839,0.034055313266763754,-0.04522869279941704,-0.059842617810545125,-0.015753170003472955,-0.012501573161454319,0.08967720058488703,-0.01493718078705372,0.014286740290772655,0.015714787222450816,-0.12924018621809288,-0.13850129074547554,-0.04630599036848199,-0.015629263119815745,0.03658078465892896,-0.050036891427981574,-0.050375379414868075,0.04040675000282929,-0.05073847297813234,0.09732948131781685,-0.05194272919377855,-0.13879026323595697,0.01720312694493555,0.026636339408389813,-0.05583057506162291,0.05029668067474065,-0.06043320012744255,0.043086715571837866,-0.027144721774005585,0.047986798100181256,0.04600548396332368,0.038540892910737055,0.04621410499293039,-0.008123845952143733,0.060632717752776476,-0.04808520204388264,-0.08985470477767359,0.03078819553578737,-0.0429471153833924,0.010508142696879485,0.010804500823050777,-0.06944063111889208,0.015764835561064942,-0.05457520178884824,-0.03243457129586198,0.00687020531332339,0.008382702280147016,0.04101214214809465,0.05002208536403936,0.006777705965110627,0.16495086709044846,0.016866183126285954,-0.018066340908715867,0.041042893494284104,-0.09100023191265001,-0.05014299671635097,0.018503905900537687,-0.021804981346740693,0.07679085719641654,0.08557311202079423,-0.02890242822306829,-0.02826826600021494,0.02814179684058092,0.05358571286628677,-0.045978087745347444,0.0022428874091752642,-0.03397494441264758,0.03445735423817008,0.00712060235320053,0.04586450163811858,0.058931491854069824,0.033058792467118556,-0.03345052870012181,-0.03741856971575969,-0.04738304919223532,-0.04935778772955889,-0.019622120247903205,-0.0474685016146071,0.012013728476383281,0.014930790483430647,0.020323411543377586,0.007448800894146623,0.0013071035676897433,-0.02388629917358509,0.010844372739239667,-0.07537065069416758,-0.014529366287220052,-0.02064503236844749,0.034560394379128195,0.034539034598413426,-0.006534065323787904,-0.015667913151823882,0.04899271930915228,sport
76,-0.11653769883515781,-0.29009590457793255,-0.0938535174752894,0.3112090054366671,0.16191860324046406,0.18025081279666494,-0.09483976823619772,-0.027492231520823217,0.13890790239369066,-0.058647103409131464,0.12226723066092499,-0.14606272216236826,-0.16650963849077854,0.08367512776052662,0.11157978315045246,0.02017019802350089,0.062247788689622684,-0.0035578939130749636,-0.028196706082964214,0.1560568671907576,-0.024361664259035937,-0.0016868985323513694,-0.04131571030141552,0.057375090183537474,0.030023661915023887,-0.051256253298174785,0.032481146890299475,-0.014964943734176147,-0.06405129167775563,-0.12190119747248601,0.014700106451634708,0.05938961301618787,0.12112050098858573,-0.01169823905026193,-0.06857508511524009,-0.032863435913458326,0.030836659421576824,0.056717670000155054,-0.16432787928605525,0.05844443337143416,-0.06843788106583065,-0.08315552862455582,0.03177698153339628,0.020743841864008124,-0.023407883236621546,-0.022088689930229593,-0.006881413086049343,-0.0316523657168278,-0.08841650261705136,0.08594652485187317,-0.0037957146367281246,0.0979263400726304,-0.04248918855679333,0.08729184839317472,0.005850588304522299,-0.09013669754718474,-0.12664709287715306,-0.03049345725993672,0.001608837195739821,0.015348310222977729,0.029941678349538765,-0.07014012182705985,0.009034612208580307,-0.04190525079238783,-0.003871929697099643,-0.02642122712826167,-0.05915379067665276,0.015593079664996935,-0.035699972042384065,-0.0848150706484946,-0.014313458831086845,0.040467424661687255,0.1053209097572962,-0.009034553350014478,-0.05041585897276858,-0.002147000237290758,0.04545168911472039,0.020243898637153025,0.06387539788460551,0.09002552794868074,-0.00855287935881806,-0.05721782475443565,0.027223582545724403,-0.027255823506155515,-0.0005307112617257101,-0.005482130941481495,-0.03619312166573214,0.08167915551883626,-0.019407396793240238,-0.018400371381292652,0.02305141780299583,0.017949551225787907,0.01721648931868586,0.02968460580038516,0.010839113916211776,0.09396924472397095,-0.01860885542569989,-0.003097850821554776,-0.013042407879490951,-0.0564980569213622,-0.039231830563010855,0.06267477678621251,0.03086689436418971,0.004887313180914169,0.014635008662558745,-0.0032549496756429735,0.0036212483290684137,-0.0012398200978892078,0.01877572219863505,0.006424510691650827,0.024141812838390807,0.0371470815229532,-0.004508121185903075,-0.03558226646263016,-0.020177675523210592,0.00029070217133717524,-0.01979040289214101,0.07109142319493957,0.028812081152323775,0.06490381346458785,-0.010165251589741325,0.012673831597547484,0.07421404154846645,-0.02550410373464868,0.006522226826616215,0.019199338164914165,-0.02212429327631554,-0.016771206049853778,-0.001132496678550651,-0.030184428177986798,0.05137645102947543,-0.021251147303676218,0.03230717433612056,0.1214865209660415,0.019495670414095848,0.12668871670728493,0.040084843827456196,-0.07856335807088916,sport
77,0.18374410928684756,-0.019008105896807,-0.009512173352785284,-0.06437057407199949,-0.17284417036807245,0.02764791687160784,0.07915323580306308,-0.055530437683962305,0.11328910204254913,0.03368455492372378,-0.34815147353613085,-0.11173972516895074,-0.12378442238595255,0.06892014653610062,-0.1224689469265354,0.10117041822558434,0.026295960835881448,-0.08827107433108791,0.07449880101946402,0.09273102576921127,-0.006814789599764621,0.1102537492059725,-0.14000937514819323,0.11299023735052952,-0.03158417163684125,-0.024603119459450856,0.05158912659774064,-0.01282514928459088,0.05741321162838962,-0.024125591333988627,-0.07789206840790264,0.07586386839079408,0.12642444610592266,0.09237914018793199,-0.04088572799534553,0.07075631988605129,-0.02281558066838656,0.0012841202049419817,0.09983019535263213,0.06944134307341768,-0.015787329315441977,0.1851452060255418,0.03364945199458122,-0.027888904728222027,-0.07248997496545041,0.1416713108032646,-0.03089531705025008,-0.025415058192474884,-0.03417375837681121,0.0763069041967108,0.0646902035293956,-0.08217713715187473,-0.06773282477612078,-0.02629769153973859,-0.00624690996037169,0.004917140493560334,0.006580239581095802,-0.15416744577149677,0.06384958390054507,0.041898920958319895,-0.02834785944759419,-0.0775210811804132,-0.0464002777875272,-0.06780165145598795,0.06055210671094863,0.06019122954999766,0.004052827334143183,-0.03189455514648258,0.037357008650361664,0.07627464981298435,0.131907023726962,0.03139209857201625,0.034848302995573746,0.07916750564634288,0.03412560496905488,0.017793180024182877,0.06639661600668254,-0.20740649576962758,-0.08837929131354198,-0.030423638549459883,0.1843448468157311,-0.028830803427753342,-0.021960502254198808,-0.032357529065801804,-0.05765611278430409,-0.1535568090036703,-0.03898560381428256,0.19719272959882664,-0.03207547853718188,0.004295053192636329,-0.10856826377963284,0.09524029328579414,-0.03959050528038773,-0.0008281743386075527,0.11851658339736953,-0.03400271334521077,0.07593414335587216,0.07508858801999763,-0.018465680464120116,0.0045518191807720895,0.015362566919446487,-0.005584835428047778,-0.031538013901251404,0.06654184797963017,-0.021123157592518465,-0.04016625757561919,0.028735248585602235,0.023248040338470152,-0.03594772149964285,-0.08818109314466269,0.002786391459670913,-0.04793233939414256,-0.0243249297027495,-0.043387767719038246,-0.03798541318928487,0.0344725450084982,-0.04190000476856658,0.010135881301906496,-0.03516072268180256,0.030306158737452824,0.012206397140980206,0.051366183857371316,0.0026232934187929617,-0.0374605885779213,-0.009817970425483777,-0.00343040410289153,-0.04667391952967205,-0.02371040207941428,-0.04562037170136546,0.00685469871241874,-0.02923313325527968,-0.034038003016780075,0.051149084444218736,-0.031223980088756265,0.05039122615586426,-0.04960018695345087,-0.011808981412562309,0.014639671500621511,sport
78,-0.005847955122009833,-0.04187390999885643,0.011691387728655939,-0.06479831327445934,-0.0987898387204995,0.0019985719235550772,0.035032104243899985,-0.06706248804935608,0.10949342184360462,0.03302904165535665,-0.2833779685405371,-0.17009396952440106,-0.024139016541069928,0.05776857107717419,-0.11678811257592397,0.03817272825891883,0.008190619468979268,-0.07177124314563008,-0.003465541782532904,-0.01093334408531448,-0.019876789278864812,0.0760518094067677,-0.09106343529477375,0.08765985121599443,-0.037576016159976515,-0.006005902265722407,0.051911978048756934,-0.013626761937507092,0.04164002516273907,0.028022635602910777,-0.014837088373470352,0.09880724024248443,-0.07225952984301058,-0.09247959345218001,0.09849816983319988,0.02943016554840479,-0.07898105788753827,-0.08134733388682829,0.001241033255255522,0.048549573318602324,-0.03888542130593136,-0.013743824185947115,-0.046619917514694444,0.05003330286760784,0.029581472688212086,-0.014476945174271281,0.05106685956710217,0.01328637064946814,0.05483176117988139,0.03823776955611341,0.026502637049729855,-0.011018695074707386,-0.02810019380673404,0.0835194764003722,-0.0004567259785385973,-0.040691625124431245,0.10618235796590023,-0.16172575241189668,-0.05833947295948356,-0.14714880002244607,-0.028568134612069074,-0.23874222926074232,-0.18986726801840384,-0.19807479961932756,-0.046814603846546766,0.046105578111376715,0.1148608651691563,-0.1377380982637211,0.12139616716193118,0.006064193560999644,0.16170970808757917,-0.13098961407955037,0.06783880846230246,-0.18738915487265276,-0.028270657966312295,-0.09811539703933864,-0.1321026256294094,0.06382127416512964,0.11313865398397153,0.003623829833695048,-0.04524869862800255,0.09877333284480663,-0.0031339676085747,-0.014209784820683283,-0.12221385745239,0.27605043535403684,0.018973979009616265,-0.1078973081782606,-0.13233392258892654,0.05323151930987068,0.14633513690077926,-0.11960615019883984,0.12412100064419404,0.048227566961360005,0.05250697411358693,-0.017024364011406858,-0.0919062714402156,-0.11786452669628503,0.012344641181490887,-0.08557399714186184,0.09287870264207536,-0.04996642579133778,-0.008667180517508921,0.002728746778348178,0.05616609955342268,0.030373036049085977,-0.13538738922285531,0.10545586176064523,0.010112897764947943,0.16032977423103661,-0.002599032726672213,0.03625042629112964,0.07241964682370848,0.07673711385781785,0.034903288443563225,-0.04498797697270984,0.039891839586540793,-0.0019313505656755052,0.07278232127197498,-0.04596055009686201,0.0633307624172646,-0.017689836323113106,-0.022661350875414085,-0.0003478155049857582,0.025656355258746943,-0.018442534598000705,0.005529801498015424,0.04802027341504782,-0.0084460370355911,0.0007195816392176947,-0.008210416992915071,-0.02556331393192141,-0.0024951657224536647,-0.004576205776495159,0.030808840119422864,0.011143601971918743,0.023774377025778455,0.03582623551428093,sport
79,0.47255975662772026,0.04022076925930068,0.01352225329420466,0.040687778450584855,-0.1872956921680065,0.10842132332947514,-0.06739171461740308,-0.02575306333478962,-0.07715374565713166,-0.03676832437226448,0.1261768820288861,-0.07458604441615384,0.08717008595770986,-0.0168870439985592,-0.11729270677030057,0.029341409576407802,-7.62791176628019e-05,-0.016641294820807343,0.004642817090225198,0.10786784669584581,0.034007385298152955,0.01033730391678493,0.09402809885127972,0.003979099968061492,-0.004913518959278601,0.0367888269334293,-0.012019621024793732,-0.06168440174276454,0.04917531996966781,-0.021351819486527892,-0.11071349506506185,0.0806566545613487,-0.01735367139002947,0.040124686598909984,0.03475873835619976,0.061527939022001946,-0.0029666251951655878,0.00493797006284638,0.001020431837948928,-0.07614548130710086,0.04097449202464918,-0.04413558266343775,-0.018791919714675618,-0.01835796874322227,-0.039740191127707165,0.00501099371522697,0.026103554602418824,-0.04807170417233498,0.05506740866751786,-0.02202686995508617,-0.08134857000365336,0.1075975198429507,0.120252451408291,-0.030403984308492546,-0.041659371725600094,-0.060974107783892506,-0.016991520080892903,0.018331548203160325,0.01191376969218648,0.05443135854948623,0.0428082276847694,-0.03713174166351126,-0.04865344047186268,-0.01149923828132148,-0.037689043901091505,0.06859141713567639,-0.0024508585322221372,0.0023836652153039015,0.018671584525479477,-0.0074486400918646134,0.06803504664562789,0.06542453552207618,-0.027619615699395958,0.06335759893234656,0.037192723765437086,0.021147737994201263,-0.00900023890208789,-0.06096436616598533,-0.046225193481913764,0.004679797687499282,0.01763806766852681,-0.01489604144328117,-0.042758191875280196,-0.019185929471766897,-0.021847838606914572,-0.0003075299690714019,0.06739812891024204,0.11008822717434825,0.09078343275957416,-0.015354678665062672,0.046167427530871455,0.050453464435821126,-0.06622818018689691,0.08251748568964322,-0.005819419150381891,0.001935279474160204,0.09267761800201045,0.06926643378666092,0.15302422741314897,0.05346220730717189,0.009762656945455842,-0.04602998160866385,0.12112551931765843,0.04418425741767705,-6.558176129252303e-05,-0.043719693744986604,0.028452756088567954,0.004624224500083425,0.09232764628117866,0.04548618046023473,0.05576401014397449,0.02137770213207924,-0.04190765129975869,0.025969324993439912,0.01593018012815516,-0.07553273316868318,-0.05659430269496194,-0.06061868427405506,0.0019335246630310659,0.016292036811241386,0.09114485078342602,0.09270666056297105,-0.07598879760299163,-0.08239432098259539,-0.046731720887104686,-0.09175970191624423,-0.11722678284789965,0.11007685406959843,0.03466390459020851,-0.055295615090897664,-0.04205316466267658,0.0178028285595173,-0.02615972958273348,0.029823694979285456,0.11938135129597616,0.007134355652599274,-0.009677751257318349,0.02379277376484127,sport
80,-0.060893477068612104,-0.06324020134433253,-0.02526611334146715,-0.05064508660037384,-0.032012888403234324,-0.10986478446695387,-0.0261102659345402,-0.0424955384277774,-0.06213953110466281,-0.05599633003760677,-0.05235560271872785,-0.016263697612972156,0.0015598277532842067,-0.06344911903445782,0.0038797991461784294,0.04166530228263006,-0.004738944550587793,0.020688952735976048,-0.03209703930753442,-0.04719673552802331,0.11080796885499736,0.0590496998299559,0.01236870820499593,0.016990283873160098,-0.07517423596024524,0.12054986331196575,0.05353378832572637,-0.00015554776727487045,-0.0467481011982546,0.028971732745467996,0.08471494730967324,-0.02332610360803788,0.011104624133400699,0.031240295590374816,0.03486834963785359,0.013451993266183187,0.07219264297776017,-0.04095823340579009,-0.02457213664167885,0.003860751697464533,0.031283141101899885,-0.06106900453547415,-0.03720911137600749,0.1365181038433253,0.04006796903904565,0.03846428690209156,-0.10193159201511692,0.16927862397013477,0.10644038989274407,0.11407797956675841,-0.051579106468422224,0.029247342589761208,0.08113838648149051,0.0006065825477442823,-0.2828528083081377,0.06578417060687308,0.07627684930149795,0.1314786136832434,-0.10391754674945565,0.01598877271267784,-0.039502235157290747,-0.23664089126859478,-0.00019399383601934736,0.06265953202961465,0.03493138511232528,-0.20254271687871409,-0.03119353765706159,-0.2172155506903235,-0.12349708149694116,-0.005307397096670818,0.25559212317837793,0.21499980527261098,-0.05712234990719811,-0.12931997863080608,-0.128811549292236,0.12451020838848997,0.3750556277479441,0.004532947878309945,0.007060006127160251,0.0036448238366357287,-0.12632475179797262,0.027738075972227872,-0.022912825612104587,0.195819411325187,0.04760687906301358,-0.09435862882082002,0.06778252340558688,0.051710914128433906,0.07786623841998855,0.10453751087121821,-0.026444002972442135,0.08192279530895083,0.09826495908657042,-0.020297948678934558,-0.023651730346519215,-0.06256887094111642,-0.10376381482159494,0.010463677143513837,-0.03074130499360187,-0.03593032603609135,-0.10153637214536528,-0.02306496157194955,0.0025220409167868297,0.05101134451055488,0.07613585416984928,-0.010641192809232924,0.014564487720560178,-0.006601229158476253,-0.034151117656166845,0.08006921177673189,-0.02748455653551363,0.017312313124234275,0.060447060977179244,0.006656985669330181,0.006354839665321103,0.0024694623666082736,-0.013877476686928621,0.02515897871754452,-0.0802792351231885,0.012798159016409018,-0.008996519823459306,-0.012963013375071346,-0.006830556978826635,-0.025944610941415598,0.0067484995525075265,0.012355152174361589,0.00828039021406199,0.0017305876388596854,0.004228341335715418,-0.0008353534365834624,0.010927652383668874,-0.023838132240912906,-0.003441336759439871,0.011297937446063732,0.015273269356223884,-0.014133845010162066,-0.014329360118098714,0.0005361709849573181,sport
81,-0.07501885353537573,-0.17766143374787075,-0.06025850220572364,-0.01950520290892856,-0.06567107968135713,-0.27123916509152424,0.32464077309591166,-0.3789954597917365,-0.1941175552385051,0.0992513352599741,0.09400113541420244,0.01091241926833706,0.022836259611828093,0.15716332515198733,0.08818546269405643,0.014298831357063897,-0.002030512845422117,-0.06665897840082753,0.11024076425599769,0.01761647106561298,-0.05108203442659996,-0.017630681990374094,-0.03421378714915123,-0.02555852973870089,0.03287769267759132,-0.0393749241301145,-0.01991237150026293,0.012257694144555494,0.029652054550198655,-0.025318861648823243,-0.05878717006537051,-0.06599314874902053,0.00805716021636529,0.038821137047361495,-0.040020879488193335,0.0037032611917707644,0.07388052949236495,0.028051205269186145,0.03330503321067444,-0.04122018199333057,0.010658490923650977,0.0002672728399985692,0.0008209950461091324,0.03359237048731317,0.04470641307829863,-0.029841041448429324,-0.036635177301509045,-0.04796514387989552,-0.024787165147029812,-0.02668397840497543,-0.01015433298052133,0.04179088014610232,-0.0007783806921781551,-0.004296754991808252,0.059634782560777595,0.05687090755098184,-0.01841809171550117,-0.026491861105644447,0.0034714940681794143,0.007437376415679071,0.01922987036428563,0.016446641741043495,-0.0038439482884474515,-0.04156065860693868,-0.013702496178807103,-0.05778304983274442,-0.038761092992608874,-0.003926057196613096,0.008116448183797512,0.012559184667456194,-0.014141224458519099,-0.021344600997617494,0.033352669547259337,-0.045511263451572026,0.025383877071439645,-0.006671337900010112,0.06915227256306941,0.003096899972188609,0.03886581015374045,-0.051588189299822035,0.015917442744593623,0.04739168396197067,0.03537189777193649,-0.09006344657520003,-0.032036837088040795,-0.05150354722696927,0.058877301201791576,0.018714497543672527,0.06189665749936111,0.01885755419637644,0.021947950145740372,0.0768174537691324,-0.027609597883927278,0.024819275813859877,-0.03551689726868775,0.0028315617371384213,0.03257020862785484,0.003913292323042759,-0.009729632684112225,0.013052017704707184,0.014965195741719907,-0.04624304626244494,-0.018971190153475443,-0.025984927184389946,0.061629689533491405,-0.06389375441006874,-0.01728097364898098,0.05401244267465043,0.09767096562857544,0.025573824830236572,-0.013716980129854199,-0.10562078614449985,-0.04268100550479882,0.048796385296424195,-0.011253796100238874,-0.08556122163683028,0.023968776721199788,-0.03585042330126112,0.12004871489161884,-0.06517007824929864,0.18201720862974058,-0.11656995319142731,0.16247271327706556,-0.014176062775852788,0.1736311108831374,0.0010263337474792427,-0.015020869035798561,0.004585453089359577,0.07045183337082397,0.08114843897975439,0.05532032568819536,-0.04903730782032306,0.14317621547840023,-0.017094620677874085,-0.0013880920050523054,-0.0736973378560975,-0.06905247556695235,0.05217200236239585,sport
82,0.1901907542328546,-0.01627837585351253,0.0003505047497421178,-0.022295334133401436,-0.13735613248392503,0.03457214225490723,0.016165536517557096,0.0017513637147371372,0.020356565409443715,0.0187916568523704,-0.07259851530188277,-0.156461451953863,0.00820493065829566,-2.122964780344409e-05,-0.13944540373754852,0.0009885766973073906,-0.045992525382884196,0.10445041325956417,0.012986275439709788,0.06642604400962902,0.029784687831399544,-0.13935831341110044,0.19585322069184527,-0.11961091698126007,0.024343920346616164,0.006592156361011194,-0.0611698366121925,-0.10016430578291297,0.05545133871619945,0.025975172664503443,-0.10206548445177953,-0.027166049091587197,-0.11753910410766813,-0.11530607037777851,0.11170044283720602,0.06231696759480735,0.024675125729905996,0.013966427159611694,-0.10180556839212367,-0.05035832187394156,0.04583380299233976,-0.18339650119758125,-0.08690746001774356,-0.04045512220854647,0.009240451341148686,-0.05939995400949951,0.06301076016402372,0.011223233745204375,-0.029696368794251488,0.12898071563110583,0.1230593917890489,-0.10675769496051825,-0.11951596843406868,0.029194657623922877,0.08046538761464281,0.018139254978610655,-0.009333346634590626,-0.055041602847777114,0.0991855791431053,-0.07424733999393576,0.010623634369002712,-0.06349080598270625,0.1326449116413592,0.052863905219529876,-0.09977671521111092,0.00415915766562701,0.00974587198702625,-0.055437935802018834,0.02520894168132755,-0.10063621567700994,-0.09889293452575962,0.006185491266511566,0.0005056747027467742,0.019057535381047562,0.036720902546853305,-0.0445487099605799,0.022332647241780284,0.06407647323668463,-0.08316477190039813,0.07453691928173346,0.04529614789675554,0.05081029005892181,0.06346943534437999,0.05450219785204429,0.045701317392054325,-0.15964327086082813,0.028232605090419423,0.2518655489132351,-0.1377409898114896,0.04314242543856874,-0.002193401299905032,0.20654911202126822,-0.015119531649568956,0.054492505611228224,0.011143096336600381,-0.03461123027998079,0.02137425414262787,-0.09750586316309481,0.06486503631550597,-0.009766131884537016,0.025381999368028818,0.04593177141123347,-0.09197757377046797,0.02575319251048034,0.07218837730671632,0.1654383484367384,0.183321434040575,-0.0695347348559697,0.05518460839722592,0.2455592226225136,0.050907228591685914,0.030960180624357705,-0.019956697881783433,-0.07760831022585825,-0.03329951555591662,0.06513436755405747,0.13335963641664306,-0.03382147752906638,0.1195063059547182,-0.08099492429705635,-0.04489920946170678,-0.0362221719947288,-0.06459513355954434,0.07282909974169437,0.10398782665970077,-0.04470893033925322,0.03378170109908062,-0.014530153795132863,-0.049055764527110704,-0.007277631914873712,-0.025740992393250086,-0.06560785577358741,-0.07904716463631123,0.0023502523318068387,-0.03886802761824562,0.02621126569202832,0.012007042803110983,0.05194534543510997,sport
83,-0.02366425877797361,-0.16263873807650603,-0.07447581778515353,0.04677853393424363,-0.21438338763299256,-0.056795895874794236,0.27172187226526917,0.5290286635289546,-0.12966487183843148,0.0010775240188590721,0.04504421152044637,-0.059648924363448645,0.030131617322040477,0.014473172199052347,0.09767986828590736,0.12342022934386684,0.20098847317938898,-0.235058529772709,-0.1010331166484944,-0.1213144345353956,-0.018989703451886095,-0.02316457086921468,0.008597209834885119,-0.038254412417381756,0.025497367267487647,0.01706352433254982,-0.010921720709227806,-0.0014549222925199468,-0.06126847595745846,0.018666551809785263,-0.009812792508083857,0.03191648048117858,0.01849268794794348,-0.006417109741076963,0.015138731361339803,0.01911862792799134,-0.03227393758710851,-0.026125538621186214,-0.004814214525547152,-0.018594378264917413,0.011500402526706843,-0.05899747665653874,-0.007317607223600267,0.039537906063015,0.0279622871227993,-0.05549575878311252,-0.004111877448503837,0.012958744113007306,-0.02740875718022941,0.0581231461624521,-0.019758532582867895,-0.029518123382585915,-0.001888383070769543,-0.0269583816870976,0.06054212106117556,-0.0426192703405322,0.008843482158588552,0.011505241120247534,-0.027158539857802026,-0.018107753527475467,-0.005918513480809732,-0.001792106994960299,-0.024969260420854605,-0.002591757070783255,-0.003672440714460454,0.011063108040994975,0.007370822068901254,-0.047988117092456636,0.04425061966531332,0.04782598901906666,-0.022922819571249104,-0.06819401045937337,-0.03603766068872542,0.02093298467171736,0.026139313424296113,0.03695361792358309,0.034636415471591686,-0.002129265529579471,-0.02457280301067217,-0.029410822755738017,-0.07331349084276384,-0.02345363192726655,0.0065573741551225775,0.05572688934315826,-0.06382821794829792,-0.060097461448181504,0.02300287846894934,0.032918026643684616,-0.009429291264171363,-0.02080510963286726,-0.07009282466325008,-0.0941562658171039,-0.04605168612649453,-0.0463722890028297,-0.021127451348920398,-0.044508624130186865,-0.010039937855278338,0.03544840457530315,-0.008056715913320224,0.014202845856251044,0.03846761288340916,-0.007309135350100431,-0.02245373478074827,0.05237736150235162,0.018989916569524885,0.047347437176956705,-0.021862578482780948,-0.0020219653129490652,0.07458910986250179,-0.05006355362977388,0.0460333544081085,0.05248286753882816,0.01932773750757409,0.0707998121592338,-0.043061804572087296,-0.07703971024035695,-0.040257915251244725,-0.06143224674147105,0.0004570108386545935,0.028540804018049412,-0.039317433652695286,-0.007059688557387381,0.04075929433428412,-0.0021124867690978356,0.005836719138852287,0.01923370621948196,0.013256404794697394,0.023354996931483834,-0.01791114724998826,0.001130476830748253,-0.06247666454457548,0.007328941931902987,-0.019267765194473357,-0.001535585667210757,-0.0072974212751876315,-0.038687631254828714,-0.03778518517343649,-0.01504790712374453,sport
84,-0.06362030193109242,-0.13304816636348718,-0.025391336866685182,0.03073069151578264,-0.04110323894971572,-0.07035875084883393,0.0808144865351002,-0.07680780307618314,-0.010605766455588878,-0.0405523089479293,0.04348437481267465,-0.030166223725579703,-0.058205691965524255,-0.12512551069616418,-0.08662412574959466,-0.007214926419405796,-0.029163378497329424,0.16300894848323028,-0.2021660803748469,-0.05217752450735126,0.1153998306205178,0.05613857162534351,0.09858495071188247,0.05709085716375642,-0.1453514420677893,0.34007611086751927,0.04527155211976628,-0.177808096942453,-0.05741588066906058,0.133483239060842,0.0167667755215176,0.06781980964000602,0.05327790695384156,0.04421696416452065,-0.09562307145045172,0.04070287560885656,-0.12204608865621223,0.011251087345042276,0.12818217649461097,0.12427258675332865,-0.037167816286246956,0.1542323646673639,-0.049951663137585346,-0.15436632164554903,0.0829819176758501,-0.16252494935629516,0.058879105964402836,-0.0812627612617746,-0.11178849830977682,-0.11727574331852039,0.00845117022139935,0.09151208020205712,-0.02454696994538079,-0.0038931124784721523,0.11673484074776633,-0.011585648643253654,-0.10997661086049652,0.04240170698687678,-0.021548192419218338,0.026766884610465135,-0.01276252190868087,-0.011086517496540957,-0.007160241672181343,-0.0348815773318367,-0.009758369966583266,-0.0609559543479297,0.04569460777003278,0.009050998907270888,0.058207248427600805,0.0032470636226487196,0.051950299695920577,-0.02386985733638326,-0.07525065098897478,0.04738420495713734,-0.040807976150217896,-0.03861873400379958,0.04870727036489351,0.03318286887569173,0.04862998243297207,-0.05870631595321693,0.014116652396784099,0.004728961680053586,-0.06840490515678171,-0.04197565780802994,0.0049624246715998886,-0.02196319872026404,-0.07711706738144443,0.02528110498524152,0.011303462020795756,0.07766864815202548,-0.03321210478051842,0.03360998158311847,0.03540227496844298,-0.03507875278612742,0.016969554928249822,0.029162662250951838,0.022363630756400292,0.0006234672489800528,-0.03185071565257795,0.01573156188760919,-0.03316208655750394,0.001211352557450539,0.023829048530252736,0.04038746334207481,0.026878160407084687,-0.0626836369742621,0.05954626181170038,-0.01916646378714394,0.04074522021490302,0.038071506295466975,0.00947584254476441,0.010636449067444419,-0.0006267362229810913,0.026017538345470895,-0.0029305042872359945,-0.06756335367450153,0.030166258119816686,0.04814200027425659,-0.14304635732291957,-0.1850428319070201,0.043442711161631176,0.20195276805674178,0.08630035429841737,0.23795863118363555,0.04091615709921066,-0.10462870344327278,0.24767401633481476,0.1333199761592024,-0.043983822949328795,0.11407603083558747,-0.01915041961029413,0.09274039564001064,-0.010220683019107002,0.0411830118094953,-0.013908657015227739,0.022570314290341367,0.03460841326172625,-0.03056552729195992,sport
85,-0.08063052681795095,-0.2921170658831149,-0.13077831600114026,0.300469176501678,0.12746226860855692,0.1563936584442831,-0.13932268893209418,0.06217815118177462,0.034814009812437645,0.03253723380688451,-0.030804173620854695,-0.15920148234454234,0.0355404149398497,0.20920311025361446,0.26682096306825553,-0.0450112952397885,-0.036042588820234686,-0.018408506568390826,0.05507370769203343,0.17508414862320948,0.07487935234747167,0.09019798035940253,0.09535627426407005,0.07817106936383564,0.01828388162539713,0.10060924735310382,0.07812214944349756,-0.0059807533636535345,-0.05689678618199068,-0.059264189908904495,0.06828761873259444,0.005961726330677132,0.07547120836854802,-0.004562437458073774,0.009011019121148519,0.08176757587118573,-0.06538101187231173,0.0051711014934527075,-0.10529230408294847,-0.06649602820235762,0.016577008613727715,-0.008051024964950887,0.02635299836048905,0.011318869897610268,-0.03456207507475388,-0.021239113727035856,0.0053755512487797625,-0.038907294888940264,-0.057203012612103914,0.021087771872121068,0.030768134537785933,0.022120840452776028,-0.020268182237014685,0.022541650568499768,0.03171246568283501,-0.077785779524291,-0.049978292620311955,-0.004793053372088523,5.1037229844486406e-05,0.033055976846176637,-0.02161648813782331,0.009770234996235819,0.026060391904500223,-0.03501637424884654,0.040756008413639744,0.02359983143799668,-0.09362707108209435,0.006445510638045028,-0.032843113610199176,-0.029941433988646377,0.05221136264542949,0.00799378945407382,0.03674419236422377,-0.025413228974307225,0.03558745920949945,0.01810462119504865,0.014063907204838038,-0.002205480344506399,0.022468312595341825,0.005488418757186944,-0.035397518233161555,-0.027648642283107653,0.01630934467512377,-0.03526743714607535,-0.014651838552433192,-0.03889190795946362,-0.017283661706108594,0.023870480970912936,0.006129611689215915,-0.023147067942552682,0.06596054683695358,-0.008682070804082162,0.02797194417746722,0.024367905916515623,-0.027478203598621454,0.15777889860733613,-0.026112669678496857,0.009971371263170593,0.012310688354001275,-0.02959064315063715,-0.04686679890554506,-0.0630408467569214,-0.03579520997867761,0.07047980614899971,0.010725844409987853,-0.0005421978862148793,-0.0014668778508936022,0.00905450216673399,-0.007545670322732596,-0.001990415621031479,-0.0689961225605445,-0.0683838082213767,-0.018396348477550655,0.0665429827270341,-0.020518783846526764,-0.0485250868400218,0.005001367590936265,-0.05872831019861564,-0.014525784526220357,-0.056589783575225025,0.01265738871181363,-0.007793595785123169,-0.0737987689613745,-0.00026531205918648993,-0.038770431802926254,-0.014577346151428272,-0.02453572695286469,0.010075195753928944,0.045905226459878185,-0.012022637367251022,0.04954412009312758,0.042582143564206976,-0.02190210240634241,-0.14426224589460607,-0.01696554122269402,-0.027978578735398937,-0.026467900958363773,-0.00655442126092687,sport
86,-0.004080000610033311,-0.15859081135529854,-0.06802208765046665,0.11177586374207359,-0.07056883976072076,0.00035887294309669,0.0010308723322281286,0.05364375515605165,-0.10297245485879664,0.025842698131502223,-0.036661800758370645,0.34079519532796376,-0.008565032849025385,-0.1825984463518164,-0.26163040009991956,0.0643466712335662,0.020903885585305447,-0.06837061548252778,0.0874462098883399,0.09319572204816792,-0.016317378115578856,0.08556589733250244,0.03074971173865544,0.05611490828946343,0.03755081096547487,-0.010001483814488758,0.0025471325117021257,0.06232270614106639,-0.06583414636092988,-0.028559727777641822,0.1519699831231724,-0.02221415698441524,-0.014150077850072091,-0.08152141298616221,0.0234807224982118,0.13059241175333336,-0.004711095360819021,0.07435962185769142,-0.061562722842560244,-0.033413929525719685,-0.010634213173995459,-0.03588594050355556,-0.08710332910625442,0.008479148657957528,-0.0030496985781083103,-0.07010159806661224,-0.06337483410357829,-0.02583092832319001,-0.03955467383038294,-0.03525621177697585,-0.03052373168524557,-0.12078156956052817,-0.04286463471476236,0.05472737906450947,0.008140735411669854,0.037541852842178966,-0.03966478430617142,0.015191179834846743,-0.044006497059230404,0.014463670410961572,0.06336352577731859,0.009682047639165659,0.08061624939172443,-0.021210382636660457,-0.10778423927642874,0.09024214881314474,0.07847246597490574,0.049466945070360556,0.03869553142727342,0.061317383191630465,0.08558205910486931,0.05408438440138653,-0.06277895290462444,0.001141946836083028,-0.08320808575129321,-0.02113911565100479,-0.07566317364334663,0.12412225191367657,-0.04462922086355081,-0.035727149094932985,-0.05600368923936662,-0.023940184419310218,-0.053488278690472395,0.02473756223829564,-0.0445985575322239,-0.03536335364680465,-0.1325434759923207,-0.01118975369944108,-0.029500351801979487,-0.033734270141849196,-0.0051256997891529375,-0.007846856078781106,-0.018740324350029078,0.03703280331447293,0.019210550105710104,0.14895011124986615,-0.03141612284196181,0.12329797239820366,-0.10867294844707272,-0.023999776546932958,-0.08937777886001227,0.05216811786090538,-0.10144970504577112,-0.0052566561872274455,0.015672822308099427,-0.07456872323490382,0.008600825483126752,0.05323178712611587,-0.06744504831706885,-0.060663737817101084,-0.011163955737535819,-0.05682406932083152,-0.10375677194154036,0.032021766975325626,0.06233933936815597,0.011515578897537675,-0.08609685124530893,0.09128805390024242,0.0024202526569371027,-0.011915817471953744,-0.026768721592093342,0.04775804135375978,0.04977179647434698,-0.2318497628091149,0.27496484037612823,0.00028218402754121805,0.055805646209279754,-0.028622634546305387,-0.12082172413990315,0.011325173371433845,-0.10055478889454032,-0.08785888346796333,-0.03247800309261546,-0.027286461780427675,0.06845646900286909,-0.011763090499175772,0.03683857270825725,0.1542119246897085,sport
87,-0.07655176440436061,-0.21926706721728323,-0.07267776439899858,0.19103133956521823,0.09909586442887348,0.09338488169853144,-0.06349874288373873,0.021812347339658453,0.06874512084700417,0.0011287045571986064,-0.011249146590412469,-0.06736255469256983,-0.009387692033268611,0.03598520911921531,0.07905262092503655,-0.028117082597902583,0.008999214528863816,-0.008891212264417917,0.002950077148516123,-0.006332151828740495,-0.016877472202980685,0.036448756283021015,0.011228080218595745,0.001092223335562714,0.022369472920756764,0.014135268613088395,-0.0006782139446324297,0.03528555769288391,-0.0037091693241939035,-0.023067725426673666,0.009119675519891724,0.0061498681012792395,-0.00511877878833143,0.08106870072741265,0.08756384035036174,0.026723851351827855,-0.0515006308321264,0.00571930094903969,-0.10426353630660584,-0.15458172816953242,0.08538996782451207,0.11030447325790972,-0.031731719828965874,0.03973023244353941,-0.05389676095053996,0.1597896595069782,0.22308316433475645,0.05717535217083248,0.10667082740617313,-0.12597075997265159,0.03425360965144225,-0.10882611036968645,0.12126259268988099,0.016117643185916092,0.14210615387038794,0.002825183999830912,0.06829303056574,-0.030173653294781794,0.033082792486085796,-0.010830303725566794,-0.07314499854578145,-0.06966054714631227,0.08076188111043865,-0.01001952023214975,0.07566983076770238,-0.16846497560378326,0.08556517289495016,0.16288587053296663,0.18682260510094864,0.008955975813600577,0.005603570888450113,-0.11306885534316495,-0.07975791493206297,-0.07398682804318367,0.08243232771581772,0.0766637123719931,0.10590515150188477,0.15604145683521572,-0.03458327518863352,0.025209756939982363,-0.06377823257288862,-0.05774353734906162,-0.06922773444636268,0.16002934622659468,-0.03435226862801591,0.04810118459737709,0.04347883780381021,0.08430158633286718,-0.13833938268674295,-0.04280390481402562,0.0509548655792473,0.03229995603589147,0.00242782346373818,-0.039411887534608094,-0.05749847351336253,-0.2628292462434615,0.052125998103325806,0.09729423041904092,-0.2569565074003074,0.020755736675657048,0.026965886115005073,0.15255669622891554,0.24743206288061179,-0.007904645078144605,-0.11100313428355123,-0.043417207274666324,-0.0019519398516908528,-0.13876432157639937,0.05804586625724706,-0.04173765501380921,-0.02644586360046259,-0.10920213800115139,-0.02934992846574349,0.007899570253604882,-0.001386118668359954,0.059063835239070085,-0.008652215523298765,0.08918628220894462,0.06178346965059596,-0.04364506767543218,0.07513416549962207,0.0232425508419878,0.011686166874388938,0.01313821891169053,0.021919675409901293,-0.008565341450001188,-0.031847877237584234,-0.01712747244737083,0.02739654736957265,0.04015327671635409,0.0403851967533956,-0.010222165488189586,0.01791719785719747,-0.037557101268688005,0.01127931653540715,0.009492260734660614,-0.00457802351095498,-0.005379610835496879,sport
88,-0.08581614521406083,-0.2768744236937978,-0.1175128267062786,0.20725459061115956,0.10644839109796858,0.0965105943425186,-0.03842357174702023,-0.04176167064604297,0.151120927183852,-0.06890548808541197,0.13156535206887926,-0.08567602302034129,-0.1585543551810727,-0.10705057241566171,0.03860503766122175,0.03928173167429866,0.008150120373218371,-0.08390837999269264,0.0900425060579766,-0.018090779206607337,0.03737917013630909,-0.04572636891193091,-0.014295185591464173,-0.045923396254892564,-0.07437910797217528,0.12561546955228495,-0.002074452630595499,-0.015467415233865111,0.07934974066618668,-0.004233537788858198,0.015218432439416797,0.05349227985221778,-0.03095943452708436,0.038574393482200924,0.13461277274746253,-0.0724625129441234,-0.06718206631337476,0.06020177056574219,0.14038055642477393,-0.22882268959474872,0.22336410092283926,0.09770768762366866,0.018272561364200204,0.16002272985331528,0.01270715167523786,-0.012105319560628538,0.02605970105905746,0.01033936770812565,0.0060226034891364974,0.011271853930223195,0.10845558933458647,-0.07357862231320311,0.0408263983041096,0.00661676817322578,-0.005627346596286068,-0.0902547659627971,-0.008736093359817895,-0.053810129798108425,-0.011226917928231717,0.03832443046726582,-0.027436545787701463,-0.005437633560792483,0.03043824763307896,-0.0012223298159084754,-0.007517261045184759,0.0260032558359861,-0.02734101512459941,-0.0035593978957828764,-0.10823467420657912,-0.08239158708714592,-0.006493831178448943,0.054324097135523816,0.017903490879193004,0.018488727380518506,-0.013847442847210024,-0.0749062500866062,-0.01858989731752502,0.0010226565272200927,0.004264577797956361,0.0040329175898796196,0.03640799405486387,0.05150202208915287,-0.018126475868825292,0.007118981559391568,-0.0017936717146520122,-0.006423053077718856,0.0022632811133364568,-0.053277229249373614,0.028709954142881525,-0.054558314745380025,-0.0076112198947017795,0.026768319801598925,-0.050821408610651674,-0.026027576376870795,-0.01999245797830675,-0.03015718324542049,0.021195975878813188,0.021054515718613706,0.0256254887882076,-0.01737611915952627,-0.02175084506217449,-0.02729478308662793,-0.04455413481135533,-0.08434342896252504,-0.0007628049203416508,0.03567746025720649,-0.05470243493833256,-0.006033185352817366,-0.09184054623093084,-0.00898826232800385,0.014483118006905264,-0.038437958438100085,-0.06517407239584179,0.031065522491716804,-0.0863710728526474,-0.10019663978045025,0.030041928888000526,-0.14153357002747313,-0.021941993953448365,0.02875958491727651,-0.036037769016377195,-0.05426742329882461,0.027671266973816937,-0.014590034714829461,-0.05890057192893158,0.17904330821275352,-0.01301944850078629,0.10125720531635099,0.027884835741523256,0.0694797098341644,0.01156493693308033,0.01725246055423522,0.00252338219369265,0.22917426693143192,-0.14356608992495637,0.04194040556705984,0.22272682053817938,0.0665378014662712,sport
89,-0.08027577916700203,-0.24192670413564385,-0.0975924126469744,0.20248906206727077,0.08062396421591037,0.04639543472894567,-0.016138815605557372,-0.0347499672204112,-0.04472202772810917,0.02736809400062587,0.009552544547809072,-0.021630753982328974,0.0004994363811626842,-0.016943244690804184,-0.016780936561513745,-0.010200239168269341,0.007883870009586916,0.05458578877386827,-0.06886321861770854,-0.0798543146778079,-0.07659815230594866,-0.01486768851269432,-0.04387865362879165,-0.003597495725237686,0.06559802505286629,-0.07785653224637697,-0.05871867027651612,-0.00943800068001038,0.03554935501860332,-0.023431627990765622,0.008090642238101744,0.06552111357435472,-0.19581276194117425,-0.06448005643216873,0.052157495754893916,0.27645115486906313,0.16955795558230194,0.06867803304116596,0.31608651164454427,-0.016694302416205644,0.14365599668423085,0.17412654596458396,0.11422489849839713,0.013133173401537076,0.01691891755197617,-0.06904840719876675,-0.11395851902774312,0.09403739042172508,0.13228237763178544,0.16423247264610327,0.06874853644435205,0.12389917470752776,0.0290892228030708,-0.010324337397373231,0.1286882690989403,-0.025201081847947074,-0.010886194707887075,0.12306965767003968,0.018708712278999725,0.06484077003944344,-0.01857051201899683,0.017598310353527203,-0.04455676341419593,-0.06307534997988745,0.04547908926979784,-0.022702706045516885,-0.19248368609387057,-0.006994033214167133,0.010836666482214029,0.039518188174977244,0.02002079936456866,-0.07513907899899737,0.10401981918158089,-0.033771764924478594,-0.031395074569445625,-0.017485940268965185,-0.03841277982903758,0.016623284183986804,0.056859996761980634,0.06401422939624803,-0.013360077681111911,-0.04024898773051047,0.13890565541303868,-0.019832918249534124,0.03986952025769185,-0.09752803570536214,0.02937445137654198,0.06920445878274836,0.011131393392061328,0.013571404899861743,0.08911636147408349,-0.0658470270889473,0.024297997234460505,-0.010698198299979634,-0.03149112506952074,-0.002167382669243228,0.016526993504310653,0.005655774411491294,-0.03530682128801118,0.056936459628973535,-0.007203026855336239,-0.0031028632176336272,0.02738274083623778,-0.00040055067772689664,-0.026588154376341065,-0.04478388666761365,-0.05111808847721004,0.030625790795017777,0.05994223588346177,0.02201017578630363,-0.033484182109816546,0.04929540395368373,-0.04791993717179368,-0.0039036732137638624,0.015447452807209015,-0.033606305342716414,0.017441421408564462,-0.02009134318941812,0.00463161685497704,0.024792270628918135,0.018740948089067254,0.06406886969040886,-0.012829553367680966,0.030128952507831114,0.0259969134462566,0.01681851296071104,0.028864537821695978,-0.03755789778247045,0.01020349041150058,0.0796056631764493,-0.014119975094115403,0.039709332808584914,-0.041395253839228756,-0.026968657677070657,0.010322641357421006,-0.10627666786291881,-0.024308538749101292,0.1761487955565305,sport
90,-0.08375393663527318,-0.226787277803797,-0.0898534940454219,0.19962218653734315,0.07073045844209476,0.04054309133518838,-0.06701143267784719,-0.01870344365529055,-0.07080951851783428,0.034653172581727947,-0.04857385384863858,0.09187593482084928,0.07653117539279028,-0.05235435812231867,-0.13646466661106438,-0.03333910322926669,-0.006853282216058825,0.030046319237568994,-0.004795782005777836,-0.15975628264501363,-0.13936776869935974,-0.05589291911972471,-0.044776712832035444,-0.04424612122961537,0.106642357168571,-0.0912949431899946,-0.09837640719551209,-0.02030224170168949,0.003125704919780251,-0.057898405738849516,0.04162098592081436,-0.0225341398713359,-0.19929874372411188,-0.07663745655911093,0.05667037562560023,0.4107833268588122,0.18393181138620834,0.0429136507838081,0.23795534615171865,0.002333793527197972,0.025738828956047607,0.119242096809416,0.098582764394648,-0.09221774265275508,0.04640806679896348,-0.050642992225743755,-0.07021121850488973,0.06327799263791883,0.08765140065863883,0.12572445905177787,0.022046575567768758,0.11088378429996852,0.004910218431694584,-0.05409186286756766,0.04898021757373891,0.01422945358541765,-0.05545671883090028,0.04039955243421703,0.05537620848723774,0.018953233457345744,0.014073824290812715,-0.03760294213571406,-0.07086632800531448,-0.01851352839249239,-0.004459309476928796,-0.06384652765918856,-0.04701804385633968,0.014845370750629958,0.039560251061200195,0.03438058388551595,0.0035391940249415157,-0.022575661078331297,0.04174851687889498,-0.007863744778509327,-0.060370088120620606,0.05555844587389214,-0.02615885233890194,0.0276154533484736,0.04179793456419585,0.025788455048186793,0.009197465618503958,-0.04568096444870248,0.05135868237212443,-0.0010623995882480897,0.025419260109690298,-0.011424584305605648,-0.016667057932654165,0.03495516396508645,-0.03147153003561028,-0.0483528001509333,-0.009220339529191563,-0.029508719652413497,0.028235676322023995,-0.026269565472694514,0.0028033156133638187,0.030690207128223512,-0.02191140802139407,-0.008231647710323127,-0.03831708541659185,-0.02436260238909034,-0.020454189161228837,0.005499149733794278,-0.022181277236201988,-0.027610060888721647,-0.010083086997066953,-0.02889059299934095,0.011675052594215574,-0.004441824689469204,-0.02975940998061017,0.021427282274885828,0.009364937812614127,-0.01806147424031391,0.03534762370179064,-0.03093273124765568,-0.08893572370820638,0.09629664604233265,0.010793364278834053,0.062336774449814676,-0.01562568238141636,0.01958115876223737,-0.0391547763165838,-0.02947232641743415,-0.03867083475933528,-0.04655998563255475,-0.06715496612130363,-0.009101384210658465,0.024581407687984336,0.0313684211478759,-0.01166854766337244,-0.09156656764323814,0.014393482520238279,-0.03237583375592668,0.025636811987963287,-0.009120333001691112,0.012674105344807339,0.1561824251753454,0.014197393186447162,-0.19980068420044741,sport
91,-0.05548322955137111,-0.17862371651355535,-0.07941010425426454,0.16252897671260463,0.0646358537772476,0.09391036702244347,-0.07874145995449922,0.07007587594900035,0.009653739284715707,0.03696551638928494,-0.039726129986296696,-0.1070780714960116,0.07531536869441817,0.1771972294744094,0.1899181619697456,-0.06554470837998354,-0.031227562387460096,-0.018782729845495533,0.016249549924335898,0.13507264335948216,0.06547010185877386,0.09452347008273387,0.059837879090071794,0.06718548396445954,0.03243720025718031,0.028733748410473398,0.04938877665860074,-0.029229148269230447,0.019246443475406428,0.03623596677931929,-0.01271199286860667,-0.003729729583008974,-0.03036022926584181,-0.001493233318681364,0.014212309585134494,0.04570060093524952,-0.014299418305515581,0.0018238124339586311,0.06682376447931618,0.04883780222533491,0.03473663121930121,0.024069900547024743,-0.10049215458168335,0.04050322452502955,-0.01748232513833936,-0.04425193280855929,-0.1457174217922671,0.12576743533815923,0.15072273228515917,0.1287819189511633,0.02623061059168349,-0.02099129454216996,0.03455777923664808,-0.010644597865079325,-0.016785386416850914,0.0865573814115765,0.029635855790003017,0.06441416049510348,0.00687919540557493,0.02455720805130906,0.0662970267580909,0.12925102550757497,0.08059642233239628,-0.12892623388423816,0.05543918044142959,0.2603835211763293,0.2406899093836406,0.1206966199114388,0.14761076387224428,0.0893038100934516,-0.014605761104567351,-0.02388521131315776,-0.21917827556089445,-0.0200928469149633,-0.0488266106897382,0.009498393869209643,0.12846335751632623,0.19969337159218775,-0.04408581746958565,-0.03921520999176057,0.09159818840276536,-0.03950616985011799,-0.035120076923429895,-0.03310163622057254,-0.02154386242061649,-0.05113265030293807,-0.11005680669342582,-0.1632694451192116,0.10304532426384835,0.09577787372657362,-0.11197649874959273,0.02929954242316733,0.07864521103699272,-0.047923740204682486,0.004236792242240552,-0.09905989230816921,0.03576445881140688,-0.0034483183309219592,0.15112420332489937,0.06103721685403252,0.04844836652183706,-0.16266030268253892,-0.13170638624149797,-0.04671030258773259,-0.04009385011604036,0.008724616266022719,0.05248320584605015,0.008859357437700747,-0.08294999155506064,0.04888673903349703,0.04107859857160018,0.03781911639557509,0.07606651599510471,0.0074005191261452465,-0.030069654528169794,0.14349511288255307,0.05649985422742923,0.10461062764155894,0.07673089423847904,0.02178961315715044,0.017415623892575824,0.026743997059741485,-0.0067171358853885185,0.006443512298718483,0.00784672977105949,-0.023312313176340044,-0.050717549763351695,0.011545995703573377,-0.004612660006180682,-0.025604514656733815,0.07596203013549883,0.010818637621473321,0.04543085058162988,0.03143567317975813,-0.04814489076575583,-0.025113306039650674,0.031439988223788906,-0.04398110483742225,sport
92,-0.09174458116402927,-0.2139740214077904,-0.09025026678740461,0.1872429808970032,0.10366013377232756,0.06973905815377772,-0.10917547429625758,-0.04659267135446332,0.0033597658802885758,0.051510341793230593,-0.06843357533718933,0.06428272047761736,0.07523196674124616,-0.04257560225212738,-0.13782210458704658,-0.06207544634418093,-0.033530110797777346,0.03827713783561744,-0.008188692702304573,-0.2146334140318448,-0.11350127513712115,-0.04537685547348599,-0.020659376326593027,-0.05406780401100153,-0.0009371209431966197,-0.051721017033140186,0.01993880821778074,0.08077357011007222,0.0772402383320382,-0.039424001476874214,-0.09662576508741037,0.06176520410153259,0.18735100148703326,0.13757202926269038,0.06344928637165963,0.024267215358929072,-0.08874329558183429,0.0029265202313184906,-0.2364427112618236,-0.014109593044148055,-0.06096419359448229,-0.03637299973427259,-0.05606446235032618,-0.11124744797821096,0.020703592523159838,-0.025436918685167554,-0.10188862505546625,-0.07108311134840453,-0.019626780374085027,0.06141795195086997,-0.03998069350238177,-0.051821008936428374,-0.052749543625212766,0.021240015053551504,-0.048218278746999445,0.1062498514348695,0.05072588073314554,-0.0039193676975946504,0.010143181162321265,-0.06428650020346012,0.09931387364001641,0.05527158594381763,-0.027074227480651202,0.016375912013205037,-0.01536051834050222,0.050842656416880655,-0.04368680216069992,-0.03065040728917693,-0.008835725514324854,0.014486971858709567,0.04202587597859644,-0.009240565377771648,0.1618664223088367,0.043161976023334526,0.0071453306626999774,-0.04360459956617347,0.01860314210718321,-0.011057450120910675,0.17274214663715828,-0.06929751242758787,-0.03677351314018694,-0.026742815093220313,-0.057605381161767104,0.04843566918441702,-0.05874439127545654,-0.13206623936347128,0.08467548787636645,-0.10200386441425971,0.07229613778036784,0.09243439747543776,0.07837787639587433,-0.028993361875063343,-0.03675133772885237,-0.004167908335240498,0.03229101073826801,0.07054706251489869,0.03201458506955304,0.04243516978576207,-0.15050477292356323,0.13788819275523842,0.0015190269089095545,-0.07771015782244677,0.1280495003680589,0.10691249320286556,-0.08258051167278782,-0.06982217938272497,0.004291814835983225,0.024111836420857086,0.02934300878282688,-0.004169606495067534,0.042519454451905726,0.1856918199751843,0.06021158146424794,-0.004390932040623933,-0.09170529928098478,0.12017027258734161,0.07624435276924214,-0.035479799669758214,0.02800548399553399,-0.10339478274731746,-0.11139916865861238,0.02938751591626501,-0.02112443207992007,0.06728266521514797,0.002013232991718896,0.005410947139269321,-0.08620644928537892,-0.08636546595554205,0.05460303820506279,0.12375760157469923,-0.19022273905654719,-0.06799191396939701,0.12583355166717194,0.11047631595024579,-0.020672139120476767,-0.021886720310345123,0.014429356680336083,-0.026789466115282733,sport
93,-0.07184174107041144,-0.283658709204496,-0.12518656285285257,0.26431796185407636,0.050019880879811,0.07830858112810828,-0.043608775758200914,0.04019087589951492,-0.0667995731725317,0.04024693004835893,-0.014894955887174433,-0.000207251784175218,0.02076309703558996,0.013022124714903284,-0.01847450973080409,0.05357223645671905,-0.02324998779456551,0.014094216959288239,0.028691351633089363,-0.007188869635889122,-0.038064598847521613,-0.11062871595852032,-0.06774434211233009,-0.10131181002955882,-0.0321796606075713,-0.16644913703222586,-0.09483748125751357,0.03688710068823645,0.1745608131741608,0.12039448670073948,-0.16295803787024893,0.033022415613449124,-0.06018087637745807,0.02669800607084526,-0.026600639204507972,-0.32788864958046376,0.048042890543285255,-0.007621636359586026,0.21282375697949402,0.06952443416465749,0.04993507045366161,0.08225573377867015,-0.07602302813145481,0.05506291752427856,0.0530645273254179,-0.06382604703255945,-0.04886075712600133,-0.00447316971504799,-0.0077297899041900205,-0.01376225799428227,-0.05587169395294769,-0.04881471721972824,-0.054609117091750904,0.07160608567484293,0.023126486068546517,-0.11603102597844664,-0.008969942959854912,0.09546945931287605,-0.09453237804785788,0.07732033571599771,-0.051005564630761155,-0.04440866876196284,0.05163526624891467,0.08835080865927984,-0.06346309448533469,-0.009649782037214154,0.008069012161549472,-0.02187787126270952,0.07888864570332121,0.008488273361992591,0.05475232728858164,-0.017086603692168637,-0.09403620151525584,-0.01389650437962246,-0.023217490655439117,0.07586690136983247,-0.0706556875338424,0.010292571994485812,-0.08208082352587094,0.02871196785617375,-0.05776244355132452,-0.013534420645275502,-0.0817207138508522,0.02452403329522506,-0.049341337946436775,0.032554807776422494,-0.07708726628474234,0.09059151268746983,-0.07439122493439695,0.012673384125525359,0.039004255802271376,-0.06705863039892097,0.014565438621520942,-0.017411564566891878,0.04005306273773066,0.09928281407510534,0.011431894937930533,0.08341029624308552,0.04938031178899231,-0.023787816330248346,-0.004803320316328595,-0.021336523001839226,-0.05574442047530627,0.07518327147721438,-0.032255108329712505,-0.00288540801969355,-0.028296922810474134,-0.08171283786200997,0.04896939279577874,-0.05991841048723684,-0.043899263114959126,-0.1001959136957396,0.08334807986219275,0.08759916214506187,-0.02578146215368006,0.07837959765540754,0.003282976513158471,0.03672971520067086,0.04668908481849587,-0.09127980561448226,-0.01988083879787504,-0.02375329266320018,-0.07920781557681839,0.07657183023707195,-0.0479016860116668,-0.02882627462331862,-0.06122003717739325,-0.0027929996466331043,-0.0162398661440306,0.05334528809400462,-0.05171179541572109,-0.047598994296589654,0.037388403648111974,-0.011909897181471929,-0.018791950529504473,-0.03110868176448917,-0.00940642390670931,0.034456820667121676,sport
94,-0.003491995270292112,-0.11611786636146883,-0.049668687240045965,-0.0012305592451395207,-0.18517587297736976,-0.057131952115620964,0.2276169893344566,0.3873295052391872,-0.07992148807043924,0.014468851342583744,0.029953037549277032,-0.049037218371707915,-0.002482068011836977,-0.0029694955413885776,0.048904848382922465,0.05743692184995767,0.09946118666033928,-0.11626198802171905,-0.06561825137156274,-0.09631149196072154,-0.01700795065634158,-0.0477680351782136,-0.009020126218386099,-0.04632539892299098,0.0304093277177922,-0.006315884388959363,-0.01797940909339484,0.031314148627923234,-0.02750939188206539,-0.004347406680393884,0.0024954968733340685,0.017070233263349117,0.023414150720670796,-0.018529111466309096,0.0032700212087346703,-0.025569763495504178,-0.02360395352398306,-0.005278292937523673,0.0062019586363785935,-0.018527178057230285,-0.008724954210536524,-0.05960815603040751,0.006271032176159369,0.0638230673078377,0.04343406177443045,-0.03479322024922055,-0.011732985774397646,0.017025314174140584,-0.06087792666588511,0.023908766509189883,-0.05002091187451153,-0.01793133004344936,-0.014787553991380225,0.044452316376845706,0.0707884697461264,-0.08739308392894726,0.027639652460999375,0.039624399848133776,-0.05583185474432763,-0.0365655866667954,-0.0015403151568851574,-0.05858203619250714,-0.07722713846204445,-0.040821258959606935,-0.023146683717323993,0.10122854667991618,0.05397039220196518,-0.18303024049632655,0.06969328178274631,-0.0061415018837480346,-0.11083952427544173,-0.17704085099129255,-0.025881901397766572,0.04272012098314737,0.040348084991938385,-0.019115278815006766,0.07295072440212025,-0.03558405525305553,-0.06665892419530282,0.003355257587642673,-0.13400566945807685,-0.0492254490232133,0.021004539479844826,0.05854884728406529,-0.10622046475765737,-0.17848047838124234,0.03622493706924997,0.0043337269087881805,0.04298855991797031,-0.03255345700120187,-0.20056885490332899,-0.1263256139423764,-0.00479010135998734,0.05067789239664933,-0.060364676717368164,0.18912755794858882,-0.12851609911465034,-0.07999922720790785,0.062289318922963924,0.0703780075469054,0.07299541978714966,0.1616381357669505,0.19452286355550377,-0.07774376715782833,-0.07310219968789608,-0.1678850545846931,0.04773400080631891,0.07536537664202207,-0.1806975539212935,0.08858835943576872,-0.10276462833514259,-0.13963741753279751,-0.03276820893872018,-0.2190720972380885,0.08561528903672944,0.027669883341239203,0.05063276874807519,0.01600555846542521,-0.037047191141555955,0.006685807830053189,0.02832926990229714,-0.015160365651086439,-0.02405655658440606,0.05011549488458949,-0.023137176624757286,-0.05304593563746766,-0.0330870012898981,0.03649252750703981,0.05930271556701112,-0.029614914881490043,0.03940410649255439,-0.0197937198894443,0.010144102767084023,0.06058470726174623,0.020103398092170943,-0.005104281856246624,0.022708445411279702,0.01890140620845944,sport
95,-0.05958724202960806,-0.15771888989434496,-0.0571177049743103,-0.023172794443605486,-0.09213410459817015,-0.2933727472141261,0.37545730931053745,-0.4101149797246204,-0.20928927578518183,0.09865453609512326,0.1578799821300613,0.04245711085403346,-0.002574677137268255,0.12925868273269928,0.09306626803693606,0.0018131470968729094,-0.005724409266901238,-0.0375316308320538,0.09992746031600712,0.028003304622787106,-0.02116058407281579,-0.03650779544805326,0.0010587697700214444,-0.01682296105546921,-0.035495143918410126,0.04200645842134918,-0.015890330375957048,0.016388820326905036,0.006219131473310932,-0.024132944729522685,0.01001826685962123,0.10496205840489349,0.02599119925091749,-0.023671793327869062,0.06299478519045225,0.00915606793467337,-0.09984965776530474,-0.021598547696257905,-0.06451084309437317,0.018467292526051785,0.025888466942486286,-0.001200389933330727,0.016832562154959877,0.002537701646514227,-0.04267469185243189,0.01783249645605877,0.004504644790832398,0.038119182641475166,0.02280456493227825,0.06430362109017254,-0.0006108570132477601,-0.030454118857059436,-0.02312626418619304,0.005326691814545218,0.0017720301846962554,-0.06164283003462822,0.019707439730371187,-0.0011014052708623273,0.0022041549292665715,0.022040034441211526,-2.169932442703498e-05,0.01532162812010899,0.034668711685734,0.022528909401815463,-0.028177443699398938,0.03361864599045837,-0.034284520403718044,0.04877995708502369,0.033090499632435745,0.014074476653772683,0.009532833286666771,0.01039455627934735,-0.010783625919718239,0.007837152019423423,-0.019131396247503197,-0.0036373441890355023,-0.057226888929005314,0.05456679234666843,0.025139725047057797,-0.0026986364078402576,0.026259286071388274,-0.04079930339698648,-0.023199219512514833,0.01926040004273387,0.020436132383061193,0.012142305753630315,0.0002785237369290919,0.020022720128579943,-0.04561415173487095,0.018444019344030137,0.019037050276583683,-0.008242094847546079,-0.02032124203921226,-0.02018666805764452,0.04137822072066399,-0.007550968948660944,-0.05050007274023317,0.01078472665228587,0.033690758879640736,-0.03149965831499394,0.039602675642180674,0.0803685053202526,0.0012289129892161983,-0.039497265971763056,-0.00972118189558528,0.042717447258341756,0.018928235870220193,-0.0033667671325399145,-0.021299618616491506,0.005441883916457482,-0.008764836982100845,0.05636847166649892,0.017440817951980526,-0.02362676797800851,-0.004286265191852337,-0.044476101782978714,-0.060616837651204465,-0.0022707625238114542,-0.07104682356705128,0.05051117931205265,-0.07678492088064048,-0.0047444158549249755,0.00038550217472243896,0.00877567916653921,-0.05397570912453868,0.008865055226123186,0.02069754167070808,0.04795489416974755,-0.0284966616966666,0.012160535447392736,0.003743061141436202,-0.07980590720589416,0.04095291099715284,-0.07067120273426582,0.048347383139502084,0.03146387968285826,-0.0909274892442481,-0.05079014515199113,sport
96,-0.06691815874398967,-0.1335742877713242,-0.029692266130652768,0.06744243715447833,-0.012963319141016278,-0.0432877043285066,0.04905134216576692,-0.06163432240798702,0.002563083273581451,-0.02713283283882042,0.019360660988385882,-0.009260905095902033,-0.05490382653986099,-0.10235815529268527,-0.08976192759993068,-0.025568510927502647,-0.04095606341391713,0.15014927007994525,-0.15764723002674996,-0.07675376320368069,0.10355834941937286,0.03180530565884013,0.04822068821343126,0.03397757832135932,-0.17091076978658495,0.3238821296751798,0.05152722178503439,-0.16238225488445165,-0.0633629386495485,0.13601937014479282,0.004355336346946965,0.06817316664610568,0.08249280375019716,0.04679494083812024,-0.09051907849841975,0.005704089350308914,-0.13396100190053556,0.03504184733368128,0.14422734641887203,0.12390438014076904,-0.07645380266170253,0.1059309708294454,-0.051278698318494235,-0.1693946739050461,0.07968236852095326,-0.2005118568422781,0.10473361786066332,-0.09198165535601384,-0.11146152026536672,-0.11375905077363399,0.03601597164735607,0.0991652425669424,-0.0210839092033999,-0.011916099634594607,0.10498158498994639,0.02549220127470635,-0.07837144634102598,0.09214110974733879,-0.0538897519832912,0.026292565274015734,0.0008205405295495397,0.07181009259868217,0.018895151248569556,-0.01663406535268123,0.014961599922044945,-0.07813347141635817,0.022262081089728665,-0.020869663594192733,0.09769294024093698,0.016328452974697562,-0.023237433026935556,-0.10012089966104117,0.007441697099558628,0.034949722292128796,-0.027825779816210705,-0.028677548261154484,0.07032997992305698,0.02356515715750115,-0.015416174204024026,-0.05316279201713817,0.0068492230074366596,-0.04398482336994058,-0.04804084964110044,-0.039969668346853435,-0.058850886353657775,-0.039436344660181574,-0.05658165642122479,0.049456183364083466,0.04375993891631854,0.0883092046759059,0.04716391752378389,0.033549494762940474,0.03422551538223188,0.04972949863616514,-0.016414450869229852,-0.09171080414439278,-0.1152769300810958,-0.028733168042342692,-0.037565149119957016,-0.06982107877160462,-0.05307848234068834,0.12132809335804048,0.028808851945879146,-0.04034031342910314,0.02857214071849225,0.08810403620960477,-0.11873458026701295,0.007111151628405071,-0.01839115322548805,0.03191985682273016,-0.002680939050037551,0.1102741188913797,-0.007329533110293955,-0.02382049618568344,-0.006688119832067999,0.08331452756070414,0.030755734061266884,-0.10595825475845813,0.08010546003097511,0.14690641402015978,-0.020358475410225212,-0.20616675945788301,-0.10043176605256192,-0.22071545236045703,-0.042727758004456814,0.10500908563872001,-0.19921804693347883,-0.08283870601000133,0.011642906242976678,-0.08886655400671459,0.030726879954962615,-0.0721831253632344,0.039705574815135196,-0.010122834555130394,0.013102462800289726,-0.020824517363288938,-0.044308831770293225,0.023347004894946198,sport
97,0.07623518805880478,-0.07034067915620225,-0.028919947979726846,-0.03658491789539776,-0.1659041627869043,0.005980198912107038,0.002823629217399195,0.020121286063523227,-0.015125489072233343,-0.02970414595718123,0.00019792848648100315,-0.09301135433612244,-0.011952705552789888,-0.05349189651785225,-0.05426062654216446,0.02095683577813981,-0.005029291657603692,0.0823411989567223,-0.04755655751682663,0.12545354650039883,0.07167986431814664,-0.11722891097811994,0.14787058764348154,-0.06083176784608723,0.02999824267557138,-0.0025057532396909853,-0.07845204838629731,-0.1254564589363244,0.11740625808491764,0.04083702179602884,-0.15685627818533873,-0.09137418048141879,-0.029139766083536287,-0.05786308251989142,-0.02308484011285405,-0.09114679486864914,0.15624167655861732,0.041951995765353606,-0.12547576710468522,0.03004930104406325,0.07464981819914018,0.11035345307364033,0.10635561342229008,-0.14526290383708793,-0.07130444323588146,0.20751332289071317,-0.1554058433790634,-0.02235164983684226,-0.12166440893036254,0.005860966336643432,-0.06673041276005179,-0.05939195363123104,-0.05542430324663399,0.02553411155951373,-0.02197495528252879,-0.007488666578269368,-0.11995579981626642,-0.016891404466828318,0.02227707254602765,-0.11142237654267857,-0.05290403806795672,-0.04100469851524855,-0.010105961604671065,-0.09031259789200874,0.03512814744062829,0.03356005296813697,0.019052759277436077,0.08403246842381235,-0.09045705002875774,0.07387159974159274,-0.03276067547504034,0.03858636784292227,0.045558153433497624,0.08123986389648852,0.08521248388205456,0.11463997558077649,0.020448414913922176,0.011027262228660696,-0.07550730348637522,-0.16524955093714397,0.04090759441169468,0.013455671713525533,0.07439621969223238,0.06510786709334719,0.06881869153840232,-0.13095613651310692,-0.13002739629382826,-0.13914067934973334,-0.14483132697102089,0.09769857436285026,0.0016549795759742275,-0.04953536891621794,0.11814403084655677,-0.01907146795976326,0.07547773624398059,-0.0015040043088243346,-0.08130775766427956,0.05385466590879225,-0.049381644976963006,0.04259837571860637,-0.15883585742386294,0.013672601083389413,0.01157752115563207,-0.17140888692099343,-0.15841002290131131,-0.032554797138284006,-0.17686060335972717,0.06371970244849809,0.13598512048109246,0.20571963656032996,-0.047185466373047706,-0.03656804895486162,-0.02727833012228334,0.15801806870982973,0.07210698311112596,-0.07572319987151986,-0.09832910761490771,0.07405186629305294,-0.04611519780747435,0.08715118690008,0.03514313646359602,-0.06614521984334638,-0.02961791097003474,0.07235532126519181,0.012253717117594744,0.004915534987328591,-0.0484164769783929,0.04327828349902796,0.0404218584609002,-0.03978314465159832,-0.038729421102076216,-0.010516209603787637,-0.024033594712891265,0.05884742712873421,-0.028916912618668092,-0.0063097714384167305,0.009891841442199506,-0.032543247294653424,sport
98,-0.1179724377040896,-0.19733347225178102,-0.05343595487066807,0.2319074716742649,0.05139576334060884,0.006793828566858671,-0.06841432084688046,-0.0829996623521288,-0.07011548643508542,-0.030957865323118082,-0.04264971809479351,0.08451225394583788,-0.04586466832378213,-0.10485783632144456,-0.1702716183833779,0.03928962872899719,0.007014531675215778,0.035318503234797856,-0.12786086942206995,-0.1435367956641578,-0.0006024499565371225,-0.047596312882735914,-0.042040749534931934,0.008759650195781251,-0.11582294408883188,0.19622963435837482,0.010326547354757035,-0.050543288542754486,-0.09654458438831984,-0.008488987968082656,0.004892568487964528,0.10388749908493525,0.10998083097211023,0.022999307427008737,-0.015391259850974929,0.05875512981431294,-0.03778218711421468,-0.00021799898667510336,-0.1046510177799087,0.0508313822463636,-0.06987835794371922,-0.05937739138110955,0.06635611115014214,0.027745168541920683,-0.05520199202795378,0.03438822176619675,-0.019490182789062633,0.04146802633339513,-0.029001830654597358,0.0510037540609395,-0.026307417042296635,0.022903843693084625,0.014244788761372838,0.06786201563027323,-0.03474176243064106,0.007371273646544409,-0.048714080934825515,-0.005524802343931809,0.04276588486229914,-0.0017887259927163825,-0.010058178827203952,-0.018277047569794515,-0.08043926664203473,0.04458055747394848,0.05174268132554812,0.030452641549767755,0.036516115586605336,-0.035306886744702705,-0.11564947734847424,-0.016377781076647058,-0.06935907885176622,-0.005750140080410895,0.013801077183534079,-0.06517997956357321,-0.02022147080906508,0.030963211530991987,0.05159346793230018,-0.07144114447632506,-0.027815189276908105,0.018716928802653215,-0.04925988184749871,-0.0654554970517857,0.1807030433188472,0.012977919106332543,0.040731075415159565,0.005637829362682912,-0.024038822594437258,-0.01338680838054187,0.05570776732431356,-0.08061129721934636,-0.032831879112156424,0.005663775305425866,-0.05656191348268056,0.012627791077580646,0.1256276863149442,-0.07203643011372288,-0.06804656570349868,0.02837641392223209,0.1890392307126305,-0.03386770080275445,0.22915904830303713,0.07597170780937286,-0.01153508166387043,-0.19528506572657253,0.054064995288706424,-0.01962212493647364,-0.0019997968654564924,-0.03785690268899184,0.02008911775562839,-0.07947430356755283,0.03736306072544472,-0.06489407689781619,-0.10733681912852432,0.15230852277806103,-0.0772735744767765,-0.12908574106114254,-0.03270520887663349,0.15220513352098616,0.2795726259386079,-0.04114008469450247,-0.02546580055944567,0.20362824177509498,0.01215305994186648,0.04724074764985154,-0.07136124029809819,0.0037791354347553353,-0.07049622410056516,-0.048517856725716776,0.007899329600923407,-0.009356394107503501,0.0037782927536096017,-0.049434005448477265,0.003040094513982649,-0.11621447108348416,-0.10412927634385469,-0.07506749718921193,0.0091468921946767,0.011060331126686737,sport
99,-0.11386588748309265,-0.34178096656808427,-0.14784866454797438,0.29478596293042936,0.10452611493454335,0.045461844604659456,-0.12242491196014109,-0.06319598808719973,-0.09206214140317515,0.014715449369081719,-0.06246235644619398,0.007861029981280614,0.057104328853222384,0.014884041128913263,0.011330429197840976,0.060288144252370716,-0.0071021917920514495,-0.005091364761075048,-0.0192310675201621,-0.07009248371910388,0.07801292395741266,-0.04675323135808452,-0.035612201067104665,-0.025075472618186313,-0.08093222789895554,0.03424590603918008,0.0023595438227032146,-0.00022652686313407567,0.011841414800385214,0.055666577881958515,-0.09286384557206462,0.009440597049593767,0.019518462938499428,0.041232763316436105,-0.03642947900676226,-0.06974818493755243,-0.05172893623724831,-0.10379608500619879,0.08452219437991547,0.03539367371170527,0.060743315758122994,-0.060911468740366057,0.0514265333267071,0.04557167148104927,-0.00670094641578349,0.015880493773249557,-0.07680194488928632,0.04345100535656812,0.07132966473662758,0.05533329182089596,0.031153325523081025,-0.04767913703910924,0.029367651529866527,-0.014373884228367844,-0.021943313395042283,0.012374346716484482,0.09241752036383825,-0.028501328049419117,0.028833848639990292,0.004099918194210445,0.014672315129800138,0.06925628555038735,0.01223331310179286,-0.07149513095165366,0.030222251683407718,0.07269660560770166,0.05082789307483928,0.10179484848112061,-0.007155860610950879,0.0029962891841207183,-0.057180751409206754,-0.03093664539873105,-0.05161513525912903,0.03442256778526163,0.10207293189653703,0.054653631644774645,0.04718565585002501,0.03446659799046713,-0.019992798555052763,-0.045141059547836274,0.0259242961412308,0.05564692795768409,-0.022701013950907463,0.03865920867842533,0.03357227859568083,0.06513756984351608,0.07424634792460773,-0.09417101916308686,0.07052037684980243,0.07399656238602073,-0.04518555981195577,0.04621890319506209,0.0003097778038910754,-0.026131214530953035,0.03820005790740617,-0.11644014251561101,0.07724313480133684,-0.0681476151162856,0.016321487931207433,0.02400811405175442,0.047008378767093836,0.011264005453621181,0.06292455656984225,-0.06344536510361354,0.07638862837598463,-0.10264037081138473,-0.04090854625214651,0.07261285827033083,-0.03671885476672411,0.025921232151542718,0.04626388648053147,-0.03198198805734473,-0.12899011386888848,-0.08841413738163875,0.01216784152543097,-0.15213743349711534,-0.013600011916122982,-0.2477565193008484,-0.08638989786006131,-0.013812758128486475,-0.044470585841923836,-0.04911890480944847,-0.021571187306595806,-0.02338947507343969,0.028650018314815208,0.057047621970890354,0.1255432942303814,-0.07016533412468995,-0.07114465236951008,-0.011941276713583181,-0.18206968456119466,0.005776324089676293,-0.14058785193240286,-0.023978574382108094,0.17232966511138295,0.06029146216074595,-0.08301451222765414,0.033366476460157314,sport
100,0.07056193569744221,-0.03310680713839993,-0.01859469881823226,-0.10675860639203687,-0.1606422621905598,0.04122509093145037,0.06107402563473544,-0.15134704138903715,0.16112115871245145,0.040122284753114315,-0.43363718796251666,-0.2966317773971496,-0.03935808093549605,0.13037412340098997,-0.18424855774455562,0.14676938799372172,0.029859215054108205,-0.1289599844680564,0.05758398617837188,-0.05000450413156757,-0.025500190579337962,0.11292216977746694,-0.23518610649874,0.11055135490461136,-0.04623175341332037,-0.025299030658791567,0.036186375621019284,0.0025415778127304113,-0.03260205446529862,-0.0019363053415533725,0.019598598993331807,0.02980886825808068,-0.03400112207386488,-0.08096565967105611,0.006836880887495446,-0.015607273551783646,0.0014545913914846594,0.04804910095059906,0.022336580866417582,-0.051510841423099044,0.02958937803967648,-0.06098217105698105,-0.036157568586857494,-0.02498982317434647,-0.020805013705105863,-0.06142464217012205,-0.03132607506298047,-0.06073380689265864,-0.02573311911468452,-0.09589395134994834,-0.1073841146916743,0.09233127546830854,0.10964975902386866,-0.022444670965708416,-0.03701609738363801,-0.0587889563117737,-0.0162240171183531,0.14771480541631155,-0.03237252811916794,-0.04759793954986153,0.036246820279682374,0.09220773629476522,0.06396125231643768,0.08127315698702982,-0.07145238904631249,-0.02087434399890644,-0.020040946141168525,0.10008094332206396,-0.041066501630937544,-0.037919321427755795,-0.1288857703989282,0.035531284436710366,-0.038743215177766084,0.03494152028445152,-0.019403339650339222,0.04932983110537909,-0.06292174152637484,0.09029678777886142,0.003488372648665595,-0.026581793988248614,-0.07342096193206954,-0.033872813292724145,0.021221501913693024,0.02623088633955784,0.15090980707055596,-0.0361795006264758,0.0050865250996975355,-0.06109243953173621,0.06217144350636842,-0.003828697617590755,0.013005770717004964,0.006250744395086403,-0.0020350751352859035,-0.043618551914984705,-0.09340634631265804,0.0024041547288345243,-0.014287754353355223,-0.04279233603536617,0.0016489985141674502,-0.0004736319385461938,-0.019498883218469154,0.005577535274949142,0.06214107474578798,-0.0021170134229591517,0.01937923864707977,0.01091396388851847,0.019975846488116726,-0.03553520210557064,0.013052570424297237,-0.007423757229343825,-0.0017435338597935424,-0.01107892112512324,0.01907566799194496,0.027581739702315575,0.015859477573601427,-0.016553902997581454,0.009875792475078273,0.0015869298762283498,0.0007677193069959055,0.021138447038517253,-0.057027511664048694,-0.0049471437810576545,0.007847206256512447,0.0409067418898415,0.018381663469228288,-0.011386977128024854,-0.0032801628266851527,0.0029896502617428886,0.002675197719847129,-0.017277512957834144,0.0171463954433037,-0.011568694236186757,-0.012237342252956813,-0.016279536259801775,0.018889759558987772,0.02083494510611752,-0.003023338708843991,0.018485164111414387,sport
101,-0.05490710372257606,-0.029978648235222758,0.015533302386945917,-0.0722459482167098,-0.026020376658384775,-0.06200710601692032,-0.03424386802128181,-0.010715151363565809,0.004625219665815648,-0.00487910022739714,-0.008363283263710011,-0.006521348155631048,0.04597876864379825,-0.04717703020707208,-0.02012259116002428,-0.06377308655347554,-0.04430061118903243,-0.003863708499670998,-0.02370988792248829,-0.012768127296591271,0.028853229964559968,0.0006987598198533014,0.08755064913151205,0.008408285071584259,0.04822928355765869,0.03372437938562427,-0.07399092436161293,-0.05994523150778687,0.03342526590813489,-0.03362965949037731,-0.03204621744774097,-0.019223818095873216,-0.09794120778983029,-0.04605351058471314,0.028599839455980287,-0.007165402711019538,-0.039508969548034345,-0.043339017547699685,0.020759745217191778,-0.1601959137185983,-0.1696692754893127,0.1398542077112226,-0.18044292867082332,0.032428175822864544,0.12816312597839905,0.05827818185457648,0.067417545900632,-0.21254618748528278,-0.004784646029649011,0.14239377025081695,-0.22294307499600005,0.02189113891282029,-0.2247463411838034,-0.11766677042631311,-0.147184089928027,-0.13836220165158178,0.12166058976796522,-0.12539873297822762,-0.06551207508545139,-0.04390223365378455,0.16617436250214637,-0.003510533579957591,0.3106957762781274,-0.020632023641714355,0.33674854482600697,0.05448104060057082,0.06763507786787677,0.011731897467826808,0.12576335124762758,-0.11283423622747965,-0.15250670593486454,-0.03312246873850633,0.0882310852468408,-0.14863567677954095,-0.15304075157796518,-0.0131452655227185,0.004907021090866921,-0.15328727470651085,-0.03592382661111576,0.018005815847705813,-0.11619625702947968,0.02628084515023531,0.12767725379368697,-0.05391074457146086,0.15700150881394792,0.025807360955741133,0.02004225217578409,0.09468988040135791,0.09193040120779501,0.0549202427062794,0.06515112041777896,-0.10745712180888234,-0.05036988205548818,-0.14532725449330303,0.03324880888974282,-0.05918626500810761,0.013452783482464812,0.04594527953458981,0.018188747156996088,-0.020442715274063664,-0.057993116588511515,0.0006986464615268545,0.026162958399967125,-0.009432775204973582,-0.013771531287592733,-0.07693034902703702,-0.02581192563115327,0.027248272418438618,-0.020982550784265436,0.005466576411001531,-0.008346506415157188,-0.0008830726560323699,-0.009277178885819028,0.01294057578522363,-0.04106315096497515,0.021258493110295935,-0.034062034164335,-0.0030074684404486243,-0.006194984642740208,0.031811534695428606,0.007859043659407148,-0.011918225337224975,-0.032278819754054,-0.014214380967597707,0.02417492305809154,-0.0159085672722467,0.036023896849020624,0.050948909454879523,-0.04363073150976611,0.011225023577542355,-0.005371316167042715,0.005275309307503111,-0.009861310897945934,0.0026194191605200612,0.018506837875778007,-0.024499744464700546,-0.012390678566757464,-0.01473320774927007,finance
102,-0.18869117333064056,0.39274274870563375,-0.20943213437285071,0.12381788279561655,-0.008279866308485496,0.05021666384287053,0.12119648837662611,-0.04642899981337039,0.18492010571077988,0.0769493269522764,-0.012168539102595166,0.031045335091172275,0.32895886963973586,-0.15493620645481332,0.1363339099107614,0.23716720500779853,-0.08617981484419665,0.06588531914196175,-0.07906958262473587,0.06794969737195167,-0.01612408945744914,-0.06100464980176595,-0.08354257455146961,-0.017115335954127057,0.020085980332482375,0.02918702099101212,-0.013616673472496753,0.02350548835333204,-0.04758156729968322,-0.029898840125158345,-0.022724401998369104,0.047834914509762884,0.0525760729635114,-0.08712133341262014,-0.02406267447772012,0.008624660685793298,-0.027910961321872298,-0.034268141437149624,-0.013437328682318271,-0.07485185708662122,0.0627698598793371,0.01346757945584935,-0.008640233442631028,0.01177402889996941,0.02531184487074217,0.010634744645399328,0.006404730546254203,0.030387464990351554,0.03418202350262579,-0.025000433099476617,0.043346563039605206,0.01089600283902476,-0.049028412985611176,-0.006141495589802667,-0.016868231652276407,-0.021950619259017076,-0.01616008428954665,0.011638502981354512,-0.024754279983959345,0.0029308352077161946,-0.0036223080471164174,0.03349172057339731,0.007431324843461483,-0.04201085829949146,-0.03745597504504657,-0.0020780190931170093,0.011885429913328915,-0.049502414394457815,0.001787896476878828,0.024188036006320555,0.016259610983290637,0.010601756312634143,0.0236436527578213,0.0191931972742131,0.020174458784520462,0.027837286006918635,-0.016807325425451308,-0.0023529601951214093,-0.030340620944944743,-0.004694964691465758,0.045311958503922896,0.044214428392417696,0.011929199998711995,-0.028774008794412706,0.019993736201981298,0.029131987129446642,-0.05117508478061107,0.024365716236068202,0.0008210283985551648,-0.0036366206241916165,-0.008611993176334112,-0.04831044899390736,-0.018505141621107193,0.015116920473473641,-0.02226576842216583,0.050681586879814305,0.011573803823256188,0.008905408226125091,-0.04198584324495032,-0.019072485415450837,-0.039839215924903845,0.0002563355053014355,0.0163160153796646,0.007922445056007138,0.04182300737817778,0.004837316527058486,-0.001787432964213582,0.02929056461236733,-0.010612194977249904,-0.038606144943744904,-0.004514415814186977,0.0189380233295899,0.0331261913607943,0.029415614196214683,0.013500351360812853,0.041180313124332436,0.026587364353330964,0.03152232750798366,0.020561514685172883,-0.02323041369885578,0.0717307016082112,0.00709817460681814,-0.016140282829305908,0.021354937065336446,-0.008536888047129987,-0.06218608326770438,0.011317128831548923,-0.04707144862594039,0.018828886759858294,0.01027015505501524,0.04256044618013555,-0.010725413342785869,-0.10228137728151807,0.05294430947303161,0.05448805866375855,-0.08164698403108693,0.05546772702379988,-0.15206198779404184,finance
103,-0.09813371520463673,0.020889264136902126,-0.012909099317498287,-0.15793931159696833,0.04438786477360633,0.005013002008524496,-0.04680860543432068,0.011779689756307457,0.0989654036821606,0.020765149119304247,0.04920657530448171,0.05478159194321946,0.07755480083714814,0.07910113836301746,-0.03136499633124292,-0.05671978237387362,0.1361621629083632,0.017277063920791827,-0.02357104789619958,-0.020767471173904116,-0.09881006209304716,-0.26182787760603166,0.18524954738175278,0.5035874477861096,-0.2807210654602894,-0.1333760091075698,-0.07544925033416514,0.11634002631368091,-0.12619154363841611,0.08849522849208191,-0.04945226595273366,-0.020954356364089505,0.08764792950238684,0.0018058433030203463,0.07048097308282988,0.002842717279864649,0.041589307786605384,0.05506482779002287,0.04070442093594433,0.017712598441181608,0.05501105232641588,-0.004820010116727537,-0.009699800658192839,-0.016235020129112182,0.03558458167010031,0.04440998984847556,-0.012522448193101384,0.01082200432080272,0.012513614205814125,-0.006964204698403432,0.027369938851444234,0.017951360226410612,-0.005462247535828655,-0.016186790049538543,0.004633667496929371,0.01261559949185935,-0.007770927766201319,-0.026130550608437962,-0.007933333043105624,0.007841533112029803,-0.008723308083816685,0.00026892049708429513,0.013038978529084259,-0.010756849022570895,0.00863912841335998,-0.009523137028111327,0.009523846362050569,-0.030817901158780067,-0.010315196057966096,0.006062281391950211,0.023271709210659804,-0.022156295167153773,0.015632717567354366,0.05012288489983904,-0.04672617316173707,-0.00016726639831887984,-0.027588801291560838,0.02203986694316913,-0.04383642500939617,5.180169097527994e-05,-0.06796301282112979,-0.0011843514085291653,-0.0002040455113349744,-0.008784150802084466,0.030392413875241636,0.008958637987748257,-0.02345971773908231,0.03291286252139228,0.012369747001601688,0.00316286624147268,-0.007458827670331012,0.03122216607184085,-0.035268419902997596,0.005636889795058455,-0.011348422884300517,0.003910164684243433,0.028322297153439303,-0.027879687744950407,0.029850759893316148,-0.014020015630965561,0.010400136929690395,-0.03264936082983716,0.027292415604687065,0.020731863503956602,-0.05660917138783768,0.01900957404760309,0.035481911180284965,0.016327359646656544,0.00023132852853659846,0.02915067404657817,0.027388177539493564,-0.004021110334798696,-0.04742448365875001,-0.009226557720280566,0.028314632879477015,-0.02855260385675077,0.03786447636029576,0.07887251812898885,0.07629885588776131,-0.06905740554969646,0.017969282605575336,-0.10854694064517538,0.07754266103362142,-0.08449234334870345,-0.06864484975825696,0.12745945675461748,0.02967187973583128,0.07020248740387323,0.030039306602331287,0.0885074087611815,-0.012028206233578509,0.08126734849169234,-0.10308569729242673,-0.04128079572128685,0.18300619471630958,-0.12439072824106769,0.10579272956044536,-0.179603192553759,finance
104,-0.09417891723019906,-0.05987659220857777,-0.0069188768122953135,-0.17090579601549677,-0.0015341367984509967,-0.18825150214824707,-0.19668582263461198,-0.02037272124207414,-0.07773158830300352,-0.10915702315919072,-0.054308954498387775,-0.005433940893978182,0.09597750236425154,-0.13243587182851363,0.07610841292728483,-0.030573412338847472,0.002411087317529967,-0.09199341098319282,-0.0824168108912578,0.04443182323320917,0.4691863647924713,-0.05123323348036602,-0.12182566352421784,-0.07708608588989159,-0.12573379803425797,-0.04300081129314387,0.027553311945910933,0.1564872578606605,-0.04616573435352956,-0.1815235421657379,0.003768872788634577,0.06515889481462522,0.010625060169231775,0.07943119612092299,0.08849226544819346,0.08991871426266089,0.15062110923972502,0.0004849409133901482,-0.0043478896082733715,0.20386768843854525,0.14346487082316597,-0.02516214178777916,-0.07413381097732423,0.0727578431018367,0.1439010490873929,0.08192506794789621,0.09331959844783926,-0.1675031228598528,0.07462634831685282,0.01361294419296996,-0.09322172708381671,-0.04849145554969467,-0.042053385433808536,-0.0962546011647046,0.02725528875402482,-0.048372422659103055,-0.10320092313274062,-0.0035676651608867425,0.021531344224176976,0.0005443771145075469,-0.06204242600031634,0.019501252391423328,0.027614527731639107,0.044923054616480156,-0.0731343011847013,0.040806284712211593,0.025911922969521,0.011580586297695117,0.015102540003832274,0.0009130456390513218,0.017316043581624897,-0.04629816106251839,0.029479002967257424,0.039857417387379565,0.007488191320100027,-0.012074134690008306,0.01282727431310578,-8.230713249760322e-05,0.04711966441362182,0.030669435104256754,0.03276912463915305,-0.015994195832199593,0.02293470096771227,-0.02301887459351745,-0.020464732698018226,0.001716993454025361,0.005770348897628137,-0.01119376448245763,0.00177793910134016,-0.05210253461324531,0.016769799705609413,0.0032360151978374917,-0.01978399503319917,0.006357254155916896,-0.02758989876758615,-0.005250285536608144,0.0050306682959644035,-0.01623483500479324,-0.009186899330915679,0.0041102482975555275,-0.0012524863613712178,-0.03024393840359691,0.004555053653717148,-0.03196340909275345,0.014914930996792987,0.0013106272906321355,0.01982393658924483,-0.026977252274122877,0.0160822285086708,0.009932411336886366,-0.013590065697692801,0.010013991497568587,-0.0034010102616471604,0.010824078706328047,-0.016896639175131282,0.024888336918040464,0.012796894151614547,0.008601104103230613,0.0057042390184432286,-0.024359053880939435,-0.02704813369574162,0.013788319822349184,0.023282197165751452,-0.004885390713259768,0.006902105066898882,0.04044260155134931,0.0116861678891887,0.020840774278805603,-0.02642678070537793,-0.0013969418117326495,-0.01654886350141107,-0.014069623058764597,0.030140866456051338,0.07406407125708521,0.009858239131587053,-0.0022660745342978814,-0.009440357750333838,0.024174964447023006,finance
105,-0.18642662992430617,0.07606904801348752,0.6536300872282161,0.1387873376342136,-0.020941428889246223,0.012841189743285067,0.00953948550080591,0.007046024028312795,0.000703009960229492,-0.0220167366746221,-0.040121557604586834,0.008987097882734366,0.07816803931655154,0.005540315471017159,0.012476288468180668,-0.04762960854749832,-0.02092037020719906,-0.05520187922978631,0.06228995524846722,-0.025965231015905744,0.009970717290580858,-0.05196281969377528,0.054186935772455855,0.04129319559190522,-0.04537328589508095,0.06035228566287201,-0.07022893862719544,-0.00649184610132759,0.04915695346767999,-0.09938234480486148,0.03333370654659736,0.11812858766008608,-0.07250675650391748,-0.06184485571663682,-0.12268179223475113,-0.04161589259144178,0.031885830127137804,-0.00547641152798202,-0.02788886815761101,-0.025745155743362075,-0.012774938167349979,0.04898833046189782,-0.01693039392215406,0.036815332711891316,0.002131990203560755,0.029484947990523497,0.021591733933331244,-0.03216286629536203,0.01554554588646769,0.08370496818923978,-0.048736360341688705,0.04987279705799375,-0.01784938197348096,0.058746795982589126,0.016714819425595717,-0.012067358930010546,0.007219520590714671,-0.0001641449951568384,-0.057039639297829285,0.0043381474407057615,0.015899490198141852,-0.015546659098819476,0.024302389106352403,0.005275767905134809,-0.053302151850762064,-0.019126122092879408,0.009114972525685033,0.009752813957995094,0.008017642951527541,0.04314335493992664,-0.02407066553579781,0.0208269125869788,-0.027675274580851686,-0.0016839519360154756,0.03904934627523006,-0.024817778545144505,0.030243163635993,-0.05949545787808471,-0.009574267275136602,0.02999741288362439,0.07375314943224612,-0.0019924582410091657,-0.010304898162257447,-0.009812443150613762,0.0033660080829353766,0.011111201928373438,0.0549487250232857,-0.04858706186386234,-0.0365780067236731,0.024970514828363398,-0.05896032764805313,-0.03932229764268405,0.02399819961033098,-0.01513519572059583,-0.07667813973125391,-0.032370025108954634,0.021415141360706363,-0.0019711962560044444,-0.08038706297392217,-0.04342148303074593,-0.01919648332738563,-0.03773905117806861,0.012525917288443851,0.053389557740517124,6.55081882070395e-05,-0.024276899229563158,-0.03707741332549815,0.03742242322930453,0.025151335936052645,-0.012277665612622685,-0.04416616528175349,0.019880320720321205,-0.03152243508686991,-0.01270055805336472,0.010084674182444159,-0.04243027219934205,0.0837344434934575,-0.0014972786259924073,0.008532209820186105,-0.05719769913441311,0.008862599709468665,0.07709697683498509,0.014739801137500699,-0.014868529426048846,-0.025413470972840434,-0.022065601577910654,0.03146990125771633,-0.01306727467650514,-0.01698207748573359,-0.15567754040841858,-0.0707284367751453,0.03357615373952859,0.03849727996481587,-0.07208013625465791,-0.10547339248123268,0.04174195622096441,-0.00390053239127564,0.03788260702206925,finance
106,-0.04890890477259702,-0.038417304345314,-0.031362762959205336,-0.06139790872685787,-0.0037221331482071053,-0.059407483930990754,-0.02287725862149427,0.028161034175144744,0.013915289764527555,-0.00258413787785543,-0.02186181383361021,0.04773193985330927,0.0390969041737704,-0.035551516146081014,-0.01632787287130476,-0.012688936917470459,0.03415061401149035,0.037123357006294815,0.01097967860191393,-0.000641245423235569,0.013685295491631524,0.033407494959813475,0.0252181295913263,-0.0024390633619739504,-0.03186253289954242,0.07437131541458442,-0.007795600600245794,-0.02465325445371204,-0.09824499834925242,0.04606472123088002,-0.023766883097420182,-0.0819233817962731,-0.190249511506297,0.11353773581960717,0.07396595755137199,0.009495752788440072,-0.17856479139351839,0.1973873019060321,0.008320399304424011,0.08025052055468955,0.010599779608102778,-0.0870195656772014,0.06926925579424102,0.3513648370350688,-0.057156889230134116,0.24885228838133888,-0.0015808726317840937,0.08580915272222261,-0.18707167343303366,0.028338883270585324,0.07777669109874098,0.15859489606479557,-0.2190318057249327,-0.044781217471961544,0.04892751698034057,0.034730322314966165,0.08053797385883452,0.19221641641230916,-0.019633707148253965,-0.06015708866270847,0.14046751413082484,-0.04722869872288589,-0.0631252509630236,0.10490371528839655,0.04908898653599816,-0.03888090894739252,0.10247868303543373,-0.015465160128525578,-0.09858217006614434,-0.15608407792330262,-0.013164822827305519,-0.10014613730689453,-0.03729272613200158,0.14397734120073782,-0.08531871731643823,0.050676717546593156,-0.13789377517546186,0.0415770429474987,0.08759196004303897,-0.12001966916274238,0.1574202999419286,-0.2154168220482391,0.021036382671810502,-0.050389212155865844,-0.07654163557419943,-0.008595505195241004,0.1278297282481965,-0.00019244602028395212,0.06068050973661373,0.025787514467113994,0.013352831957605846,-0.07025549022018983,0.14809097959525344,0.05398595005895575,0.14619731845376963,-0.04802668688001319,0.13961843134646676,0.06238980261545952,-0.049296979510967925,-0.0393860610248759,-0.050574792474007195,-0.037513610098055726,0.08929354920719468,0.019549827889976067,0.07501114850380695,0.0975244503478286,0.06045139422534639,0.11401077470687009,0.0691328244499682,-0.02218107233577228,-0.058856516910679335,-0.10279621619963442,0.03780457501825094,-0.002055347134216656,0.027998714073848133,0.057123662425556554,-0.010441231126048587,-0.02248424721716306,-0.012705803280067138,-0.008860062215078063,0.0025010939389193704,-0.0044782342601700055,-0.03634457321449997,-0.0009369377791142007,0.06498587338894177,0.005493584030980183,-0.0024720090046076097,-0.010881008027363089,-0.010469332641255838,0.0014306014850829398,0.030883244809469215,-0.007896347128927915,-0.023310106223101347,-0.007138294245239732,-0.0288996370419772,-0.011362855969941748,0.003838522425806065,-0.025232871831628187,finance
107,-0.07347764658794242,-0.029804492603566733,0.006020024159275818,-0.12065650126752486,-0.0031160009190251262,-0.110714532390862,-0.08451874596491825,-0.0021186899801349285,0.01891694470585511,-0.003098577119602415,-0.056654142313176066,0.00995337788398984,0.13051056989264753,-0.09394685577551562,-0.008425327310905418,-0.21306418170905206,-0.042574189324179376,-0.12371911830033902,-0.0538064820920497,-0.009408642319316585,0.05337753185079588,-0.14989325392391034,0.013128016733838434,0.006272250609626061,0.16980566860114077,-0.13439446583440653,0.3788778674751051,-0.16610748033150768,-0.04441392534862456,0.0013356801964465796,0.03446126482065003,0.05367139352368239,0.09880059248661335,0.019125147982865534,0.015460291081065865,-0.08429275817403813,-0.039105030679955737,0.0011711067077120223,0.06582706408830821,-0.05692829304394878,0.03799468599713079,-0.02449203469371114,0.015356793426728601,0.01133082660840551,0.017136022914770423,0.053134152714487466,0.043008231025866685,0.024786867808983926,-0.042331949979932226,0.0020787650070321967,0.042780057033321106,0.047790972040384405,0.020180241677048582,0.004109593071270972,0.05257939219805512,0.10758103669244477,-0.043714066057130914,-0.008225333704237558,-0.1379042487844593,0.05362935607947708,-0.03198626609931223,-0.07657059323815944,0.026432731883178094,0.013739152736711528,-0.05985409652417045,0.05297048903090777,-0.15916885404244882,0.09335212406619507,0.03151754823949589,0.04066677692959053,0.016877549143291044,-0.047250404104088185,-0.08821448127544887,-0.04605962565452519,0.010163032870966135,-0.07049481476561206,-0.1385963177662225,-0.04095983109608406,-0.09472195494377711,0.12830630155037634,0.02368281564061158,-0.004672376248798576,0.00748178258111034,0.005821819202496385,0.01503693067591879,-0.013720522850920208,0.12420028237024809,0.07741488821409089,-0.004719956440694469,0.02920484185390844,-0.1233172774724494,-0.06238074886532386,0.05770911466745018,-0.05476594759028101,0.014742418535646725,-0.0892777583794373,-0.12679479665181612,-0.020803658100718055,0.09088644966806195,-0.25192251169329793,-0.2222325082506346,-0.08053214769844678,0.024838756530530626,-0.1812465786123425,-0.04121043988769293,-0.06858227999900626,0.04178301621960094,0.006447431378074004,-0.029119566498928925,-0.03511880586735146,0.14120080774825428,0.0023865140621346995,0.10624356350879864,0.009614240749225138,-0.0640290944685512,-0.06572390667436387,0.10101670068997967,0.021224415141351302,-0.05933282121116735,0.0372985567181061,0.007814157070740471,0.06720665100852785,0.039725939722987304,0.04489080296563816,0.11263851473856538,-0.027871006070603176,-0.15028813775576752,-0.1293003412717261,0.052807798848560905,0.13886117228747674,-0.07200494813974337,0.03275982388749553,-0.04316385405925701,0.005581431118239828,0.028617127970627498,0.02554376784308643,-0.050779112474995426,-0.016492194345593354,finance
108,-0.11923763864211172,0.15274370508625237,-0.09224969574395943,-0.027422642044614906,0.010783198182168508,0.002419329588846064,0.03050497465072752,-0.00781823033196622,0.16275249881047776,0.024524653786288486,-0.003038487464775483,0.02898622941884273,0.2225471801675285,-0.05684719594172248,0.09071639054257931,0.1164824500861443,-0.04748401904350168,0.0506328128009746,-0.005958204684719432,-0.019352214131009238,-0.08256013232782682,0.10141942451089928,0.07238143337803966,-0.0026448127387847507,0.020326263045152677,-0.03910504190346471,-0.06770892042640497,-0.03995588434682982,-0.04561058117510126,0.027134296654101095,0.10401563304600636,0.23967656299289875,-0.07043266310608665,0.1656457214453936,0.12955411206596285,-0.10672205301249163,0.11079920378507196,0.20530338532032863,0.09217589414355196,0.0608476070489076,-0.21794529523102363,-0.08969992692047792,0.0718740874186052,-0.04102157465126613,0.023465200997790155,0.048919443628437205,-0.06021829399078806,-0.03661017529347621,-0.062303022408881095,0.05087056317107345,-0.04838472918058932,-0.2138067405976781,0.23568703174322628,0.019159721252990872,0.055499628143549376,0.005817048416305146,-0.05264585679866677,-0.028783049362154735,0.040597768052422156,-0.06703302015239107,0.02067462975732669,-0.041196625190628264,0.010776872043751011,0.08708988095668317,0.027212537504041977,0.05452082181577878,-0.0844790342443661,0.07065571681146099,0.011474108445653759,-0.08192195100094575,0.03226658979011269,-0.04803113114208557,-0.014132659848427721,-0.026362618547519062,0.021536449051238655,-0.07754731032564562,0.07524250375355457,0.021517405452921887,-0.03251895917906811,-0.07227284415597503,-0.013389942581260717,-0.021517615586159448,-0.06497229188242994,-0.03520256226352711,0.06046335919682026,0.0048327441215668225,0.010748710285100438,0.033425428059470214,-0.0255646855876284,0.03506623929691733,0.036148940565666685,-0.016570418290320327,-0.061744200151286684,0.0604429446623141,0.02119481037044818,-0.009719974129145237,-0.005438964152910561,-0.00044266579211614895,-0.06464079729375691,0.0486722177216588,0.009044645929767833,-0.02271547777628389,-0.07303006478462606,-0.09639585166181966,0.04135951302778267,-0.05720142753596972,-0.08700084355508608,0.01593846761049782,0.05850993628876919,0.021730335536852982,-0.13001433472499316,0.0208832082532389,0.2081348768007509,-0.16752436021152753,-0.095012390149418,-0.09413530798203398,-0.04414238893822285,-0.06414861184202107,-0.004276446466755674,-0.06345118703880023,-0.17227420404530405,0.06131328491837253,0.0047281542651163265,-0.008243190984720783,0.12251589708011788,0.03496538031252725,-0.1315501348658852,0.17106738510840283,-0.09285534587915198,-0.03669169520923731,0.12071445984798283,0.13741526790040756,-0.01302718153997288,-0.06273667039708623,0.004718722358913511,-0.037155217269392374,-0.014706446977505276,-0.026145787624900982,finance
109,-0.1069704017705323,-0.02316635857630076,-5.14547335599699e-05,-0.4044141528926437,0.239476840900778,0.4255255165817167,0.16191034791957745,-0.030251700271046972,-0.18961220026216336,-0.019237855825541775,-0.03552604675403477,-0.004629135296217312,0.02848411018849278,-0.05430158825835883,0.01289853145407856,0.007959479750718075,-0.013837324013340235,-0.037377078918249595,0.004113507065094673,-0.004392671145174481,0.042037802413135296,-0.03688169526377935,0.018526555470124974,0.014234337126122381,-0.03580081533729689,-0.03201863033898164,0.0010886082628369733,0.008166890453241076,0.015392389271949856,0.005219675579042384,-0.001998600788289221,-0.011820762651768138,0.029757384368127707,-0.0049831835827976725,-0.044539787922251134,0.002358730775555878,0.011856030011314496,-0.007665509359973435,-0.024327583978787266,0.04242152158077443,-0.04002478966558105,-0.01876048644483611,0.0516418533743675,0.02371076580695671,-0.040548362573586315,-0.07829277145973237,-0.005266865054483918,-0.03967139752077011,0.012904319598416236,-0.015990630597468483,0.0034444499707590886,-0.05943884306035124,-0.019216996053414405,0.023481358880326927,-0.036908289541187904,-0.026435053807764692,0.02480432195569206,0.07532685272810578,-0.021718903092337753,0.01471175816379086,-0.021677592922285032,-0.017842080982548924,-0.041410268271387767,-0.01612909143501511,0.05628451196663288,-0.007739975016396781,0.0039468288147583505,0.0225559166691873,0.0564453909463087,0.030166527796929746,-0.007024663338874929,-0.018007619781612763,0.07386583840573391,0.015592942878283545,0.01819049624909611,0.006508192178085832,0.01568980267101877,0.011209125270732883,0.03330188691496116,0.013202100222080067,0.07260540926468213,-0.024210265912645672,-0.002262972155505085,-0.021203043476871023,0.014885458753161416,-0.03799306107977628,0.05587632688249502,-0.03300556296087941,-0.027833480119098083,-0.0050823322531194275,0.019692681847387514,-0.01127950075361806,-0.0056733284221016115,0.0044597494553962535,-0.0010924829598286765,-0.019934763749864092,0.06902877973946642,0.01457791403601346,0.016834632550555093,0.009828583781208561,0.004368941476026958,-0.012617252642005654,-0.026186721647211697,-0.020183281594730422,0.06017020837461634,-0.02692265219239335,0.021111787344970045,-0.07200638225097035,0.025424934232239942,0.03325832511483779,-0.023724503600835268,-0.027406217803751413,-0.03268250521340863,-0.04662851251664504,-0.07551873539874704,-0.1184117691402952,0.08962210241413893,0.08595618554851268,-0.08566384069661219,-0.01840496050305313,0.026678160703359627,-0.10662606527447374,-0.00936472739874812,-0.005768649912560409,-0.03952926090506344,-0.025177023062778227,-0.01938671481336728,0.04762994234929619,-0.0602270286600809,0.12664263190056163,0.032605493422433976,-0.15958108786422018,-0.08480667445098078,-0.04705518449084876,0.12912719017103647,-0.00549488370876895,0.08012344989492683,-0.011476876611727495,finance
110,-0.09380443560082752,-0.026018077100382873,0.016692467841727884,-0.41256424517377593,0.2798229819664524,0.5376613705523636,0.23832727017992159,-0.02652237666212897,-0.273925041376653,-0.03325040034617984,-0.04161455483561913,0.017891485622483844,0.024834091053395933,-0.02627518557458598,0.005502779939898999,0.007281589034248683,0.0036533192702728665,0.045723569716131035,-0.032989101373781735,0.010893429536345353,0.019610017170483263,0.002844536265100849,-0.009693147294991936,-0.029620176058458667,-0.0212226268740673,-0.0009694758135025686,0.030510974035281874,0.0068075821798134015,-0.003532153165518576,-0.004673991399715209,0.010393825141238584,0.027005880307605055,0.00810125303637485,0.024982091483193865,0.01079033890385826,0.004736305335673643,0.02164512427682259,-0.03398352054732494,-0.01777545592683576,-0.00976409274944924,-0.01739289803633861,-0.003064878035902693,0.022434378166031804,0.024854580026256377,-0.03262267547872432,-0.02663923663400679,-0.0033989968903181582,-0.049292515747915336,0.004436188454413961,0.012225381156380895,0.02054895497429665,-0.01763080718540036,-0.002073963040337213,-0.026120954037184733,-0.02958195296682914,0.0031162166884359907,-0.01815502403511694,-0.0038016105720518377,-0.038428328368305925,0.015596921968011003,-0.03350971782475535,0.0162837951500466,-0.007452751869315308,-0.0023246617487179917,0.0007482397172923198,-0.03445744286439976,0.0481754239009347,0.0001629693176351213,-0.002818832662591562,0.01306797501466183,-0.02250538472937261,-0.02818463337802941,0.00927212758603878,-0.025833608537093062,0.021955994033143616,-5.386803855655504e-05,-0.00685721242348037,0.0051505905174431986,-0.0013778926146543356,-0.001324612447942116,0.0034259411274690284,-0.02635976799047034,-0.0052997139127308815,-0.007100659064841892,-0.021229429642026145,-0.01530044199169537,0.008410956844681001,-0.017647177683853574,-0.007428420502012482,0.02913050762471016,0.029654565708770595,-0.00442155682523697,0.0029525448478407014,-0.02727982136594741,0.011016321158786762,0.011625828482952403,0.03384018927478042,0.0021720761273044766,0.03170154228837628,-0.01748937051327528,-0.011742674577974663,0.008233455172860282,0.01305705158042594,-0.021593926463105113,0.0012397910935811308,0.035937050854632474,0.023494100088138185,-0.024778466915978535,0.018090870186604043,0.008237013921508211,-0.012407448207493184,-0.033499038016578664,-0.011963581895828242,-0.03401112018426596,-0.07804867937972523,-0.08492465458683733,0.015119248824619382,0.07449116078502607,-0.06115209928117588,-0.004066220884047781,-0.007247353056371225,-0.03240381513794221,-0.06645701210168961,-0.059996261578108556,0.005302143427576495,-0.020950340895398312,0.028879280656452223,0.037952905239106424,0.053722831980344186,0.03023872853295409,-0.02842400873551132,0.0065391832949524015,0.02445516675931831,0.00393049712530359,-0.008325810775114318,-0.01616996647987573,0.028897018809700054,-0.015812439969763118,finance
111,-0.14686193878321654,0.30564148467309465,-0.1712140192970408,0.09109236404626325,-0.007230029146374326,0.0771777855781508,0.20316082332474047,-0.07590810248293511,0.30133741514401374,0.1241436159819715,-0.038366955040734424,0.04630013495068993,0.44833341573935886,-0.20585679290598918,0.17318151308885593,0.2947399268571959,-0.044325882940479726,0.09800419909959124,0.01025354096432597,0.010128930986716939,0.07216982037047358,0.03882879765637977,-0.04150176189123478,-0.01558100203073005,0.09671493487537151,-0.01883153243406101,-0.06652518430195037,0.0011441081439271077,0.023729587612952283,0.0473552480738027,0.05589715538311526,0.06969308280795795,0.14418312276806397,-0.09944050897067236,-0.019517305635253095,0.017073970578220823,0.04154618221988711,-0.009930804025213041,-0.006457392182658109,-0.037393032301832455,0.02030122205282064,0.01086086888040548,-0.026212835691223676,0.006858087941427782,0.0368562186523376,0.011976235571233949,-0.010595227590313026,0.02011256106546932,0.0019078191126019944,-0.037058981638150114,0.04784354390134554,0.06865208286860568,-0.07268674664302292,0.023816140897362018,-0.003276990868893478,0.006268783733450873,0.006243573148897416,-0.012186977580530715,-0.03275096344612021,0.02307907943314614,-0.010193173129290784,-0.017185470201232997,-0.0031757429629097255,-0.014074117231377869,0.01939512270413295,-0.007508883169256061,0.009111900285599727,0.013386848225506865,-0.03574533153212234,-0.03196962689218528,-0.03049728491691296,0.015308367802427301,0.003437345420118642,0.026922630426511492,-0.044668151068118715,-0.0005795710880593127,-0.017389777648465228,0.019924654900774195,0.0055942120586855585,0.03229680044393516,-0.015874525234436464,-0.001656493480897994,0.010865934744871457,0.012742609636642852,-0.020738642492874892,-0.004729147683024119,0.012690579526554559,-0.015703987395449277,0.01104869427263691,-0.03481158221544505,-0.015049906580296235,0.03835808126242052,0.006762532740632053,-0.010476907986108586,0.038715982374173584,-0.040359719702083324,0.011236686408773837,-0.0007226425983643788,0.03407331845891814,0.018198260583224265,0.018887021914312574,0.00685812826006257,0.03019024054743563,-0.0044570691881466755,-0.032534345228329355,-0.0009259849877111643,0.016778053739891358,-0.027390184643215004,0.004861299419660138,0.005319538255272379,0.012946367723464533,-0.01552493493364683,-0.03406263565203836,0.002653231997355229,0.0014959115882804766,-0.010810669344578652,0.013211999612749057,-0.004628914013392669,0.024181613638575388,0.02214326443114642,-0.0024567779526104873,-0.020448924891813006,-0.0010171258749104054,-0.015196417446040148,-0.015739957675622307,0.05675800734748104,0.009050361080088925,0.04898243924829462,-0.0010813461326576448,-0.003055207909136379,-0.017034509679136188,-0.03703091322826215,0.04162371516920715,-0.012005365482550106,-0.021400868611477428,0.05096852768573048,-0.046268051817536446,0.06820126770070692,finance
112,-0.07082711580956258,-0.0008690175476129946,-0.027401281983065604,-0.09206996926548007,-0.018604233533516933,-0.06973289776534886,0.04249068416759133,-0.07676577615247988,0.0009804123747681188,0.00546853820850985,-0.05254262919524778,-0.01752403420591641,0.03645923178488955,0.052143344596585116,-0.01515180092385042,-0.005142086492184272,-0.026069423791415705,-0.049791098223281205,0.029018848095651202,-0.0753570335837218,-0.08198004481145577,0.165778600731732,0.020407909910102027,0.050568905717379396,0.05245250157462119,0.032462747180181835,-0.041665397532884375,-0.06175613688835627,0.032388691129151354,-0.024596474588666133,-0.07207924084595549,-0.21672052475566583,0.040340764946673546,0.2834250791243171,-0.20937140427555825,0.015626956433937186,0.2211724033291165,0.07717239355854215,-0.08149243284330297,-0.174210376738037,0.0022221532719886258,-0.07637767663725646,0.016319192013495163,0.11278389477674004,0.16545817942695965,-0.05041006390991978,-0.03399113854468896,-0.10594150057967903,-0.05800617634171093,0.005754105999087435,0.12416259871728538,0.05573686289292323,-0.03948066015496868,-0.07533136482232983,0.12056939379569488,0.05782799995096521,0.06674457897824579,0.11163473251182372,0.057093603271828844,0.034744793213875094,-0.11557002291789797,0.02577471349967516,0.0008912287730117137,-0.1262890804091426,-0.12195192557867662,0.06308669893661067,0.045335358783759126,-0.03559488730198345,-0.039752104685938705,-0.021692656178233963,0.0009177417440553988,0.011670189843165368,-0.07097089012409238,-0.15399580151902248,-0.07570348596589387,0.03950504677509702,0.05750820389067215,-0.06469790458747114,0.012929406214443643,0.05141197387432764,-0.061821749163809045,-0.13400872682418605,-0.010001972394527799,-0.004287430293525456,0.0069772301945396145,0.1419801978564917,-0.112230262523407,0.03254264398198169,-0.16489179580383195,0.0347567649314401,-0.01235137201250171,0.0769660342038843,-0.21197267544076917,-0.125083415573339,0.1123634645425646,0.07328722979929463,-0.07499397290250553,0.047250511166709315,-0.10778923081041215,-0.06941325348785779,0.13203259869381226,-0.17019620623175793,0.08064111213901777,-0.2148837663227696,-0.0050745876369791025,0.010966007825167639,0.12948301450949762,0.04051975679336452,0.02440301026575346,0.00743057008682165,-0.09453018485809836,0.12646714098841805,-0.0828859047222178,0.03975300448443814,0.04404167274650271,0.05171408878634966,0.0022578535824246313,-0.10458628981915292,-0.08686401829048945,-0.010485081168417445,-0.00042753181145987546,-0.030330777575175986,-0.03795149143319809,0.016833477891896455,-0.022192293730681212,-0.03503804251931385,-0.05364929945441279,0.02707973994630649,0.01240242754630286,-0.015614468707970319,-0.025302868046288896,0.01427610868461623,-0.055578497146246825,-0.01023293594578032,-0.013222737515182452,-0.003990220953231921,0.02443608233851049,-0.016008435551541567,finance
113,-0.04136194819387451,-0.04027143484356501,0.01723759737618638,-0.05013155451930236,-0.0028425494462917273,-0.024233450915295267,0.025021787368255433,0.02693134106150472,0.07704175069360612,-0.006600238828866422,0.023868286370947272,-0.0049749316429477525,0.02241130765994886,-0.04540928106173569,-0.0212391333962695,-0.12162297126314349,-0.05599347484068735,0.029903281772291797,0.06003700909644452,-0.047233385534978224,-0.052464479685635154,0.0025617671429699175,-0.018042753223651127,0.0097704286279588,0.04682114930004082,0.016396373853116056,0.03472281346263973,0.002494271672016088,0.13104855060929974,0.013877211846759392,0.04477408763137258,-0.16036815875176763,-0.007394487969367826,-0.00022809783495961365,0.13325196716109236,0.09914942735877537,0.024144186483724003,-0.07446447678106136,-0.0880713605661275,0.14534520039114743,-0.15945183476492525,0.12461731763321245,-0.20504275691819118,-0.05093977587824225,0.023853146839722793,0.1394572858497527,-0.031041280496049067,0.09471383039721024,0.009766804540513752,0.15196313051305405,0.15083222106834476,-0.017340066572038206,0.17604662604192847,-0.20687913806016164,0.06741830649884621,-0.22171160941618268,-0.05528561282264486,0.12620383294684043,-0.4461332609952963,-0.1800739914277188,0.1388239056000474,0.21981999255182996,-0.10799546915819101,-0.09160264353962125,-0.040232096919134604,-0.05591654394821363,0.031549583918858544,-0.021471511472709103,-0.14927659227002285,-0.08597863377160839,0.0049896089822024925,-0.04799171694768562,-0.01762691661980094,0.017764033545248744,0.10455608396050675,0.11313230756499469,0.08521505789648819,-0.031970375483306786,-0.12375709306549718,0.040883991298195886,0.026024281383177632,0.11657893167436133,-0.07998599617956662,-0.06402710404128101,-0.022551315400920053,0.10232463262197164,-0.0881016493681799,0.03313946413067018,-0.006499564294361485,-0.18348479369660042,0.044468449699530135,0.06832743492436606,-0.04914820566990785,-0.047279816693773215,0.08877939872395231,0.025794253692925304,0.04274538542020169,-0.014941305549390526,0.019809128623990566,-0.016474840103138263,-0.0024469422181044712,0.11657621010174937,-0.0038398741392572412,0.05155352106278919,-0.012544924668345355,0.009592133601699446,0.04521255092068333,0.027076162223400188,-0.026514059129517188,0.0015753985802215995,-0.005363285798316547,0.0348311827236114,0.017280759930471155,0.018279944724235733,0.0001979139000004927,-0.047850100331091175,0.0055655070999353394,-0.012908538838144051,0.0005822519925425726,0.00941512944777181,0.010258848919106991,-0.006094456790196294,0.0048506973988910055,0.0517086081299285,0.06049420779634798,0.029608671155532187,-0.036486857148073405,-0.014221958683290941,0.02621114632330534,0.03650806863738198,-0.02868502633193158,-0.004716372565196803,-0.003413486497432601,0.0010683926993130775,-0.01219536381214186,-0.0017008708872827693,-0.015271576286691145,0.005918417097677696,finance
114,-0.12865364295096954,0.02256618779346543,-0.03767123378931216,-0.10668716803243136,0.0033860472413182,-0.12177222947316245,-0.1825429086101396,-0.025929530035443637,-0.10188676455967194,-0.18739682994145745,-0.008653040656058337,-0.040196038128733326,-0.030668343928684224,-0.10324905648567913,0.043030203036320755,0.06867396273319584,-0.051313499542637926,-0.03401872145471466,0.08498774429372577,-0.07361786602583252,0.041450197160125365,0.0474256953951031,0.059191510617734554,0.10979946688545326,0.032260693727873616,-0.047748577950205776,-0.15922355138162975,-0.05014352101947139,0.0012111643653553745,-0.11277349400002167,0.02981561107796634,0.08791471740943455,-0.04669413637246412,-0.027010504928903,-0.07295198923498063,-0.08220617916699505,-0.1568902960502296,-0.15637460640398557,0.06318936386522937,-0.12749252791678983,-0.16021532865056803,-0.04412992652996643,0.012481174857875551,0.052356719508271435,0.0445585413864999,0.08886652091852362,-0.09623581032629006,-0.09831982758859019,-0.0030756538614173843,0.016423724149731693,-0.0221069250499827,0.04899401964342843,0.005851287626733001,-0.06969130640055878,0.08986531195734508,0.04300134072203285,-0.0041973235306994984,-0.0007795918836159423,0.12139374815263587,0.020720129815873203,-0.0248483469927222,0.017859532188516627,-0.03741422207558992,-0.06864914502543634,0.016954355718273275,0.01136927173169832,-0.030771785974402267,0.05405977679657124,-0.11069165111208819,0.0486298905443401,-0.08180458119237327,0.076754749920041,0.01994253952844998,-0.01783519710560511,0.024020653500859905,0.00048457778321439306,-0.06367283807349813,0.10157377246105871,0.08079881133284166,0.0743115522285513,0.030095020568268297,0.01277995590000656,-0.2312929496416107,0.0690117700197945,-0.09776087890967089,-0.014347926283229987,-0.007955682490647497,0.06958395316602191,-0.004063937918619708,-0.10778729930948214,-0.07272758950080524,-0.03154052906707445,0.04846626188030559,-0.062219736137769134,0.1680262824278311,-0.006006081282715558,-0.09150221508207855,-0.08220152991266352,0.035954998068588886,0.10337754931216975,-0.01879497232206219,0.15282855394400052,-0.07060518766852188,-0.024603171412793775,0.198893497095714,-0.07179357247679605,-0.019033477037680515,-0.14050219109539064,0.044688995543490165,0.07129159747558146,-0.1689183552246211,0.0004551055835533656,0.07901734837579148,0.0734912659026508,-0.2153989980364033,0.11450687572594365,-0.009062809809364995,0.022409630668486297,-0.03488373332296074,0.09595489078597583,0.11230293578347708,0.062124329345948866,0.10102428026320792,-0.028952128320129385,0.007913911800029864,0.052445601696848185,0.07775059203231645,-0.018160699651933745,0.13033160294512033,-0.06056490716018468,-0.02627605134731665,-0.04090097277310168,-0.0653078706822404,0.06013872508450255,0.06279112054315943,-0.040085430498414135,0.009016792755012881,0.00831739145707953,finance
115,-0.19356204445902409,0.4460133289628522,-0.22798239881328794,0.14786022571839566,-0.009894659031416482,0.07944780759689547,0.1802101570520895,-0.06624274983859703,0.26109355025912795,0.09351156651350094,-0.021141570688553855,0.04703001585673125,0.40878990301954027,-0.18788419481075821,0.16704644453300577,0.28016718440763283,-0.06281399991963792,0.08329918829494345,-0.024377401064908242,0.03449850527382226,0.012238378957469934,-0.006752466027868721,-0.057095420287318524,-0.013650567950299612,0.06608932959448514,0.011268121899943116,-0.04070624437851834,0.021528246231520644,0.004122536758745874,0.0032351453099731405,0.011063669319175193,0.028943579329019052,0.1129367221755662,-0.07313334776538093,-0.027121502679754494,0.018671310063846508,0.025164361306379338,-0.02282455800121513,-0.00982775601972388,-0.04077250927801824,0.02147611093600853,0.010845823425488387,-0.018209657652335117,0.0005791415279006335,0.029761839272601072,0.0057403302498492854,3.140814582187508e-05,0.023670387908163396,-0.0015883006319431696,-0.03251756233067753,0.041285530931552565,0.052097333911366554,-0.07528436286275758,0.0075636145203228115,0.0019447025920090544,-0.0027969597692604257,0.0076134338489045605,-0.003852697904954676,-0.011467463904531358,0.02197086295114561,-0.005807661456662682,-0.004457340742411447,0.010436498832247475,-0.012235267537489389,0.008866674306279331,0.006389467718173909,0.022942499193604735,-0.008666569979278452,-0.027525712606573053,-0.0060144750019985845,0.008233661244749507,0.010441176282771506,0.015974428444555627,0.03296997788385348,-0.03617360777988134,0.009625178575943728,-0.01089775550355802,0.017326954606790436,-0.01899756661014999,0.018609129139745,0.006663637590405043,0.0065240862046159614,0.007542673833372648,0.01111034930371193,-0.01828373846627985,-0.004523273891233441,-0.0010683544396900048,-0.008657417464099322,0.0032455677542441814,-0.01413860418288375,-0.012973951385924545,0.020824794207571874,0.016179962133705216,-0.007994295846836424,0.02516017485086183,-0.04356882083054061,-0.00676303025645941,0.004229358012215036,0.009311780503947042,0.009269277952979096,0.011309210924688179,0.00880824204306988,0.01541498750022436,0.006003795828236407,-0.01812681011509867,0.0013369666389414327,0.008157221231014453,-0.013645606071870505,-3.826532225097211e-05,0.014656467817460822,-0.0022035093639637994,0.00778850538180451,-0.006376254893971601,-0.01010556152147104,0.011048603587269676,-0.02662363474431901,0.006784636462692468,0.002294359393655781,0.012725976342064424,0.009230883764904134,-0.01991810675958803,0.007017615740164391,0.0009244969670079592,0.00043190824944477836,-0.00859755961569789,0.033174986484659844,-0.017847307484560697,0.041618074090898384,-0.01717853280166517,-0.0007730567613082309,-0.018157948138257708,-0.012934143650259683,0.03683227149875811,-0.014440407133818686,0.00213411076121875,0.03999571936057837,-0.014689474099842122,0.04697944598816225,finance
116,-0.18381329663911664,0.33488703327389285,-0.09912385505211976,0.09948546682061907,-0.008372450763778589,-0.014354989093626582,-0.04676020589803119,0.01309778745920567,-0.09354320444340965,-0.025154825755940455,-0.014557451302891898,-0.030096296419768093,-0.0903505646853565,0.05147181808022265,-0.024922560490626345,-0.16285157766065095,-0.14288487349758358,-0.1355132492279841,-0.22133421163239722,0.20636661333713816,-0.24066099909887947,-0.18095374017428173,-0.22729064050008538,-0.05740621794326878,-0.04363593646573749,0.20125784638884434,-0.0003584940222996561,0.03852088441058993,-0.08735399226923232,-0.10574360551793441,-0.09341382503940422,0.01866577632668,0.015249161632318644,-0.03412587669155334,0.07609700561010652,0.007154806411640233,0.11993281956564576,0.024947237651001947,-0.024472874335429332,-0.06477749201262564,-0.11522180234177715,-0.028936398828137953,-0.0254867594549362,0.018376453802702444,0.029308935529107665,-0.004637882112341913,-0.11799506282131912,0.11687888409952385,-0.004885007596351678,-0.15304669027688203,-0.009432528268979768,-0.06112616363957234,-0.07400032991880288,0.005048885970454204,0.07503654571831823,-0.09166735869970291,-0.013990683589507487,-0.0050520309765198146,-0.005544496232003102,0.04831522194134353,-0.06930487929623452,0.022400843634448216,0.07575928519159028,0.029222859122095195,-0.02581756133229734,0.059358484376806755,0.05905918969954418,-0.044600655632234344,-3.9456686955970755e-05,0.02114361900485074,0.013708925088652265,-0.01443256108201523,0.06823025896087336,0.04608924544700615,-0.06469531327022472,0.045739833735465946,0.06297258118534263,0.04142963963436685,-0.044111480304339375,-0.011270691446792287,0.12678995713100444,0.045159283557088974,0.03315398188156573,-0.02658984813474845,0.006163413648130103,0.07845111788136458,0.03990076616314097,0.03108516866389334,0.03479758892190356,0.009415869519591355,0.04004161191298098,-0.04750822442831023,0.012554372707162859,-0.017964031457196033,0.009902734308515392,-0.015909720651076563,-0.03877801806071022,0.02197759791853933,-0.027419743748583563,0.014803643271955933,-0.014227085488527396,-0.00011794645684413023,0.0007723986309725763,0.02657277880001787,0.023424938405558496,-0.034716261847126735,0.013012916166039643,-0.037724965525337675,-0.005614524061466885,0.01584211194028563,0.0013030567144110344,0.020765128106644652,0.023287178550902284,0.0023411083834508806,0.00320242963567466,0.0034829111618319966,0.007841987416000297,-0.018574028632214308,-0.06028326020628364,0.015334912016648645,0.032222774258820114,0.0002195881971580174,0.0024934411608400877,0.0004456545805384989,-0.009758452695874498,-0.01944893637827034,0.02856608959571256,-0.050507544285213396,0.04242886220550603,-0.01023512153274661,0.01817987027262438,-0.009545219850485911,-0.03338433023336789,-0.004277793408458125,0.038889134709209204,-0.0027744832992989384,0.030657723356270688,-0.04927233407105678,finance
117,-0.052643273370017306,-0.0464537783453263,-0.0067053192822589475,-0.1612082266327295,0.010917861405829916,-0.038859707889286936,-0.11026834582359309,0.05594284261125214,0.2249842849735457,-0.071700304179067,0.14171886876447326,0.3184398860236302,-0.005846572950885947,0.5183581258312998,-0.16093753403627595,0.2565433224446069,-0.07827778626626437,0.06815404752357677,-0.15244992758128206,-0.04039349710645607,0.09098339256002293,-0.08308098497324741,-0.07529985914675238,-0.0836289417199389,0.1031672412611279,0.0947290113897143,0.09893277106402719,-0.043991247136328175,0.13860395660179992,0.03343031698307409,0.05717569220005601,0.039745173226853385,-0.04349438599400238,-0.013856641358227407,-0.06651872158461783,0.022266641524619612,-0.001400785434503246,-0.10644917380686716,-0.029203338860559935,-0.04576978801276976,-0.03973590935322023,0.041928549672029566,0.019610751376061164,0.13297764247766644,-0.07827715475867246,-0.020040305611256803,-0.02363727678198317,-0.07923218810881583,-0.01958818844062355,-0.01618078681961909,0.05752154240614303,-0.0903265134825868,0.039517267658069066,-0.05903926764120958,-0.013147851806420287,-0.0071876245804368966,-0.03405872431866825,0.006000904709749111,-0.01716978506699058,0.008985952447168743,-0.04290365671358097,0.02019481494136869,-0.019934989273038224,0.016976466908186473,-0.011358984202562239,0.008475810242186528,0.01648386212946348,-0.05396248039875102,0.021128839905171587,0.031755379129369064,-0.028344453265589813,0.005140133373293061,0.007307819676600442,-0.042410923914525195,0.023370570465601266,0.04229369964435963,-0.012861104627876745,0.003106794045081402,0.12786565509474565,0.036794903831160936,0.04714456006952755,-0.016457409060491757,0.016859881709300258,0.046739538396314825,0.003889632045594565,-0.036789058429437416,-0.026757511166553283,0.03673511055845573,0.0180149770158631,0.00900788328804763,0.04648556352926935,-0.032735909278292334,-0.004125616865118966,-0.02133439408901943,-0.003829437474736519,-0.013843325758419994,-0.001597011046370668,-0.03202444335939838,0.0940038889352165,0.022140797250404135,-0.013865321294685455,0.014800658130900512,0.045080168307449854,0.020125571351890272,-0.08055892173971824,0.05768318801451673,-0.037659027317282656,0.005269200537058827,0.0012499641404258475,0.011199866366714639,0.02938858527253462,-0.03720144865027007,-0.05192548460119448,0.04881631525743496,-0.002677051123460884,0.03311579085888712,0.06205163637197676,-0.004804967093493945,-0.06786128331195274,-0.019544335819502837,-0.06555305458648691,0.025564755392611656,0.06187278671326653,-0.06787175510583726,0.05379787777073641,-0.001168562204875206,-0.02376134139631021,0.052003315188995494,-0.031155199452588885,0.016984450401840774,0.04103439974295143,-0.002650259592937463,-0.010641322728615371,-0.019201032722754925,0.007246232449203504,-0.010877091708531293,0.012969724811591504,-0.02967489437417297,finance
118,-0.0728463658883266,-0.019914268011269092,-0.005556299718370628,-0.16438070556280163,0.03514423725655657,-0.0011242107335906238,-0.0490716235332304,0.021687376016162614,0.15897028112261583,-0.05650873531464117,0.07707934574448884,0.1272677161039011,0.0032066113597549067,0.2596408920760712,-0.07614634538754388,0.10405826168543512,-0.051940606749971474,-0.0021016132446382133,-0.08709215822484694,-0.012429503771337145,-0.06289011105938154,0.11095249856409214,0.0017511051450818636,-0.11866102394026656,-0.00814109077462063,0.010092628483615711,0.005885022235051303,-0.07389566959067063,0.07333523374419078,-0.0725362919631048,0.08208194650395317,0.04523379336819495,0.07646572143160311,-0.010496559577017821,0.07052084165493855,-0.06793708314649997,0.0761500860883438,-0.033977694161568726,0.06365622580159609,-0.012329929303250019,0.03692942188292573,-0.10224100235861786,0.03774224335033089,-0.11290648797582883,0.04610908849801468,0.03806405220631169,0.0627870267722883,0.1351967645132243,-0.08149662937388022,0.11195649867925307,-0.18958526294663444,0.11182087274451175,-0.06162446185114586,-0.11570473225648345,0.15961417178320975,0.06408764308937613,0.06758573626725474,0.11607707568517152,0.049330410533415955,0.01727236481706809,0.11063437714999566,-0.061169630036463786,0.10708148953956893,-0.05280288750573951,0.0606455136957917,0.06089032184685894,0.052878415024428985,0.09844898301259217,-0.0020124252538877363,-0.022700371559010026,0.16770344891713282,-0.07870940438959985,0.0959030236835992,0.18037516068803042,-0.08346432084374868,0.03383037293949257,-0.02647408391482496,-0.1483162892458882,-0.15524868078744664,0.022814685700024588,-0.1839446410044388,-0.03599804575291559,-0.17333825063414807,-0.036109144132396215,0.058188816884868516,0.0014733173693609273,0.018929863133007457,-0.14528204967843455,-0.12843026437968924,-0.0824200038807459,0.024888627277429777,0.11136248344023349,-0.050792041258189737,0.2162193454387659,-0.08058120881638908,-0.07263041779734787,-0.00705909083182486,0.04346284333106328,-0.09100968609837265,-0.025594561643518126,0.0713579320563747,-0.023670927371393962,-0.11336705962593202,-0.0007878754973657075,0.1313656612093349,-0.04816892980291652,-0.013144437578862318,0.004830897802209089,-0.08799637782990077,0.08527802183166713,0.011886518588571426,-0.045871629350401094,0.023323849023519392,0.01933697759377934,-0.03291053299324446,-0.10375635850116317,-0.029562064562256223,0.021647569088810405,-0.008215401491500653,0.0032515989510733165,0.03917593886935782,-0.003383293412587864,-0.06005674651428527,0.026059257244567795,-0.0837056312627064,-0.0642926764987601,0.06214364706459361,-0.1781660729451097,0.04656132758231097,0.054616465070722355,0.056785931665571804,-0.03133162593041766,0.022374858868984347,0.056514107907458005,0.003832625314888933,-0.027137577721183633,0.025784947551352133,0.016028784219198105,finance
119,-0.07546931594257088,-0.034280938323683716,-0.006725206611220473,-0.13114015177660474,-0.004241552868568447,-0.1389952779824782,-0.09671277282858436,-0.008349945620896476,-0.02284723388593387,-0.04918166585041151,-0.026981969822499948,-0.016066402821322948,0.049268254131010596,-0.08143032772557311,0.0385918518232899,-0.05971730229912578,-0.06626324802963007,-0.09701477253303928,-0.0912915805724367,0.09242193164904677,0.14755701080700812,-0.06561441064052893,-0.10908237739255956,-0.09045623402303998,-0.0082564152422923,-0.0027186690309790973,-0.014612088140256553,0.06611050084753321,-0.046527846155624136,0.14125901069367514,-0.02758091348509557,-0.09913610792102087,0.09549438255592615,-0.002285878252130226,0.11485843083940207,-0.025719428489196634,0.091502221870799,-0.012071007975730932,0.014022525793111128,-0.13160770732512939,-0.06867985834295304,0.06170065364775249,0.18434075701924904,-0.10509388939453754,-0.17455806608597257,0.0694374723698476,-0.08625141322897259,-0.15896928749429515,-0.04204846428586217,0.07624609425784204,0.04550789872630802,0.07678277181153428,-0.037084670402672056,0.2036530219802951,0.00038392414133299355,0.055373826956078336,0.044383570318014,0.066511848374944,0.02305148934207052,-0.07216111117317045,0.05491305610746472,0.09313951671868577,-0.09504883432298787,0.036230062853480086,0.05584016994729732,-0.006664993215188006,0.07051446326268272,-0.03173104947284148,0.05519996474249013,0.041897315220946064,0.13605817082321497,-0.14691737265819757,-0.12617058540436896,-0.05716588374520954,0.02295552523621075,-0.06794211082224919,-0.05917014817076943,0.037792950292898045,0.10144026011621037,0.19189343580282436,-0.06384060471646524,-0.01774994738244364,-0.12009309106139057,0.05085348199850599,-0.013103673124476873,-0.010887572997216117,0.07580172527808535,0.04876796387205661,0.2314013899015548,0.04213602973308739,0.01848399326154027,0.037045137954274145,-0.24674870619169123,-0.01320096333869907,-0.060130745618646814,0.044485379036194164,0.18837914375643725,-0.10856271596768485,-0.1163260001662775,-0.1551089645573465,-0.006168025190535565,0.12132869135300374,-0.16317822663610065,0.0121105812529489,-0.029808751328774516,0.02290700355940938,0.035241223821453685,-0.0015542568527878184,-0.03211420256258031,0.16958355168050107,0.005225751322702465,-0.05414407734297355,-0.03966091782412868,0.09384363454887207,0.04929515701359847,0.02828810020076344,-0.15641458361377986,0.050816971934541426,-0.0036375189631383917,0.058037502438628555,-0.01626209467052826,0.014554895327530586,-0.031887297764569666,0.06975029978521616,-0.044221976753190194,0.02974511415528372,-0.04642580080011605,0.06046708235523737,-0.020363288333653865,-0.01647662683121993,-0.030262603652909316,0.03125643544210046,0.02519936651136562,-0.015655824547654167,-0.013575192047523735,0.02126705299278607,-0.003537354586432229,-0.014280636679650426,finance
120,-0.1554511974123215,0.04563982183534721,0.43424553408882904,0.06269939879902842,-0.0011821051702598743,-0.012979926404143917,0.03430821007754565,-0.03100798578841488,0.013306266155448374,-0.04696355892564752,0.011715664253845378,-0.03037116614464009,0.02644684963169232,-0.04742679202756211,0.029127922242557933,0.001250114651653354,0.04181223464186225,0.0255757977724745,-0.11873319454022574,0.06668077987189096,0.03778756306509129,0.058842806230518005,-0.033204247501759446,0.010545781790416316,0.016021885696445637,-0.22933463614454386,0.045566701090386914,0.016758320987465936,0.05667668954876389,0.15133203981431215,0.04813531097723079,-0.13973808994918452,-0.03920119868079209,0.13369622024159,0.16681305575939787,0.07109841086720471,-0.18097783456837255,-0.21567425119520345,0.015425987909820015,-0.11116746712343496,-0.05995315828124961,-0.054458086416800375,0.030466093786124058,-0.11485519983566803,0.05895404006309281,-0.04661901373785756,-0.0941185533514356,-0.03349591403607071,-0.05276822616079363,-0.07651773140613517,0.017250459606143312,-0.061349864584211905,0.02556359582381092,-0.0997825953248319,0.04094225600758898,-0.10632006531906142,-0.07138380611054025,0.01904729030095534,0.06332415629470671,0.034720173798280525,-0.13818271440745705,0.012638589566326262,0.028711513293091382,-0.010390157962526484,-0.02717852091730224,-0.004090597155571629,0.03990853596208514,-0.054250859949031546,-0.045721146216689025,-0.06678322295276327,0.08809460818549925,0.034980178713348443,0.0025537325324243303,0.0828038346002306,-0.03513974740102679,-0.05819595358631259,0.09062607390042149,0.0020683755693024324,-0.0791830179781582,-0.004204707441352122,0.03137283542062087,-0.06744507972095252,0.17015856582291922,0.03844901676559757,-0.02483292783769375,0.00897810120674808,0.008448802861138475,-0.049796812488905516,0.01685456685855868,0.017603428734152982,0.05891711418157977,-0.05815745567769209,0.011316713365056952,0.04452549849568944,0.006783366106963034,-0.02783428571464808,0.08021641786298644,-0.003643096483753459,-0.011894501443564397,-0.007851856587037628,0.03375312072713126,0.00958041513619752,0.01596542424211804,-0.10603098978138432,0.0454297418760833,0.055415381801373835,-0.021255013334564175,0.06868761318047122,0.03769388822900242,-0.038761810612303466,-0.049062194795497,-0.06049970550754,0.055321631863445554,0.00029438002560376326,-0.03465977211813311,0.048580014734120325,0.036775287814476365,0.07552797178205105,0.06830765109064872,0.03451587408398407,-0.036387918182090896,-0.028710059967191524,0.06569693276112082,-0.05715906543156182,-0.08794826267224937,-0.14457509396481036,0.0657159477115466,-0.019071145318601813,-0.048364449794213824,0.016204433480180757,-0.06430479923982652,0.10958874265937346,-0.0007355862498221435,0.04725907691240542,-0.01603674149524978,0.08883655416102629,-0.05817316541740073,0.07058886545440148,finance
121,-0.15186313762998419,0.21711184583216925,-0.05141516656042972,-0.006362794370032218,0.027082771267171592,-0.051405864319023456,-0.08633502285165119,0.029331451978302378,-0.08735366420062508,0.11001741713129844,-0.008491082816097725,-0.051964168846680016,-0.08442210498968425,0.007367490876764525,-0.01198581309839581,-0.19265366210267876,-0.17183853700688484,-0.19591661815931824,-0.26850437851539516,0.23728531637429975,-0.20696129273810024,-0.1795086667167382,-0.2478129981621568,-0.06674515835874084,-0.045130647909363816,0.16751826326393113,-0.015870272191770788,0.06400838486194257,-0.04531827183733463,-0.03799285778872293,-0.025215774522593354,0.030451987413504415,0.04617786177817302,0.00897336488127285,0.08968446033053136,0.032535714030429215,0.15060927551012765,0.043571081174386316,-0.0067700646452513846,-0.06342434220404336,-0.1828088044508962,-0.02862499990602798,0.027681534210092517,-0.00277642201980926,0.03176249377283059,-0.03156503058427687,-0.1384654231328481,0.0734671534670731,-0.0005757827657977418,-0.15326709524731896,0.002814757129046977,-0.0034698309857457157,-0.04000167343762559,0.0671357534484423,0.09258532226426187,-0.09205857366503097,0.04715090425641486,-0.024980510066585082,0.017141548713299478,0.0805612282369352,-0.06387134571836449,-0.0033246049434328758,0.09778613554959689,0.03997255534278209,-0.044024205221684376,0.06566715988715574,0.056743775153575336,-0.0023535635908000846,-0.02768863968881565,4.285070383682194e-05,0.00863014905266948,0.003219499799421555,0.05643454644142401,0.055163954520471535,-0.06969680983719496,0.012374882482873864,0.059797754620076325,0.030142067144275156,0.0011734129540352984,0.012500304702920195,0.082013233794193,0.06037033859389316,-0.012389313545863319,0.037206999989932654,-0.023558122600621373,0.04446221201341722,0.06551651765567758,0.0247476418040883,0.027009397674125447,-0.07454978145158359,0.0005592996460422157,-0.021233452402969057,0.04136790080902804,-0.013209513294279107,0.07292102405243657,-0.05023901174714522,-0.004760273510753459,-0.0027035561532629533,0.0015805455291789216,0.056610633401267554,-0.003650379541499857,-0.023057703457336588,0.008727076110440164,0.0514809617597364,-0.03191816038690862,-0.005297576444678634,-0.012188512833455525,-0.02854174218732857,0.006444246984053858,0.029291293394890387,0.014677832392149873,0.019273551180139948,-0.002118555863666771,-0.02049898664848367,0.027937460617918797,-0.016623125746159907,0.04229362843343301,-0.031026595907781233,-0.039740214240314146,0.024837630029884768,0.007432644090460861,0.006265314207171678,-0.030050876328736837,-0.0031514659667415215,0.06389451531904562,0.022291060986851595,0.00925376051876614,0.021286615166176852,0.04136101369557436,-0.022492951689374572,0.013273428713963698,0.024403412708847584,0.012113222208818402,-0.05650892846208769,-0.04082720221546839,-0.02727236363151129,-0.0808304415554878,0.01320750803470967,finance
122,-0.06528164329349044,-0.0027421180792118003,-0.018517868848337483,-0.09061083924026865,0.016840152065243502,-0.03268624325597802,-0.019011233394413334,0.016590756537579212,0.0239952536090886,-0.018488400808448876,-0.02892894932242316,-0.021371303780514484,0.0403600790863915,-0.002515456115697448,0.012305997178701723,-0.22510001466424354,-0.1404230109303273,-0.16484871555099034,-0.19007960548135058,0.17697960528666498,-0.19624069118999055,-0.03150161381045596,-0.08316056620531553,0.008105326910460658,0.16568432519836546,0.0761599738465315,-0.23282674169856857,-0.0011900902831689865,0.24256277545306107,0.20672772443163281,0.17614115637998254,0.046530915666360584,0.0731510393161007,0.002868881123677296,-0.14895624574232438,0.056312383874438474,-0.10281191287937314,0.1124157123748364,-0.021699366368110602,0.18477966151002115,0.26441274630654005,-0.09452196273776864,0.05190633708670439,0.02471381210013807,0.03219075117218345,0.010167434278529702,0.05630856461287908,0.00035729136195632605,-0.036634483570453645,0.0018580763152729327,-0.07415149145924785,-0.040273387196863464,0.009764174999190791,-0.0773969502641496,-0.07107012721942062,-0.04747675819484558,0.011728680380325913,-0.0892348217107258,0.06718140497804234,-0.02415775270069248,0.00031717175171101157,0.05310289677618392,-0.02823158492716164,-0.01164361327878829,0.011075639269058258,-0.06772969883354227,0.020555267950938635,0.032074304586094005,-0.12160435885733951,0.010239917633293518,-0.006666640679745604,-0.024201852672190504,0.07425802544619878,-0.06952984322066186,-0.10235231901394919,0.012588892050358898,-0.0038475569915125242,0.07754067090832649,-0.05867348757483159,0.028852867942058078,-0.027340906921515102,0.025617254051787535,-0.07219499505550721,0.019700584607311486,-0.03445609060923855,-0.028663605803008634,0.04019376115108078,0.05937738827827106,0.03874989089948535,0.059400356547365925,-0.012497261368110918,0.01569528493131377,0.014007921284298707,-0.01835816757255007,-0.06628489080255044,0.02217829757329844,0.053159784737339365,-0.00798222619446595,0.035944373088776516,-0.09132666901854844,0.023209736916177087,0.010532520756709006,0.0038657419236412843,-0.05263366534350941,-0.03041547256468619,-0.016948833828767832,-0.019533777880935334,-0.026307772355114473,0.008918608568974409,0.022997441765102423,-0.022738510653022227,0.009235354049141404,0.02567971449209761,0.0008536614557946969,-0.013306602874546904,0.019920321423209267,-0.07175154077697826,-0.017139732961593556,0.0414180262370303,-0.045474732866017414,-0.08226959168218406,-0.09209853316576558,0.059017171582064654,-0.07797864525752364,-0.01532368921658315,-0.022507883543953576,0.06795797075670557,0.0416596583378674,0.08739580936655336,0.004813093068525265,-0.08099650615770242,0.04351621821980411,-0.04062436654998893,0.02853105684870598,-0.0770728364587062,-0.1786890420575569,-0.01097164322495036,0.1122174947828759,finance
123,-0.08279632400857219,-0.016454009935178204,0.005736315695140301,-0.15314010044110038,0.009374789654183958,-0.08029036315759637,-0.12651536060117372,0.014546647828242637,-0.036429980992155275,-0.09643194472764668,-0.019795396263735058,-0.0019472563604450383,0.020657002554724413,0.047541398000554375,0.04638894779945228,0.1325057812612341,-0.023811008523565932,0.024183997058342992,0.0045339019937743865,-0.051860485097270495,0.042157975292593707,0.047710604978767036,-2.48741205456718e-05,-0.053220105871643365,0.060398908128156834,-0.07195288304680587,-0.027550460423529467,-0.005770829180993112,-0.014058229327530144,0.0972205307205286,-0.12243090332942887,-0.2203903897279222,0.18006387759478082,-0.10406831279939864,0.09782015440837655,0.04883180827233551,-0.06164143412805188,0.3438437747513579,0.020538414554656003,-0.008508282799541253,-0.13205700905764398,0.1320544580035088,-0.0022432600189348476,0.07717309190143716,-0.10279549380134606,-0.17879895681730792,0.16235592237198418,0.11761371745918668,0.12830174030554511,0.07701839236635631,-0.165777966060277,-0.010330050248888393,-0.011655939404956711,-0.058191126213274574,0.021436017078442424,-0.06065611579238182,-0.07218464800209022,-0.035956990628200285,0.026845123191078946,-0.013064476399158843,-0.034020984208639284,-0.0074455576307382665,0.05943526731198568,-0.031766367820201896,-0.10741851754290233,-0.0005151751901688479,-0.018429504293667357,-0.008231291948373711,-0.040008144286182115,0.11089043787937167,-0.09941900886110051,0.030495721904457714,0.02356209298973907,0.07898444778078052,0.06314850640856555,-0.11670053013938193,0.07407465173047319,-0.006796175178496025,-0.029596227029668663,0.044991569012605155,0.10952987108574484,0.07060083463756983,-0.010361023928579313,0.03468120115651758,0.07534556004549044,0.06952984669630158,0.10175706193414968,-0.12461808116558314,-0.035248591663700285,0.018861223735003187,-0.07874173155454835,-0.03590820772661265,0.12110037916897423,0.058847969817754704,-0.009563852324720009,0.04721877620141266,-0.1019483694665585,0.036014447429651986,-0.013961236338293416,-0.1427011423118677,0.06843590981347343,-0.03188908782237709,0.09891575397024178,0.11035204568593272,0.08607739741915843,0.07009019588759295,0.047060828720813734,0.01976556438171323,-0.05021557649450279,0.0202245144058623,-0.04566402293286278,0.01424342025604655,-0.15147680543255587,0.04100615348183777,-0.2129623266270683,0.11106374012863497,-0.24297859848244482,-0.0027974393230988906,-0.04393895183782483,-0.02390033110979568,0.030568033085731406,-0.03963361846967728,0.021183237625710234,0.0525273655932787,0.00473507938600104,-0.031838971674866004,-0.1014785410433241,0.0952292533957468,-0.04077542626053625,0.07169694118889476,-0.007167317340091547,0.03003747933007133,-0.0253804636421475,-0.025788022148913414,-0.014869521519635404,-0.0316632995919903,-0.04318989958111049,0.017950369996875708,finance
124,-0.15105632216847956,0.08262856458807175,0.30144689942886427,0.012707900608497642,-0.009227037237270036,-0.04635402835456559,-0.111911789878825,0.001347416467746896,-0.11254758565379529,-0.187078700942706,-0.0029372641982606637,-0.021987436495953,-0.0621284486897131,0.0020656862752492806,0.029313279914786404,0.11939026042476918,-0.028461511485908485,0.03071925350492358,0.0059721398764675535,0.012578587146508308,-0.03735866762573312,0.023071238787644194,-0.043898287251856946,-0.0008539320363635203,0.09502827494444555,0.022965230004660303,-0.06659269604979984,-0.02760592677407848,-0.10267687863932577,-0.008389077774834382,-0.11134114409734139,-0.0681050783919005,0.2116627761988757,-0.10413827889637027,0.14870679566150563,-0.014556133055416183,0.008466602256769793,0.07517053612782197,-0.002925813291355381,0.06391156198311716,-0.013755673982256,0.020258636846595044,-0.10316712548257535,0.03232344154820009,0.049462040014299706,-0.0246237304690113,0.008146161612629514,0.14176445778109886,0.0511731130844498,-0.10926224552117772,-0.01220779363275593,-0.029311439416764368,-0.05321885359386764,-0.0766802186747724,-0.10916233354580349,0.09511878962880321,-0.06095244681013815,-0.049453805132255585,0.04647111759046792,-0.012025516355620205,0.025637317148706915,0.010739262206777548,-0.16065847898429078,0.05496875951327483,0.10777510905489973,-0.012137768397990556,-0.09239149462911322,0.008841675835577097,0.007699123460736844,-0.08823845137865201,0.026516664299803393,-0.03967180441787944,-0.057888141707431146,-0.09070723555320463,-0.035825915133192734,9.084633493970277e-05,-0.06225734770533146,0.06534223244759027,0.08286313315408786,-0.014282610027691227,-0.11210123368649418,-0.10632010387029181,0.1343333631704382,-0.032224456422936185,-0.03140635650375829,-0.037768111236041936,-0.11308075587717012,0.059202670947837446,-0.06911165872587677,0.08536423093027246,0.11648272663604062,0.05839360518798035,-0.03565090918966101,0.08621162318951633,0.017828979724853405,-0.023460866120680834,0.020298906013255322,-0.04149635826398951,0.10814801678046629,0.11953934745904425,0.14555271558489657,0.08546341647735033,-0.051337478677085394,-0.07731789452421522,-0.08479419975302536,-0.02867326036392325,-0.006628172659877183,-0.08476583183429465,-0.09429460677537765,-0.133900542786423,0.07105788521493676,-0.04484955539355569,0.1088675834366687,0.03247148133398134,-0.025978158948536924,0.031247879947746464,-0.057800080345203016,-0.07476530878915312,-0.1548455119209398,0.10623462400911181,0.09954400520147944,-0.09176210072955177,-0.11768114244976992,0.11933212578154279,0.1774512411404291,-0.003059858036964732,0.03502052495561658,-0.04861898328384947,-0.019853728448090725,0.019377936497046524,-0.03377739417467786,0.10709121576862313,0.023977571191415192,-0.011233437989665408,-0.01176375303372487,0.0031886040218102917,0.043534232461864095,0.03733763625677935,finance
125,-0.0616795946781786,-0.021267876030360653,0.006796405883634551,-0.14594605150360324,0.03724343505253602,-0.09010113314807978,-0.06404977024809448,0.023001345583621352,-0.017185786664958604,-0.04216631611809089,-0.05954678915395252,-0.033448172046441675,0.08524078542553576,-0.06034396643806968,0.031175304912445714,-0.20392812970315685,-0.10757348811700343,-0.14185182060777635,-0.1527076846850319,0.09925772708343385,-0.08902841655213503,-0.04040592358393072,-0.05422887482379381,0.07295952127243287,0.1555080188016372,-0.014847808583919538,-0.24447228111939964,0.02922203181790957,0.3054279152659087,0.1850786794495225,0.2120182849139511,0.08190198665360049,0.052352787204956924,-0.011863017049532777,-0.19484448462164067,0.06851257731595758,-0.16055922984081147,0.08857202065091316,-0.035968418193701904,0.13632261395316794,0.19975314427414564,-0.04910692275768189,0.08660035277797405,0.017456540769585745,-0.06746580913090951,-0.04492567545932766,0.07032461296298201,-0.016327342475084983,-0.028597610592193685,0.044748377530975034,-0.053033610780559716,-0.014051733502223532,0.061723648455843244,-0.04507370563273336,-0.022526247494373368,-0.023215247356374428,0.037052666579765324,-0.08180309226308623,0.01555083749035311,-0.02847126273257505,0.08515559315428636,0.03234386457017565,0.043484721519479866,-0.050797639558960224,-0.01900468601491844,-0.10533021333005463,0.09358150344302997,-0.01608800395636538,-0.09011666291626992,0.03660134457493654,-0.04588128943262082,0.028657965640447813,-0.017162997316942322,-0.04491913205670095,0.026581599343811584,-0.01911197737983188,0.013708238885274674,-0.056905114531684356,0.07750116876457168,-0.09008580813105742,-0.011542151561576588,0.027289055028218982,-0.011295678451245874,0.018310732323798616,-0.05919001361279478,-0.027573420261315006,-0.05787293310288317,0.04514657817792936,-0.027559017173662236,-0.0012612899244148453,0.03628978010584047,-0.0221808237696448,0.015172989223654364,-0.021299348610079406,-0.08684828215792946,0.022007841161812657,0.055868343888437456,0.02630337027461243,0.0060292063274994005,-0.013614171328571217,0.03212374850977161,-0.008298963954491576,0.0021957685387882287,-0.0816998790257794,0.0331264919073867,-0.010314893421837758,0.03496037213672348,0.03934478994678361,-0.019406233662864356,-0.05935102759572059,0.018179032446903963,0.002110317897927674,0.014786877617066086,-0.016825188037086325,-0.04314789103041856,-0.0014494046490219667,0.04055697882543319,0.0009109351540433817,-0.0037688759104759413,0.054209240340045435,0.05923029430764318,0.10507542787309213,-0.08950468028204063,0.0841824789564587,0.032223038711452795,0.00045875540150980146,-0.06372610862560944,-0.05384640362432306,-0.07230514511001686,0.006835602754718766,0.07997232422068924,-0.02894110456853142,0.03130941017174966,-0.029091260249784055,0.11837981933830873,0.18853334050820456,0.025135565364750825,-0.10324663611220147,finance
126,-0.08378652049751131,0.018589053762025937,-0.03282360447220281,-0.06536290295207099,-0.005977442929635386,-0.043601498678724634,-0.015896536163858395,0.0041724316244965655,0.06539711901606542,-0.0331085021058654,-0.004967806627748283,0.027912524628349086,0.052368498577821505,0.01645209334541365,-0.02639496734332561,-0.037297847539583165,-0.031168386323874926,0.007484509572233178,-0.040999511239006504,0.012537709767784242,-0.09283006244172366,0.1637974940566294,0.08339240095000161,0.0785576616625693,0.13113040035383025,0.0023776394966417177,-0.26935332044718896,-0.16178017447673276,-0.17517175356249862,-0.24161783645274115,-0.035419255644598704,-0.015125529460069257,0.009495394215585474,0.2321960435584483,0.27666641831122774,-0.1438796328688005,-0.009554617510777713,-0.23680091341593065,0.073467593529005,0.1967431105864755,0.08640944120273321,0.016072465367449596,0.05730435894131258,0.022073517648537995,-0.19026427074407518,-0.1263657789749707,0.07116847167618531,0.026008559069623596,-0.05637298290642759,-0.026501020022203545,0.01843899907457178,0.04512032750748532,0.04582820156150335,0.10318233978729295,-0.05944128829197306,-0.007299945824360889,0.019028623922748827,-0.058419272374827344,-0.07249698675174261,0.011340392362130471,-0.05886803639382514,0.02670327052531105,0.041595458127804255,-0.013064824272549241,-0.03302390147219519,-0.024210266677561886,0.015146666507939407,-0.035314255341723305,0.010915078667191047,0.08399214278388081,-0.0527156935794202,0.030335311853073525,0.04089110029801061,-0.014626649962592973,0.04066078004578983,0.0006561147730349823,0.004059000144528417,-0.004481377709023231,0.00972260063226379,0.00768707278522082,0.05869418051533231,0.07930898588782066,0.03521893720422497,0.0076112307712595095,0.020376916561908796,0.015741622596852734,0.02825271333193572,0.0451199540723148,0.032226969312155115,-0.03430112219695125,-0.10203971363364235,-0.027674779806018443,-0.026137815110299962,-0.11395357285761358,0.0070596322474092395,0.024523400620646223,-0.06706937054356354,-0.022275578945701983,-0.10255550671379292,-0.008037003510099035,-0.027901392732775254,-0.062248918758528116,6.789402571181972e-05,0.0250594725606933,0.06737292212395116,-0.022736945312639156,0.014531972731829747,0.03974659158572888,0.007343349636421864,-0.03750545338400419,-0.024409941878160833,-0.032593023927769395,-0.14116876210203605,0.11620993752875763,0.07591353800392872,0.02568773186107642,0.048886214260752986,0.015587934545982616,0.10215740111671004,0.10878047095341707,-0.13270765011998908,0.023220040327094498,-0.22501877473662074,-0.0026629492431405667,0.10471601456634676,-0.05358134529392797,0.07461545559511956,-0.012770212102323172,-0.04610626365760023,0.08341404882065512,0.13777056548919667,0.043173160028231676,0.02587571242157915,0.12093836144339466,0.04186987931559217,-0.03663634991780568,0.014205881717539543,0.013825571366295478,finance
127,-0.1991190306205225,0.08572015834519378,0.6902566510756069,0.13582609217349703,-0.008040455219928648,0.019603719889451646,0.036524278852291786,-0.016255379269040224,0.00563827079825899,-0.03888581888279477,0.01499640083794386,-0.004324220287961032,0.022299017079439473,-0.000995735099097181,0.0249510664732713,0.05558958434511354,0.03774574060254068,0.03586025112842535,-0.05285686709792239,0.044347002518710855,0.052349084726983304,0.02889996700689285,-0.054776015542274306,-0.009882793001867332,0.011401027939376775,-0.17179505769567446,0.05489733685339019,0.028047995781096274,0.03578592566678892,0.13313987488653564,0.01932805134480673,-0.13876204820138527,-0.056359155885454315,0.12852915356836617,0.12332633666317482,0.07708379519775309,-0.17076028997292278,-0.09391910850622673,0.03441132207468581,-0.04778724109753583,-0.0034096832696751365,-0.0520265041202212,0.051246546105219636,-0.10373359562169791,0.054335867099414535,-0.040157121928896734,-0.07274512667254454,-0.03784236332050595,-0.038976138162589546,-0.04734874072941458,0.0015754080970997472,-0.045670283490363985,0.021962962420132952,-0.07652802642427275,0.007213976518337839,-0.04898849506078258,-0.013793344594317098,-0.00708486198020353,0.03659580056632172,0.033626392769656406,-0.05739559199023683,-0.008929844588467838,0.0700017092435271,-0.043955202187722225,0.03427555409835159,0.011591090362355108,-0.001517949782322865,-0.042741115276176044,-0.03073293196821043,0.004191268732983396,0.016159939844879626,0.004648612393841496,-0.007886468463783044,0.04527662998827033,-0.03500350112616184,-0.007770329610007095,0.00993752269724531,-0.0033902219265482267,-0.023049819409535627,0.002523109758754344,0.005811618107233211,0.008062108527342024,0.029117803786693316,0.03122083758559365,0.016507576166379052,-0.01114511217817444,0.013885623554017226,-0.021154267141766287,0.004326818585098482,-0.013088490950601137,0.02474669472852641,-0.02112979884591872,0.037535809755175044,0.008925394738381342,0.0018555442789838748,0.001341102018837444,0.013153828141456417,0.006955486678464393,-0.0016467043268026907,-0.051885657018425076,-0.010546343054325651,-0.013383640396222403,0.010970080349361196,0.017744710938780592,-0.005084478151611604,-0.030522889603681873,0.008589346130314625,-0.023898175571809427,-0.011067761866998678,0.00939843665782291,-0.013952404000448467,0.009740944174116601,-0.027729427777338885,0.007196857397657306,0.005107421541478813,-0.004918130234878513,-0.008020637432985101,-0.03878999423077081,0.019583709837736135,-0.004384413226583523,0.007222896907443943,0.03054664447450224,0.015731425544760005,0.008912131408962002,0.01920734019242026,0.03936939081857389,-0.026032207168057542,0.01759677270367669,0.020438665992695774,-0.007090404220226523,0.020416707526582326,-0.06521765327018486,0.012494993144664146,-0.01858742605750038,-0.001303026225744834,-0.02517147305207975,-0.0021354297877808114,-0.028469788210936046,finance
128,-0.22525714445946785,0.4617172100531633,-0.17960829893512262,0.15525194525630356,-0.019461428057758884,0.019210562340638192,-0.0018415579246936521,-0.0013393194859919232,-0.08437095199731966,-0.030303745786527374,0.001073072930771143,-0.007478334460266928,-0.06002293775532214,0.021199467562548594,-0.022285878385928888,0.03363046593275631,0.006854125700425333,0.018951615030987398,-0.05391697325372205,0.059540915492686246,-0.07409433614942451,-0.06901444861744556,-0.06253499585105687,0.00680275411201665,-0.08866972719450461,0.03591582764057994,0.10473009318044815,0.0258899927922053,-0.06781955936318217,-0.03777471751346879,-0.06790325081656179,-0.10427045781503103,-0.18850232474413306,0.08864528018598626,-0.006505141339443316,0.018076691845049595,-0.12750158976965478,-0.002177911939313417,-0.005603384696497747,-0.012994389117823444,0.06790769221196313,0.007309463474132603,0.002927267151003478,0.09030353021929625,-0.07391008684273097,-0.006264757951510734,0.06984654942927668,0.04981891100800762,-0.09065280413522944,0.06997709565138154,-0.06852598209448676,0.022923490869142672,-0.09186396864820014,-0.007099423453982739,-0.0694523805139085,0.023996377109686655,-0.012712798075010679,0.007799400551873185,-0.0025940272456969845,-0.05116022610049545,-0.004346539106281328,0.03435280349137031,-0.018887918916404702,-0.01115325030677787,-0.026813723987908843,0.022880733756719118,-0.021618275352597756,-0.025891837342316898,-0.025347644906008573,0.0476055970979841,0.007271349458527418,0.006064516854873565,-0.03897106069452509,0.033849466145881246,0.08989000745019433,0.06927777532111837,0.00947006313224449,0.042911265864276724,0.013556413310525865,-0.010947235351087855,0.01364292386195082,0.06799265273420883,0.007109831860562053,-0.11371993813636358,0.02524345814463716,0.033308708329535634,-0.016731763299131928,0.020579776327539136,-0.03540724068844228,0.0073327354808258175,0.007062600513507831,0.024777418972854133,-0.055439136751655765,-0.000444481731223986,-0.11675444926381279,-0.029275138568005378,-0.10724157524692582,0.015321453723170817,-0.06353045588212922,0.04123924000336391,0.0021641983744782366,0.011884327904351595,-0.016335523250150717,-0.05067902821301834,0.06302280451628849,-0.10226473570118173,-0.0265050340755678,-0.05731415546083645,0.012434879439215674,0.043099778323229004,-0.027949179135937113,-0.004318207756509055,0.06501821304403362,-0.001726842254067479,-0.04950216541813432,-0.024726924799573172,-0.0514713582102222,-0.017528237836140267,-0.0035637364073888575,0.054471716257889394,-0.0866641091541998,0.03433323773544914,0.004283034620288962,0.007724750786258185,-0.048087706729869964,-0.004269219087564626,-0.06851970528491075,0.06353292787675874,-0.1143554333767561,0.07143349492452529,-0.10398227638088627,-0.04085982802239805,0.11632469303850503,-0.08978208365625456,0.03368376089457436,0.15838211756815487,0.16187857305604797,0.049916093641054225,finance
129,-0.07974047188464668,-0.02523725551382921,0.06560164860236187,-0.11833001566411004,0.009881267663394444,-0.06457496880914006,-0.07925058054139429,0.0026647388126511177,0.009418040984217882,0.048440885398128575,-0.026869537833037086,-0.01604508322629315,0.08863839166454456,-0.06066131745366316,0.027177877519027772,-0.08254640698312181,0.033324402118687035,-0.028470960347639296,0.005588813738285903,-0.02257611777566237,0.07024852060033762,-0.029940570949382173,0.028187060135786663,0.04647907644983166,0.024288153305377754,-0.03935131653077192,-0.02966427586273674,0.0228446351069437,0.046889163693596185,-0.08997176525632553,-0.016973819624760706,0.10678711198339358,-0.13000770262206382,0.01620012410821413,-0.22312314912450515,-0.11129657637127376,0.026012252039846046,0.03157077341803554,-0.03907768971059543,-0.07393284642750164,-0.057631540562784266,0.12375581392581383,-0.07677668734356571,0.009112862596669455,-0.18405220574103417,-0.09769544361358984,0.02845095720826574,0.2595091161822663,-0.18578437513319668,0.04632115868585559,0.13782218303304697,-0.027998496845291588,0.12825927576719606,-0.08778434618619722,-0.04095817967987585,0.021495896297232323,-0.02109474930212876,0.03641173847089334,0.20246711500006837,-0.12738231083974108,-0.076142934071683,0.13488262416784938,0.008708170679480133,0.033775591449162264,-0.0434321620939815,-0.09305292420203086,0.08378499841527294,0.018057399840714482,0.23003730699836183,-0.1372493045249394,0.16637797494177603,-0.02279749016759948,0.11422945706937895,0.2152156898222826,0.04169303086095271,-0.15847866488656093,0.0009323665355490556,-0.06546559587039408,0.010768958342193333,0.04666427795524135,-0.1425026733332254,0.09731715456374576,0.239199043174443,0.13412512325674011,-0.08611329733647537,0.019706910423104615,-0.0335326822820887,-0.06214336932174417,0.053902843690969884,-0.0018806838181482308,0.08374088168461982,-0.05564142724186328,0.021007237276876364,-0.10346749173315874,0.06967436227209363,0.026922830130959252,0.02605717327712962,0.10042974652886137,0.09488900375351693,-0.016317938800584,-0.09784923662588432,-0.0070848687187367865,0.008135155968335382,-0.029481046301519553,0.1468817954028287,-0.12034769424600109,0.13318307621014047,-0.08676058281379631,-0.059161665390871275,0.029936170729596607,0.009072285783589722,0.0512260451960106,0.009813817472420059,0.053874865534985224,0.0668456738185669,-0.0004345906443797552,-0.07297507470310231,-0.053517166170453975,-0.011092129291274476,-0.015987121691090966,-0.008157464408215019,-0.025633145070152245,0.01151513913112487,0.006229988767186106,0.03807823617004333,0.06178397553401,0.008575347354056942,0.0069011783711837235,0.04818810956245088,-0.02975067141703871,0.03376581192040163,-0.05266571688182232,0.03358493699718298,-0.03663194657628181,-0.005856876259074584,-0.029752550540520766,0.012822315408101907,-0.01519813043618686,finance
130,-0.20965448124726188,0.09462053141265953,0.739281069518122,0.15549731930270966,-0.01260671497229511,0.01699685636891266,0.03272759782445387,-0.013736018625001999,0.003040440708033323,-0.051425537084352956,0.005193487369835568,-0.0004036254676643783,0.03652103624414877,0.003179614617635219,0.02588324082447151,0.04311892182700122,0.04157172990926609,0.028392243566964896,-0.03816246541996466,0.03615345516077516,0.05676543624293105,0.017706097668954195,-0.05521950260620459,-0.011501695988989306,0.009979788088711528,-0.15059884302523055,0.04436649860323173,0.02217779467912593,0.03103142816080678,0.11465230355606529,0.022262985070036642,-0.1094553630362804,-0.04091512511631724,0.12373618200688052,0.12071544343690971,0.06773659049008778,-0.15171634717951546,-0.11752295053606548,0.04097591720574352,-0.04365649831100409,-0.002605621810168402,-0.05633739270887535,0.055397500125333586,-0.08759506807950257,0.052288008994613604,-0.028430780756399928,-0.07992688307265322,-0.03963940562505623,-0.04184023629715341,-0.062158402957588246,0.007484962006285262,-0.044122294499101086,0.026085731392035818,-0.056364599201648,0.0066820341684659,-0.030662877577130432,-0.004761605881789043,-0.007490928086274323,0.04670432900702685,0.037795192016222875,-0.052035787362609894,-0.007503365839423103,0.04370085682556491,-0.03910057473436969,0.030087293609785983,-0.0006853897845198696,-0.017853698779130473,-0.03574327392197566,-0.04077863379638863,0.009186004810086152,0.02333435685704109,0.003154297842357377,-0.019430583732696412,0.04092304737376886,-0.039101976460853574,-0.012179594255473141,0.005012729937864658,0.015014269805492126,-0.024221823462505097,-0.017704724538430614,-0.007147027632158477,-0.0016903951033158825,0.030617983469225042,0.022765129056489808,0.010712348670360649,-0.018700979820196185,0.008003654062290413,-0.010669233440049157,0.00018961004054899008,-0.008078450643518554,0.027782687090324457,0.00042120538517972613,0.0342764538506563,0.010444111991544184,0.0015998838525873055,0.016234638520569767,0.01918037159480746,0.008475897388930299,0.005918383807883664,-0.03615054383645068,0.007149943210330123,-0.0010471882227047636,-0.005008753432775417,0.016549972724587036,-0.011698514334042178,-0.01999542045030638,0.004662234607570271,-0.019462681766908997,-0.007930001706740535,0.004799919178688453,-0.014354009732169836,0.007540153594548503,-0.019743173373009487,0.0033934446855189817,0.005530388484488981,0.003243492195682928,-0.013168158917978139,-0.037752375543792044,0.006772293788090937,0.010588608325680588,0.007169405622913202,0.0218866852788203,-0.012022749551814718,0.023709211434069552,0.02733780328169867,0.047737650489696644,-0.02834269027038358,0.008798681699518321,0.016466167719197896,0.01578444029788759,0.03649269109819262,-0.06747912510157515,-0.003988737838285555,-0.008313367793450646,0.01418894594636617,-0.024470976095816086,0.013318304689012832,-0.03375048907625575,finance
131,-0.1561713183470152,0.08023029777458027,0.46513764206098235,0.12938285207983646,-0.017274065953959684,0.01014481590531465,0.00038694981979433293,0.01713266072353197,-0.02242804994338195,-0.017388751397478915,-0.03160118948995563,0.02878313379435641,0.03172213570368635,0.02139966454418806,-0.01170662522665478,-0.06354157148936876,-0.04083737107006406,-0.05789473994977237,0.05930412777651331,-0.040181323947670634,-0.012710079267430873,-0.025118044054516182,0.027626258456516395,0.006684527175249186,-0.014896894910119092,0.14325187801954536,-0.08952309688103437,-0.054852536981663993,-0.005980905146230027,-0.1377050079586299,-0.0019668079280705988,0.1603409649610259,0.0018688900392685175,-0.11085942824423307,-0.12396086943081094,-0.06574240264295013,0.09034516956960324,0.009568443976273738,-0.011385088063894195,-0.03933378405362273,-0.12626922359501935,0.06501793615310204,-0.060837853039684156,0.12282783620802203,0.010503970163864774,0.11724768509116479,0.02748553332103094,-0.006260482694975972,-0.03916494000398506,0.1052693769467664,-0.00798774317063141,-0.003272996902955989,0.04533403930422071,0.13609396821114433,-0.00856793852962895,0.013839427522394223,-0.03407980415361788,0.03859198172994848,0.01611619158572927,0.007161457553381625,0.0049724023990416425,0.11240351374655484,-0.08415505456203808,0.06650427686974426,-0.11064368662670236,-0.0651542715775816,0.016404704175896786,0.017240011947468447,-0.026137729489937162,0.008446448698463005,0.06476841130338358,-0.0012988992934852392,-0.02798711339275616,0.07869038620126972,-0.005013653692549218,-0.05941007712978959,0.0554615098453748,0.026670132911214634,-0.0726147306060887,-0.02182336031267446,-0.02062009549696271,-0.05366663269672376,0.1227804874182673,-0.06719879740487716,0.030301440561964064,0.006474216015208862,0.03177215750541537,-0.042286117065850115,-0.06776040530466548,0.09627263093390742,0.024785827850931638,0.03158042329650302,0.01857291131502221,0.051334193347560474,-0.0600918506390335,-0.02857597245267107,0.05753860576390239,-0.043689894236495,0.043741483267841025,-0.1373931333678345,0.15848545712555087,0.03235019940420205,-0.053401179031090006,0.050004662746150015,-0.17198971960566103,-0.011154496070923642,-0.018611742127188472,-0.06200770535616385,0.014328340781586114,-0.029242730326757185,-0.16246134614251337,-0.002740818499521601,-0.00853400144077359,0.015337332658998112,-0.059126577957491995,0.05952643916414212,0.05894842540846413,-0.013220975226470647,0.028035222920186127,0.1273981209173377,-0.018558960223979005,-0.08122302006534621,0.04778594630949361,-0.06831868253573327,-0.01604530242854077,-0.12621464144162156,0.039905756084678,-0.023087740648310498,-0.07090811864312518,0.15228459551353843,-0.07647989949343294,0.08182692375469078,-0.05556619045885242,0.16896882709541644,0.09504131868840011,0.012276900092246463,-0.038953958027576785,-0.051900582675887506,finance
132,-0.06870951534460372,-0.01406094437247971,-0.009516257913036227,-0.09308044814274984,-0.020324886239144985,-0.058540236334570776,-0.048664221026480776,0.01087855549293227,0.006670317953807313,-0.08084674294473751,-0.005046595471264122,0.06451781111165453,-0.005345581311047511,0.06444091262681997,-0.06426220312725632,0.01738584677721569,-0.09408756812907844,-0.03223447548053553,-0.03680091187014023,0.022564677667616724,-0.038613913714709444,0.18936569095420097,0.06419865070279078,0.07345535574543272,0.2054569010085957,0.041243004707562855,-0.28243290400638216,-0.19435079430260685,-0.1653502817630297,-0.265138978985994,-0.06944788864038207,-0.0669877756522931,0.11770143631495965,0.12287017928125495,0.2501867468259879,-0.15879182464247052,0.036346044874076486,-0.2225454849540895,0.06762247601750462,0.1675760422884046,0.17410904356235576,0.0023621258424007534,0.06420827186531994,-0.02038958445388714,-0.14200942871186575,-0.10179199591508092,0.05457927336694196,0.04656702909537459,-0.02311899375568495,-0.04677183686252328,0.017826087669461657,0.04755633437361519,-0.0222819253683723,0.06502907629508113,-0.043931080010446086,0.018708806944457763,0.012375158883274862,0.009009996795525202,-0.1277894922651999,0.0038531768680973447,0.0004881158669708314,0.012795847891197972,0.025804118772193196,-0.011605660001949118,0.01474359893450537,-0.028815122346962683,0.015932878745728987,0.0025924986787299936,0.03148600383640038,-0.05699818762114807,-0.018070253575036686,0.0007095529316950285,0.05181335498651194,0.03996185503459031,-0.04311513381313781,0.012073507298361685,-0.032823866948412266,0.018406204855203057,-0.010867354105222504,0.037517390238830294,-0.045017618191409745,0.01128672592717952,0.0633218859431901,-0.025859461972498693,0.025617742785214656,-0.05916873067132778,0.010523651566959993,-0.050311418881707606,-0.017946253781834256,-0.03654906238939871,0.019356748447935855,-0.013955392375104859,0.04343306524516879,0.013200651334905443,-0.028631699503398254,-0.0008656484447651865,0.10828936522411083,0.004872875509088487,0.03313829402371963,-0.014211041814608878,0.03375998330210303,-0.0010385239492228754,0.004950615131368301,-0.053231635108936276,-0.10245410184878173,0.013984437016905568,0.025253391175751753,0.014427435422010334,0.033345509683918965,0.05274230015837407,-0.005969615504175642,0.07231370825450988,0.07877004504281436,-0.10879523573885527,-0.07761416346512622,0.04067239193498112,-0.0040761271950896846,-0.012581759158863465,-0.09076966134894868,-0.12049567900623918,0.10664581990302073,-0.002074962481962976,0.2079044009336906,-0.06591286391302184,-0.06913710044089413,0.039844366739222065,-0.07387246070474758,0.04191802259939076,0.039458011291059664,-0.0914480758889851,-0.16415088681348666,-0.04736872388469999,-0.035951731974554084,-0.14428079634736926,-0.0683963961491068,0.03090129927822103,-0.013189968062658923,-0.027707789709612168,finance
133,-0.08083552176124455,-0.003880167461011187,0.012088735000979529,-0.14321415999858472,0.03928950889262928,-0.016985251575008572,-0.02933880773101591,0.018631645674104205,0.018142315061626276,-0.0707733225176391,0.007529705648459335,-0.016902170851859414,-0.009829200975035727,-0.02890521206652411,0.019355852248957705,-0.10796655671957398,-0.0726164333204274,-0.08518371182200618,-0.02139877049332134,0.04239705181847392,-0.11329404372567228,0.05462951411192551,-0.012056332099653962,0.00395839300645633,0.14166023663914495,-0.018701544865146576,-0.19255831469522985,-0.006213856833043712,0.028421882737212162,0.2000110986145375,0.0023107314871264376,-0.001367930017311482,0.025125042217678965,0.008687414439292036,-0.23285785175463955,0.0888617649316227,-0.13381351056537188,-0.07417802421375301,-0.010329562774344924,0.09667514928348826,0.13930824543000972,-0.0011466759218086058,-0.01645863454308281,0.01798687521601895,0.06254857034212064,0.05440770714902524,0.08552233252995382,-0.08491910003582681,0.027841276814110756,-0.024328273826562736,0.04821059557957683,-0.17575905201398406,-0.01176395177222676,0.11208839418405887,-0.046879563012231146,0.028321601037285607,-0.09395200880184616,0.18479949119205064,0.023027925226169352,-0.039547992025322734,-0.012634141123410396,-0.04280477193299171,-0.0824709725977664,0.11311050271599206,0.028266306373742046,0.18026673315903277,-0.21609052225994393,-0.09441233203210661,0.22079537040490727,-0.09324331329304078,0.09876530973705101,0.042315228838483133,-0.013070354888905029,0.031926413420574035,0.023074204151231587,0.009393847473615002,0.03498935480873942,0.07387931569341352,-0.13922167886207903,0.1362096501259462,-0.02658684473981709,-0.07916434572740154,0.07297028990049467,-0.18620751129680985,0.23425408401587147,0.056254360253875944,0.11978634484429955,-0.1497068978800947,0.01807904998273313,-0.08710406076791471,-0.06508886982810108,0.020827258728961143,-0.10032529505239855,0.024897155416711954,0.2333500767279957,-0.10173470727942574,-0.14873409787141098,-0.04002308578743214,-0.05768763507248494,0.14698873565878726,-0.03892205883856036,0.011598624830952486,0.03340723641418266,0.19028279508441168,0.02989901170913491,0.0248565493216272,-0.024483840859640196,0.03381629293442411,-0.0023907187683619084,0.03613639201166,0.011034462924495069,-0.024907229127799895,-0.04114707103981349,0.05719388332696199,0.04312585728064731,0.016352173946529217,0.007848770270774953,0.0021415879826629865,0.004398317577397462,0.041189022297168816,0.05377059579127752,0.01741909216732032,0.02494466775162802,0.007666488005889897,0.010747375552200233,0.04987771435793417,-0.0184948858358068,0.01721669799829831,-0.018706925523819612,0.004498182977318423,-0.004659602022091245,-0.0020603336754630446,-0.0034557862405964145,0.0155993999979996,-0.0163445303603365,0.02595643597597788,-0.016435163196878117,-0.038085626161224725,finance
134,-0.2592180453282741,0.59170250924858,-0.2386556567780218,0.23070805718668302,-0.020045667363398904,0.05078269190187071,0.03331963858822931,0.0002441623733094666,-0.06899454906921586,-0.015032191487267985,0.02621489097405232,-0.002193600901713903,-0.11866921596637997,0.07613759161867789,-0.06872356846033569,-0.09458606648479617,0.04955774166806948,-0.015020024375260213,-0.015175266416086589,0.043316879108557936,-0.03469425593308916,-0.0680104171332333,-0.03806840651372175,-0.01406966691674876,-0.08813823263919725,0.024997328986123436,0.08950238755904352,0.01748635655956252,-0.013594279763973422,-0.03009439283980894,-0.028233613594724774,-0.03806032585961564,-0.1308059548542465,0.08060473755895553,-0.004983810169539584,0.02266045162858275,-0.019839722486000497,-0.04620286975983443,0.004584191958031735,0.006235201045653287,0.030872804285518873,0.01014025939198084,-0.020011011199094993,-0.00474294966877061,-0.05380043457093379,-0.0469681356957041,0.055591213631725235,-0.01127609356207542,-0.0185539481067287,0.05849289520530166,-0.09512976890999743,-0.025246201827753254,0.04033028136424722,-0.00042773486768294625,-0.02575968982545215,0.028590973882962303,-0.019085608546420794,-0.0026005003834989587,0.0090226566333833,-0.03229610755403556,0.008919862665300064,-0.02252646222145861,-0.016834394137712656,0.01858472756864234,-0.0036022743686466526,0.005611542485991585,-0.049482043831685106,0.014920296378433602,0.01574476352591027,0.025961284417363235,-0.05130356065525518,0.014856603814452845,-0.017123517219482732,-0.05334803890943057,0.04944628447755414,-0.038869446705474014,0.025559187683517087,-0.02004397305365705,-0.030776543713735043,-0.001479276159257872,-0.0041064742125552925,-0.004192557311018971,-0.027976722660905822,-0.004284384906122591,-0.0028978260944336216,-0.010889042297367906,-0.028487577337442352,-0.0452304827920182,-0.019363436574551838,0.028363056872610103,0.01148245145839963,-0.0059058870937503255,-0.04408636544324019,-0.0011632864314299117,0.01893898343054247,0.021222571886011805,0.03139916994131322,0.011624252426798015,-0.0036477519498310748,0.006330344417810569,-0.01139669379807247,0.02129468686974614,0.015560616175562626,0.0036621484203728186,0.0646287442326282,0.02192047966755148,0.009596099633826616,0.0425023688475159,0.00522162404097394,0.015200985327656895,-0.019483107259093788,-0.03016591328236451,0.01847320052391783,0.002874186307993734,-0.02499271114393202,0.01788015559064971,-0.007979056452605543,-0.027221297773935102,-0.037292279205218125,0.02643256088828519,0.029430128793653823,0.02235357762685623,-0.01050096334507857,-0.004751298621304402,-0.013676099956547495,-0.0022462143109398583,-0.0097212614472588,-0.004892469984971841,0.005258996099871679,0.0017324067136225082,-0.03399565955806344,-0.024504440543597086,0.025744095046059904,-0.04895205337457933,0.031029751579432347,0.0740384274863745,0.06739952569501752,-0.006163363860618228,finance
135,-0.19477877614771005,0.10068593035504407,0.6704247000074491,0.18261500209593914,-0.02122938338906345,0.026028769001285448,0.028624339869389104,-0.00618958818841862,-0.026464598731535144,-0.00198879616867079,-0.008967509157356715,-0.002025803939787042,0.003167134765958605,0.0025259493699941763,-0.0007809083046732029,0.03267468528814545,0.013147181648567645,0.014392056604884315,0.004644237531268352,-0.005766487977099884,-0.006688590733881039,-0.018257919879709806,-0.015091767740862632,-0.0027557140621248424,-0.01792039069244735,0.009949435583616053,0.02309447977280559,-0.024634547192695144,-0.012298323043213402,0.0003958879149444072,0.0020486691071692075,0.001002319753646197,0.02381800604545457,0.0263265327660061,0.03822437103829521,0.028680621062121728,0.00134162524871425,0.0032526910886884796,-0.0039719223683912595,0.027415185282160987,0.04906490625363775,-0.03558760529332966,0.03176685818410812,0.0017171122250435732,-0.007855602892306765,0.0013433667541337907,-0.02179264139707924,-0.006675532709974653,0.029452233545186994,-0.0793187151380443,-0.005573755673545791,-0.03233128105115903,-0.02087378540023357,0.008503990508849285,-0.01766761243061542,0.06116032575753833,0.06441408150277088,-0.015662406721104773,0.0026840966154250555,0.0165693941082822,0.029873114090505807,0.008226148740336357,-0.02937435390206181,0.0024939934541878114,0.04313411583886051,0.008811767989224676,-0.04098380234731872,0.0034317244715161457,0.011471790333676044,0.04314648544387892,-0.03224452888527623,-0.053282805006292615,0.0020210693681043846,-0.004180600413640942,-0.029370511172327186,0.04642020706193884,-0.017735677461807074,-0.008962598690159192,0.014336142181195577,-0.05292420668083848,-0.03568249282390947,-0.0030707176127722606,-0.041245145725441155,-0.03356878423278862,0.015107540779729298,-0.021295235622939623,-0.01153039398043264,0.022811274074440703,-0.01650404646057486,0.019219329091333094,0.033153786310166695,0.05248335618814606,0.009774602417773674,-0.017110227996766154,0.0009471738377018481,0.06433085417101018,-0.01526962156916996,0.00022438298685927317,0.04627284690422481,-0.03721471792496625,0.03477665850982188,0.009250236288524682,-0.0437216666708613,0.06240278029816019,-0.05498351113586307,-4.9765287505667625e-05,0.015540329668828047,-0.04329804356503238,-0.01527866092990282,0.005516134136935977,-0.03677831780963183,0.030072787719998714,-0.04440748727917614,0.01072205436666644,-0.004385711456270212,-0.045991175343892805,-0.020577941652163718,-0.06326532224684284,-0.05517385060349974,0.03896688524470231,0.03963437055352769,0.05415371148282868,-0.08050110073610175,0.0850267666192644,0.07010861657423562,0.15599761244246174,-0.05876159036225761,-0.012051430709944666,0.01352213418850158,0.06974899397104967,0.12411584583882607,-0.1455392849338936,-0.07065601848756928,0.0189965098078432,0.04888772407290522,-0.07435914159181627,0.06486403415911543,-0.09362452812972209,finance
136,-0.07637061567378534,-0.01878308913730883,-0.0165479553243413,-0.18680663402414185,0.013464941481653331,-0.09275978880647032,-0.17508274253693107,0.04963779299881275,0.007733618083341526,0.08282348455370958,-0.015894781416575486,0.005683270857418582,0.16109381006263548,-0.011354899701826468,-0.007643942176637875,-0.16914640608848464,0.6216747739476486,0.34299799150283716,0.19867633034851903,0.14106447384841286,-0.1793849629625446,-0.07314793205089312,-0.20945051785255742,-0.042420780302583366,0.0256163190012275,0.18324226708027144,-0.04383190137711833,-0.083215887456976,0.021148720062064523,-0.017120397180264833,0.013211060703553575,-0.05416895151470638,0.08800185087562018,-0.027090905020337855,0.009539389447755257,-0.04827495831230579,-0.03547189403623149,-0.051193090089564935,0.029931770019801747,-0.041278174881499805,0.012830425171268717,-0.019185613227976222,0.038506967919601544,0.006002829571352697,0.004530943625088004,-0.005762671119853424,-0.029212368248491025,-0.08640121013609778,0.09427342627700977,0.036786401349471094,-0.02738318534051709,-0.039770357874885975,0.01841986507431618,-0.026420577545116532,0.019617639839632637,-0.0010803588943618348,-0.042430746897001645,0.0159533087396182,0.0383782280388964,-0.005636175968279405,-0.02523505391122131,-0.03857591254540857,-0.0143221780950057,0.0438298940950571,-0.005561089476042729,-0.007309415125853637,0.0410121413061811,0.011441315540961202,0.002606269000782549,-0.03143155828656699,0.03137923695996935,-0.021247684001229134,0.020171281204600985,0.018971662972295054,-0.010570696457816402,-0.007039134247446171,0.011484498328698547,0.009316359266225703,-0.02053855880973534,0.03186083312408834,-0.00783453534178677,0.019195639299477485,-0.015181995457692448,-0.03694870237968649,-0.017511196046636125,-0.0008570960053474273,-0.01841893124814388,0.004357934623364787,-0.017370268337856883,0.0036728745610019216,-0.016793317108731762,-0.02017806048815086,0.004454393713625835,-0.02991712267377994,-0.014098349922483254,0.005139978496520139,0.0010786256590544763,0.0029092186395108664,0.005219214847364206,-0.02373874555806416,-0.004053140649498634,-0.02148135052094785,0.008874736675807198,-0.01433157877449507,-0.004368515882019047,0.003249293722311499,-0.007844168789136696,0.0008705165643681304,-0.014416608662793344,0.009563849099478144,0.02291467943623359,-0.01254486691475555,0.0034948825772683767,0.0059926898061674,-0.012843231368006908,-0.010421184200322417,0.013751038697398188,-0.00882407695047951,-0.015449383532954495,0.013850502166887104,-0.012250324189211364,0.023518877730605372,0.014087348623832355,-0.004638254924332161,0.015669688763029977,-0.009062590473996504,0.004866767027250864,0.015154831002631564,-0.003510992074678002,-0.031755563305786515,0.015561153641788034,-0.02146985805074951,0.00950880444201927,-0.021394641183384775,-0.004270986003422124,0.0031183524074419153,-0.00518885083499455,0.021003847535117307,finance
137,-0.19601851809936846,0.09402196273127027,0.7047385505776415,0.14100262186626308,-0.007482667275123241,0.045745007989235933,0.016778268900186317,0.009362857538615967,-0.004236468400028429,-0.04382619473797798,-0.013095267489399424,0.00917433652560663,0.021577834868451395,0.04333620769229222,0.008250501234703797,0.05292324402198141,-0.011571494932465955,-0.00031808566889562884,0.07825300754670524,-0.0268451420021244,-0.014250858506052034,-0.021186789835835378,0.003976413156357596,-0.01860610525861332,-0.013155136861575096,0.028555711350536483,-0.01232028869374101,-0.017942163182211115,-0.014862028380912206,0.0020061294764371594,-0.02791655008318232,0.013488857545747185,0.015064161670606159,-0.039114216320253165,-0.03050512471324034,0.00564118885996974,0.036309761966478386,0.07340543798064267,-0.007749810163978093,0.03322050407137703,0.04313564264931992,0.007481486679351191,0.009292837692644702,0.013865972823254705,0.0009764770933886914,-0.0064946954237026025,0.02814194291545859,0.00015425358620430667,0.044784746544823874,0.009207656229467391,-0.03323599835546694,0.008786645159951081,-0.010773148798817777,0.025919508672005716,0.0024996374345657565,0.025233542140599714,0.028380259577375277,-0.0014629151047343995,-0.02683963609389295,-0.007631094980107049,0.025319782667726665,-0.01118451752082575,0.013466205965013758,-0.00357866713290568,-0.007123107031646554,-0.009173300282385867,-0.022423028349129782,0.01732014803030443,0.006457406169456559,0.029115820977837444,-0.02862205555062674,-0.0019244159268905843,-0.023373045998764285,0.0008502125233929441,0.026636554792550348,0.01768114808868283,-0.008301058345221103,-0.02459188153092501,0.015239876269809828,0.005377053857749435,0.019504106006911947,0.03316444168037438,-0.07117067870500304,2.5489739682625866e-05,0.016036777824573318,-0.01655629812368113,0.025231305726198743,0.018546271864547784,-0.02512423351758407,-0.0005881312796410072,-0.04530061546667695,-0.008620732442253247,0.009476769519541964,0.007747468152326548,-0.017327332592428222,0.010490839102443418,0.009004868314402724,-0.009391542348880767,-0.02464672094679599,-0.03569118580759581,-0.022309636474984993,-0.03651626875360902,-0.014162815380303898,0.06816033483743501,-0.007541546560036695,-0.030291125824039394,0.011051323706726604,0.012320064245338788,0.012859839992974017,0.008500283603107003,-0.03004705188624658,0.05603290294566085,-0.035268582430729174,-0.005781901480511396,0.05108183500499701,-0.0474651778919323,0.04321579381940617,-0.04702398053663436,-0.01210128045815778,-0.019253051088394056,0.02629775341882336,0.08320300151351237,-0.03473541987547783,0.05646242706724363,0.05675095158305374,0.09759155019693934,-0.002776746995703203,0.025040877424160377,0.054556070056662596,-0.14783705121567595,0.030741404898100753,-0.08851702896935108,0.038810479486669984,-0.08320444843969624,-0.04421107743325406,-0.036098660651319385,0.056203024043018114,-0.003173785388391139,finance
138,-0.19784574879315264,0.10047723480957288,0.7132739808697781,0.17355431878705974,-0.020035422346421826,0.01890327996556056,0.004465311193193435,0.022201749075510282,-0.018834035680144443,0.013309311956563447,-0.032314267207366375,0.028128968436558974,0.05454861296306793,0.010537370311132306,0.009117135388117306,-0.025669408721225286,-0.02316534394747234,-0.04819260422559698,0.10336010026565376,-0.04237835477896387,-0.00804468209626558,-0.050238387667854156,0.024872815125923726,-0.0026349324332828675,-0.05484257845305867,0.11953950257254405,-0.02974508022751603,-0.013622547009507022,0.01354791793058452,-0.09245907720000573,0.008273502750127133,0.1076542411780242,-0.012427055793585884,-0.07349836696283876,-0.12036927350876975,-0.04875626792135484,0.08325215347921172,0.02139389425375885,-0.00045760661216570294,0.0024971900767634626,-0.010221831936814899,0.04484754545377893,-0.01712235043199465,0.06108131288502754,-0.014197530834914266,0.06860386499607377,0.04980721591731871,-0.023275359461171742,-0.02537805930871852,0.09231859624499929,0.01585995569448504,0.031083122688495318,0.01634293630503819,0.07319673900329038,-0.005120707583023086,0.009131332816651504,0.016294303617611635,0.01903689673882126,-0.055970445430750713,-0.005715637121887359,0.03367454427394605,0.014908292807444056,-0.009940781682858328,0.02263332518169788,-0.03653638077818522,-0.014434337168495773,0.009549320295420936,0.031250894620721364,0.011088573463913077,0.033571480478143116,-0.017537170759652103,0.013995612439853523,-0.01885697524896646,0.012444498354854233,0.023501745603533134,-0.016934780097681353,-0.007682653243958558,-0.008091878962637954,-0.02478030364830859,0.022027025605209936,0.019333187453794965,0.015610245997500804,-0.010713242843375643,-0.028382509972139803,0.0033516104829701566,-0.005159201471848804,0.049969545917156494,-0.016919435800251653,-0.03358837579825017,0.022946547490800728,-0.04836131529008002,-0.012576011939992112,0.007074218261961585,-0.017150532718837673,-0.06817835513355114,-0.0237705786519492,0.013751690875754041,-0.013183378237220232,-0.030321884357236796,-0.06183269697661541,0.015247485128620146,-0.018188191941157728,-0.01663528219769518,0.052890166656217215,-0.0266333627371453,-0.027777059530709542,-0.021060248218014017,0.021537080300379093,0.02229430030383797,0.005756626613200388,-0.09114583911606362,0.029366236196163253,-0.04448099426901948,-0.006664064120183092,-0.01544870448032842,-0.0025352828958483385,0.04093149195906622,0.004470878555782642,0.009184085175000448,-0.012876246692791278,-0.008905533116176246,0.052547471372111576,0.013956340967489326,-0.05470108007703485,-0.0038141685675247357,-0.02614741472680136,0.023998641473321026,-0.0030227047140584723,0.00805248307353871,-0.05051015886750971,-0.0506087672257694,0.00031744310939552366,0.017950215951721343,-0.019417781237077502,-0.03538701914524772,-0.0059384792667133085,-0.0018213381978593182,0.0019591374598149423,finance
139,-0.2014569276293679,0.1273564855832653,0.733292265632841,0.20211382944852824,-0.02264623726245507,0.041673646110555775,0.0255875984801531,0.025156596150260467,-0.03127281408995344,0.010894748064564013,-0.0329894368451307,0.03176574847933129,0.015405074001362075,0.06154480834804182,0.0022276501912446333,0.011295455676072827,-0.010641752569018509,-0.0005583892099677733,0.09180308863830601,-0.04240630541004723,-0.030365175486192955,-0.01901001973248333,0.011639648868366326,-0.04121045586263981,-0.02127291379678591,0.104742515577503,0.025898800077972652,0.0445115376857624,-0.02710499038433848,-0.010745285288504117,-0.020093173963576138,0.0099181058580791,0.056495131909453086,-0.02004633808899521,-0.04097783561242808,-0.03421601789447887,0.11404658579165612,0.1067520429895476,0.00867245129202993,0.06864295019255463,0.08025878928088936,-0.014916945486695034,0.03204659811021764,-0.003381133261499493,-0.057630100282138094,-0.028342199506758873,0.057143070478537034,0.02112559579135501,0.009575067890760295,0.0008885749928749663,0.06283614437161579,0.022980603663833893,-0.009398249646953431,-0.01269624725664301,0.0023732934101704855,-0.0070069857613722225,0.0026425328309790178,-0.009394291727281751,-0.015440649890415525,-0.029808879336237288,0.03036917930683297,-0.04734897343983711,0.017890745863862877,-0.014047250230713144,0.038835907448661076,0.039463361766614115,0.023631660815153853,0.015546924676937563,0.02372538034377984,-0.0316796684053658,-0.0323836043001887,0.02540240027284885,0.05315699031649214,-0.06054708122546308,0.01891882111596874,0.033973382554852445,-0.05035143354849031,0.02703516017124134,0.04522948639850345,0.01368636799930051,-0.010549039549110104,0.03612633073350262,-0.07773877871212376,0.029406236525965287,-0.02657834429419753,0.015263484968768634,-0.049406150034435166,0.03795331220303537,0.08231927878569745,-0.06817855535825837,-0.017844517668423536,0.004496306163568708,-0.05595876188251224,-0.03932109539373466,0.07311448951581809,0.007037594314957256,-0.059032054560453386,0.014090023713758873,-0.01110292784894722,0.13338928541940692,-0.09556184275592551,0.0063932996885735375,0.0434198965877054,-0.08980770321127442,0.10050875018562981,0.05517280553723479,0.009158817521653578,0.03851465806303081,0.0029079118779623482,0.028251866829402342,0.13411551259101542,-0.053779215256089315,0.05789863679287794,-0.012092716816210219,-0.0037877626038150553,0.03372642671384829,-0.06903195607326607,0.07537937968648849,0.002649967528462914,-0.04152109942229056,-0.03099679682754893,-0.0924529563580006,0.023151468905688293,-0.028149779051055212,-0.06499442399123158,-0.056840396693341955,1.814550149519308e-05,0.009533408744178575,-0.004736862319117227,0.06564699143205678,0.007255915351399187,0.06990873814322475,-0.011279053482467553,0.02448533759212838,0.0369194006757896,0.024836692731671644,-0.029776521006689573,0.04533174587382419,finance
140,-0.08483083195889728,-0.0008574701627482739,0.1076950568493765,-0.05306160280280133,-0.008905645672320233,-0.0372173068205199,-0.018582385246983368,-0.014248945003191394,-0.0007125734066828324,-0.013321949373198961,-0.004542312685357951,-0.021099313629085976,0.06171640767947594,-0.02474035130200078,0.005167220379283522,-0.11193856811526409,-0.04284746814401,-0.04041112517582401,-0.04063770214346057,0.003785665921969872,-0.004732696693984122,0.06429513899019862,0.09495450774527157,0.09654146428417432,0.10792241256333558,-0.0262488733103245,-0.20603067222543092,-0.093516628287339,0.0854689665358465,-0.12727436065951936,0.04075510004981102,0.1301206010864296,-0.09324102350051316,-0.015965461892442922,-0.014288812179131447,-0.01052196563595094,-0.13085938686856574,-0.20432327442613665,0.08000511935582677,-0.1404804116950684,-0.2724351050632398,0.12002983304225412,-0.13817281534863207,0.19490366322363312,0.07783988892695329,0.06033930028745542,-0.00941239665842521,-0.12358898531773453,0.0634752147320112,0.09523589069850642,-0.2120928055602437,0.1261918871009245,-0.059276784066743124,0.11011031334887791,0.06279941537472115,-0.03757975976812741,-0.04663511092141186,-0.08687248583439518,0.14985700303175292,0.0884850229876451,-0.08862021941145436,0.09594504367678967,-0.12247624354424709,-0.05111511668928118,-0.16082315972210515,-0.0917059729691705,-0.037650278754750056,-0.012830749347771123,-0.1753609701775578,0.12746568507107625,0.04731433034900936,-0.03783835925828056,-0.09031171699406425,0.0064116048642804254,0.006159151984700311,-0.050309732757604614,0.04092499281620382,0.07991427249980348,-0.041490621981855595,-0.10438068033145331,-0.0032270311213649728,-0.049692932978722015,0.007568624055180808,0.008887729118192007,0.012143354322220785,-0.012371559356186584,-0.009275464972414159,-0.050456718514117815,0.04185255240810444,-0.05539515957092326,0.024716108729710286,0.10064965506829793,-0.020283396553992545,0.07320297096324592,-0.005227675185804448,0.015250641220507689,-0.025931364783237956,0.02818668568099752,-0.023332646539342798,0.1291941463346957,-0.09381861181025075,-0.023895779006401437,0.0640189216589362,-0.007487734398349144,-0.028574718531553953,0.09352507441216291,0.06736896136506267,0.015299574534097726,-0.05222295298606807,0.0310832178220396,0.2632310889959413,-0.05106185801718707,0.039798695698999964,-0.03975853905727099,0.11968984923205024,-0.07143152119293236,-0.07037625917885398,0.020651269601139395,-0.003159674875631462,-0.09553659818701613,-0.04179167035450868,-0.10979043731874806,-0.060324639839028193,0.05565246490098398,-0.0007488572009508833,0.04395492354897272,-0.09074535518936601,-0.02957022904080957,0.0041683041118337405,0.0698952727156534,0.026253385392271306,-0.011838103504331189,-0.006135761507592881,-0.09605982339681168,-0.022192411055109176,0.01774029333275835,0.0265497883537602,0.00875709341505388,finance
141,-0.19736703305379355,0.12442332541173899,0.7151338507336782,0.19536274978135015,-0.022421952273105165,0.03902302802540908,0.026747578276991715,0.028444890668850722,-0.0306713146241088,0.012578101563823902,-0.034242245678736405,0.03589334329030903,0.014258797693435552,0.0586900878009385,0.000504951923474572,0.011872970010440796,-0.011319843274143504,-0.0008914159037081962,0.09121184228538315,-0.045107211576751564,-0.03192236444689144,-0.018827583290892187,0.01512352382133257,-0.04197434080980054,-0.02002124083653508,0.10385639706686642,0.0272105832946277,0.04647218386592735,-0.028024114625665363,-0.008906842498013639,-0.01801618949321245,0.004164937348450526,0.05518729748827683,-0.017952370455998987,-0.041053914211011525,-0.031130205540365264,0.11885016582514081,0.10927890860635552,0.010189757800580812,0.07014907640686324,0.08262659566619904,-0.01504069389515308,0.03133362692555453,-0.00443457808132966,-0.06201738858392855,-0.03115685630384625,0.05677899267549677,0.02670931311396617,0.009473009387657286,0.0026462071271842738,0.06562976080025165,0.025814275239146214,-0.006082331866264427,-0.018568399057547594,0.006315769593981998,-0.008949549390592944,0.0029241272633186203,-0.007373903187080279,-0.015545764622434342,-0.03287597691244372,0.03186791372746259,-0.048955271526521675,0.019522849911347877,-0.01852320518678974,0.03870993181435612,0.044018175488257906,0.029791394712137764,0.01614804662297522,0.026941344733097675,-0.03521993747819051,-0.03242513587708968,0.025994230135736998,0.05532024902318229,-0.0648383067132675,0.0216281709136258,0.03754510427615453,-0.05299028700588669,0.0267104305408331,0.04501812362993875,0.015953565437259645,-0.010611563499676725,0.04037000048625096,-0.08118468183152319,0.03167662007685208,-0.030689183804195212,0.01670134391842578,-0.05299370735286962,0.03838345987632685,0.08816419906672594,-0.07483594066102085,-0.019433092775573122,0.0028314028847349687,-0.06079076390961765,-0.040579787873588076,0.07907976181674412,0.00910498603024559,-0.06506501105843833,0.01369322529060851,-0.01616691941524181,0.14304091808579797,-0.10565892446856852,0.007730585932433834,0.046118464635406746,-0.09535189863704342,0.10580153889957139,0.057038212294145886,0.011747631986022446,0.040407496318720634,0.0017277280202586348,0.030255355378422947,0.14342526265482267,-0.05599247247172909,0.06191069318461506,-0.01551109149526527,-0.006527388527443408,0.03421651258585059,-0.0701207892267693,0.07948026810992324,0.0052150806164944635,-0.047636580350223626,-0.0341189105259021,-0.0950664239003285,0.02779372825237658,-0.03291535099506414,-0.07300586491996323,-0.06383186364589051,0.0017477265767810947,0.010856204626575734,-0.0044072820407870215,0.06552039754332736,0.005347202383447559,0.07530256687067613,-0.009688198273169468,0.0240448464038773,0.03746235474478858,0.032743602958328746,-0.03478019400608344,0.05326503422833653,finance
142,-0.2617473485898397,0.5785771818544864,-0.2159462196019807,0.2284732192113985,-0.011431301456532202,0.057541849181649854,0.04750054491777676,0.006656629167193562,-0.0545595325484542,-0.025168946854929118,0.015009937128706624,0.008147634448372323,-0.09717671943726934,0.08978448712479939,-0.06350203998830149,-0.11204419752128647,0.01548537533212032,-0.05369177332395344,-0.0629217439781593,0.08061455923983954,-0.08321108243413695,-0.10646856490779766,-0.0659121867478354,-0.0098032490800241,-0.08757378571661838,0.06975411605907939,0.06826840786562349,0.01698737109642039,-0.01764836769641491,-0.03915205004020455,-0.022610765782163565,-0.038222340546322446,-0.09381962876169327,0.07251675338833025,0.01794727941212705,-0.016053855555045266,0.015391416177408898,-0.004607616155791094,0.021768018317570817,0.008544147501828872,0.011177065532998003,-0.00048635516681124814,-0.027556181904910063,-0.014111026076266584,-0.02386025310582663,-0.05811989390789763,0.07696614878926672,-0.04131461257590986,-0.022441595840228815,0.08830178854677931,-0.08914695074955624,-0.018496763072724954,0.06215371785336087,-0.0335752906392527,-0.03190746801318499,0.03323289885332117,-0.03279105485920961,0.0015388722375537522,0.036045058258450516,-0.026630099658130447,-0.003730355256556428,-0.032080398120203094,-0.029188179585659686,0.027090511309513905,0.0008261394683897051,-0.0005151307189763181,-0.05336356009711401,0.05727880483864255,-0.006983662971699309,0.011886460933062738,-0.025140976053176927,0.022734248197435653,0.0031558453409861057,-0.06953309550866675,0.026972922590150425,-0.04268717297884977,0.022407745064275078,-0.051665053805449154,-0.031898375591171625,0.021926492149440528,-0.024986850091942663,-0.028824039611282923,-0.021395100265337315,0.04463632173468507,-0.03115602708081172,-0.01920454256547907,-0.018151804202093686,-0.0715815070723517,-0.0044327961298994,0.01573455395198622,-0.016315671922293024,0.018696240945391688,-0.0077274702598495604,0.009053495141741669,0.05939423616679944,0.014443945568696737,0.06243497467095358,-0.016217071087614596,0.014201641128969242,-0.013869459071262392,0.01321025504274143,0.03370041907062603,0.004902857845677692,-0.003411578005032493,0.024207531425403325,0.052587825837497826,-0.01569756225827746,0.05002651555726488,0.004764997426297886,-0.016608221997930113,-0.02393576013572098,-0.062371216814934634,-0.0021473634378424236,0.00956120772879433,0.0014971675115273272,0.02232972688426977,0.03717067587262793,-0.01569298312566228,0.0008877558013607941,0.02771092576886862,0.012572199833451763,-0.0021768729416325222,0.0001454040844411243,0.01129395252154743,-0.0002823893929403855,0.027071123485593044,0.027633248249766547,0.01816977914414703,0.004381258925359467,0.049195706630517096,-0.02658921614195749,-0.008099179594463076,0.022995868030426372,0.014074529702697193,-0.015586562790809654,0.015349001852888795,0.0006225512088575127,0.0196544494253183,finance
143,-0.07136089179138047,-0.02228686647771129,0.007716034655109972,-0.12520244547430998,-0.0038503523647544276,-0.058886614198163066,-0.05165309909469775,0.010813935232167686,0.030680801493963485,-0.022697994283611012,-0.025696470172578097,-0.01123072192007673,0.05453366718785673,-0.009848280769414217,-0.0026889059805306178,-0.08212498584391097,0.08966692637064518,-0.024807808094439467,0.009179734479212703,-0.0025441240118023417,0.09679892311730877,0.02383171493783043,-0.003923022857385038,0.06507702476721582,0.04019173179413083,-0.04859216435670166,-0.1126036015727506,0.035627420340816916,0.10035587261134658,-0.18561829581413722,0.021853406863429105,0.09179704041088137,-0.054041955112350236,-0.06195679897686068,-0.09908208208746631,-0.03862083969172587,-0.12168634155756694,0.02621493172957822,-0.047484928679373255,-0.10635631565302667,0.0005896400333638785,0.028042552585943833,-0.05531603950847739,-0.21989559027401773,-0.02115779877124029,-0.10780060490763638,-0.028007870698131924,0.2731706759004539,-0.15315015908962287,-0.0807400012128428,0.011525847996479545,0.013741401945297216,-0.0461961185246034,-0.03053174897047014,0.053896217373208634,0.07564340864494004,-0.04010902225473364,0.0037268293678883947,-0.06562006895587319,-0.0028290105568684132,-0.055226885905290776,-0.19374782562672302,0.046030361240997894,0.16096271906207119,-0.1004871014534053,0.2912433655960426,-0.03914305932478493,0.02096042453925932,-0.18005235827678823,-0.0011594087228099864,-0.017352990445086,-0.17012214860659228,-0.2649056363974066,-0.19058628584491308,-0.0007648813422346513,0.12254395558348902,0.09330610975438522,-0.19125334904744626,0.15749813062547915,0.09241768674792339,0.04686147334107147,0.005002799307694765,0.05081335236582694,-0.10984556283576635,-0.08233048014313125,-0.10911645850884955,0.023564096530438994,-0.0682635485783963,-0.027493423965226558,-0.08233828015792918,0.18170723073480224,0.04194999204311679,0.004712861625043632,-0.071772297831795,-0.05008271686383219,-0.10291780827961078,0.032004770331571036,-0.031775955809268154,-0.021104307120404165,0.015731271033677774,-0.10083689864988009,0.0494195925050544,-0.00079416465997614,0.05595301027681139,-0.01527168641884104,0.034265020384162174,-0.02714878703349454,0.06359653530940976,-0.0016472186616926497,-0.04855145835404773,-0.04089107554838794,0.018833527796597808,-0.07368972101184486,-0.05443975976656458,-0.05227498931575133,0.012761616599194704,-0.0883775425668586,0.02226682723050618,0.0589430313860779,-0.030840102280938936,0.013687028996447227,-0.0531437850185095,-0.0560951580808596,-0.022121753785388977,-0.02644679245945223,0.015207935893583765,0.06073956983600415,0.07140721417367324,-0.0008602995462573223,0.011260859640469906,-0.04444808357159045,0.018144346456356455,-0.026049223410158612,0.0038464525862166904,0.028920409367881962,-0.030348917384338144,0.02323991391279616,-0.02453708788344532,finance
144,-0.07403205674515442,0.012560217839756369,-0.004560763856570473,-0.06805442965536114,-0.01310129051544115,-0.07806913968827195,-0.041682579133638605,0.0053731971871465115,-0.03610245226075758,-0.016661253936052514,-0.012342161965193743,-0.00020849670346972354,0.04068370509684945,-0.011047253418853613,-0.004209826891016451,-0.19362830422660815,-0.08935306293892813,-0.09980114197470283,-0.10121760985843985,0.12726118264587005,-0.15078799455815253,-0.06599224839623498,-0.058365877656889394,-0.05706665788446728,0.07440093549081003,0.01910366412359164,0.012993350593752596,-0.02981487102742533,0.035142335994002086,0.07538937676007015,0.031019626079319622,-0.0232120833464599,0.04216791041274463,-0.024990451786564307,0.14554055628874082,-0.0128987256518984,0.04200579497069904,-0.005836191819595852,0.05940855438839459,0.01013335128144202,-0.15943845539672727,0.028106794202550085,-0.3172617660306181,0.08790155270179442,0.11457652471113139,0.009117615751343268,-0.01377088406893422,-0.02121214536727802,-0.08960769402861163,-0.05056989561923347,0.14871301278844923,0.10394523807326252,0.020946338216571006,-0.20562308126865403,-0.20325614105944528,0.15342039959708592,-0.082996082846248,-0.09872479808591847,-0.1185653913022066,0.02002172877526491,-0.1415550184067665,-0.12148675037327629,-0.17962703846581654,-0.019978371600307902,0.1305963243568375,0.039196788246182876,-0.1343517816543637,0.2536189736474192,0.011876433243065759,-0.04712345492221284,-0.026446869453039777,0.02210868254867908,-0.04032421906266895,0.07847222645774553,0.07277302028732245,-0.0005838821494068766,-0.17533890810221642,0.0404579835160365,0.03994461485570659,0.01962918224067834,-0.0949284313377672,-0.10139165402363702,0.009038023177824706,0.15718342200967717,-0.06270109059257567,-0.05356005850793864,-0.06584705596303216,-0.011990123507619105,-0.06352159977244261,0.09353845568785614,-0.1582619655919447,0.0322041261953811,-0.04230522147296754,0.05157641911581022,-0.08789907459130077,-0.004633424851956594,0.012789898313168527,-0.014487415153742064,-0.03791393403007803,0.04059713782270962,-0.004587959935846179,-0.09851776810914938,0.023665103877769572,0.07946318088330312,0.05698203158540059,-0.006098837111532914,-0.018422682921573154,0.017262565690258372,-0.011725858961779674,0.05043912136213196,-0.0697258035443198,0.01437255731868137,-0.15687863477464065,-0.02477388809792742,-0.0011258335630185451,-0.023085830604459685,-0.03507446616565666,0.013384112032445047,0.09010898879009792,-0.08550139224514144,-0.04168322364871952,0.030564531472133095,0.015330150649744424,-0.03719589232729919,-0.12853327798428418,0.0306764118290024,0.029801857446818642,0.03872432826836229,-0.0730602033811174,-0.05626697834289074,0.049882278764754054,-0.07776158836667867,0.01192947091914474,0.0257406770618587,-0.01938602985131133,0.020445250645598472,-0.003494198158603313,-0.013942594089401846,finance
145,-0.06470729391851748,-0.04690063361843101,-0.03025652786312835,-0.08025497889523471,-0.02396941396208727,-0.08009594958169454,0.07567925143444973,-0.11323768301371727,0.02941821013587792,0.018950296848528277,-0.10177677116269955,-0.030394573965224176,0.06284183314353874,0.05014299077396866,-0.020879063170224026,0.008838750309099282,0.007006028549997166,-0.033398889943483334,-0.0033443057948834374,-0.08160786158179807,-0.05976884420735098,0.1868717365748728,-0.002626912226395627,0.04804072003756681,0.022671959154593805,0.03900721289898311,-0.031376204311132534,-0.03220888826006067,0.030763361659648485,-0.05004065493936132,-0.09679237719794263,-0.26661223915408805,0.0857752835004194,0.37586603132824586,-0.16053518428431834,-0.020672966064448964,0.248544609895194,0.07300090760385225,-0.11577214001708834,-0.14010724844523217,0.08851542448156895,-0.07542016255303284,0.0012065791368930324,0.09135250047525524,0.08401530244554,-0.05205786929049214,-0.017621373208892982,-0.013204617886148419,-0.01566591159055947,0.03503312267247591,0.03784999823724393,0.055554409688953345,-0.015332593254155752,-0.0772119244874742,0.10776733188388547,0.0765261949900674,-0.03464834771911462,-0.02520549826193817,0.02511492287527631,-0.001034188820706809,-0.061715490638242936,0.05442231676065267,-0.012041659177797029,-0.08464938419711851,-0.049990664314726804,-0.007155961379327383,-0.006274622445827915,-0.07217485853713541,-0.03302514960846317,0.010069040865089762,-0.028900768744021796,-0.008544521617155215,-0.03631525183715754,-0.051519125054460616,0.015257268435449577,-0.0669814825038933,-0.08065397413358816,0.021939432931514843,-0.02401944500252641,-0.05624752337722986,0.002187839528375583,0.07359039146204133,0.023287141824088826,-0.018855573376452644,0.040753993066009235,0.024838628424892647,0.01449312837327508,0.05191748681485818,-0.0181058229879084,0.15130411567657356,-0.03360876469000772,-0.09441091369882545,0.09585030258331113,-0.00243522814634942,-0.037584957909865255,-0.07954171834716708,0.10861885153253685,0.05739762347508262,0.1627423082232398,0.036166715945397165,-0.12649211647013314,0.25099494246403037,-0.10423196260735554,0.2813115699988237,0.010932781976940708,-0.03697720755579539,-0.20314812772198082,-0.034073620317286654,-0.11324042880457214,-0.011531689127531006,0.08727764809988954,-0.05608691210421178,0.06479863317044172,-0.10201873354778015,-0.02805765120660552,-0.07918852961967697,-0.02891029899237908,0.05799681280257522,0.11316879143353933,0.018405419576108164,-0.0011176775720243984,0.06816397841986716,-0.027806537482147658,-0.007517193982924053,-0.032204471800998516,0.006640077296064855,0.024138827106041257,-0.006362669626761312,-0.034801211992228805,0.014031168892267925,0.015060276403240284,0.006645927134085147,0.005744914100431834,0.022203471484688746,-0.009070988745127526,0.0320535271256868,-0.016238077901991808,-0.017423783315695246,finance
146,-0.15147498884416005,0.2741727717328537,-0.14191306045514088,0.058679859453602004,0.0004853506675307638,0.03842297991207952,0.03445703574877278,0.003150005374518545,0.022883982329936624,0.015550075216080492,-0.006902312111342824,0.0013405978154935815,-0.01686017773610232,0.05941546418933097,-0.03804252336429307,-0.049687501484128316,0.04259276638258508,0.007160282024522732,0.01369073814108583,-0.01814327761735055,0.0074140152178208225,0.025412724956707725,0.043928259261867046,0.005121159568511971,0.014955687289037652,-0.023901048174258484,-0.04616722154286375,-0.027762237693443704,-0.01689641937457761,-0.016182503398522126,-0.04882274982863525,-0.06803229575721659,0.005806120152642571,0.042454920461774494,-0.039203667056374424,0.008938674300086226,-0.03266892093603191,0.09201281983036931,-0.03135565683198616,-0.029030966878060005,0.054929471488084844,-0.004658332564692203,0.013185562668634243,-0.0282171765169867,0.025613306944857438,-0.04707407508824189,0.10731526900163274,-0.14393378434550938,0.06195274488478741,0.03553277274679045,0.11774797980580139,0.014777059966340527,-0.019419884841969666,0.01685075472993699,-0.05036069190048577,-0.05806841120219337,0.05076937134230866,0.044558384196493654,-0.0365403508809509,0.06416810913593461,-0.03965735694378258,0.030886643029969123,-0.09816241963431274,-0.07146037559455791,-0.07323845374439274,0.1035476169940695,0.027378254455921805,0.28621295209397196,0.06405150579995207,-0.059191584616338784,0.11683544141223254,0.15395114809710284,-0.05718401591955729,0.03740774941180513,0.10860671640445321,0.025473228763528012,0.084343742777792,-0.19153777614950018,-0.10073517210163081,-0.19114811875394608,-0.09609819804330183,-0.16126240630857738,-0.0023305172840098814,0.09922580505853283,-0.06139804218179751,0.08108166187715977,0.28750170270115266,0.17006462699095073,0.20272117311886337,-0.14264082837482234,0.1819009476525195,-0.09938048980319099,0.17253822302139127,0.021317595758981626,-0.03915263828089577,0.052072957614087055,-0.10227912907737038,-0.1134282966206758,0.012044193299456251,0.06202714711091016,0.050092009786301295,0.031510600982364766,-0.16107222648262262,-0.08241827143915391,-0.07513075881001514,0.025570723446088843,-0.09898105458964693,-0.009563755150408422,-0.01024945543409064,0.013193494231623202,0.02388733174386114,0.06542009508832244,-0.10863542603078628,-0.009757985414035032,-0.038112462940736974,0.04080407069713375,-0.01409623909962916,0.07804400605959926,-0.03150737977839082,-0.06806874614606645,-0.020108319348155743,-0.06336718343405202,-0.015582799546124813,0.05435767591574209,0.09677719122957108,-0.026014719259504486,0.052209464884494405,-0.018660206855604253,0.004863123175790755,-0.05293416432062799,0.01847797521914575,-0.010740345107843833,-0.017469612567761496,0.006678127468835389,-0.023348372116280134,0.009015905300603302,0.03164239301216576,-0.023260955382498248,finance
147,-0.10828669767900388,0.026777586863143063,-0.005221703101638313,-0.1922033352612138,0.016290860713954053,-0.09563940033488319,-0.20596763407435623,0.021969119732073286,-0.07100828974930659,0.15474968837509168,0.05621055505814566,-0.048028949760546155,-0.013914812174783995,-0.056549277380136834,0.0490775200857341,0.07822547323713067,0.01706155309276784,0.00427050519968926,0.032295303535607674,0.027521051995177164,0.08953402734997858,-0.02156616717554787,-0.05133700003692535,-0.07930536671442853,0.0037593086366082907,-0.09108520800337859,0.04783317950936975,0.04355488755835578,-0.0992356184176479,-0.015995117109675456,-0.09052624396623876,-0.008154322109441513,-0.06670415448028935,-0.0009294041408784591,-0.06790225238244497,0.05908123687052828,-0.04471124813550926,0.004477744907569991,-0.01613898253942437,0.053976089076703135,-0.032903825902193234,0.09741621777347112,-0.0717616745908557,0.04371940441113629,0.01706437695555981,-0.04308510678738648,-0.0013472708987444502,0.10805536784878005,-0.22870603894304872,-0.04028845641894441,0.09120202982412684,0.06747294144307953,0.11411748444677021,0.05808982285398305,-0.1380962656677062,-0.05121631270914501,0.06325564572439092,-0.014088555527582943,0.23731753330216132,-0.05395542112805339,9.96380019483509e-06,0.14097166681358744,0.11062737328245743,-0.1001269166711098,-0.031783646567475635,-0.018091845001249267,0.04531225532476233,0.03164674249204702,-0.03949947426375509,-0.017344589249060204,0.12196301638221216,-0.07721902486874975,0.08589836071556954,0.06144084944266367,-0.08848679064571287,0.05276542170511898,0.012250713322464506,0.08851363296442863,0.07047147068170732,0.05007351640840611,-0.14828166596129855,0.1195978661334459,-0.13296743746626996,0.05197752334329903,0.12324132495294357,0.014770660912354338,-0.018758165595903497,0.11806906137588905,0.00805285941475356,-0.04857106224624702,-0.10490480378302687,0.08257922651259132,-0.0567236079072059,-0.008024434574922683,0.021116600592376383,-0.010509430878092797,-0.09132537970822563,-0.09712625699189946,0.028652027127312543,0.0327148632054341,0.009666727115362296,-0.04911564300702803,-0.003085978450536884,0.02531419560979693,-0.1717134148521106,0.14466757803374322,-0.19662927052314916,0.2523736031920212,0.09216365983952528,-0.15017371424525813,-0.008012686669621622,-0.09542784539759963,-0.020235121273046306,-0.11057090064953752,-0.15437622879132745,-0.03772672783404665,0.06165146029046972,0.034203368207392136,-0.0025118740184584664,-0.03237385744637217,0.1076166964105763,0.042502607770246226,-0.09090393284189383,0.022517730304551245,0.010712172055373089,-0.06252255074699284,-0.035525574267048825,-0.005257187030176962,-0.027747750564541047,-0.018388484969666653,-0.06917084071813283,-0.07059664803138065,-0.07209398854041871,-0.005507193263932229,-0.03012468769580447,0.01890020496278618,0.008788055650930455,-0.0018502370993435957,finance
148,-0.07533750194987313,-0.05380151285944585,0.00686117806372356,-0.13586633018381386,-0.004434768909956122,-0.12106541602826525,-0.10524098137581173,-0.0014477058528977456,-0.00467827446580017,-0.05210886531911383,-0.044357678701037795,0.002455434850917282,0.11890887411272891,-0.027747793676282027,0.02672484622158552,-0.061184877033486115,0.05423523199708655,-0.04618666897609832,-0.06154974611678144,0.020616878496613984,0.24475554374070815,-0.07439010155353136,-0.07240779738824807,-0.01309877023191723,-0.033124231911346676,-0.059806110928925675,0.02897348989779264,0.09484791592057688,0.12185082197963835,-0.07010279011393197,0.020864567177855647,0.03536102054651572,-0.1254682482308793,0.05102041256175095,-0.061821906636883986,-0.06025338714605664,-0.029424983223009123,-0.0828208747388231,0.04328335698092824,-0.16868450815760386,-0.07541186227194914,-0.0010538182700808002,0.04161004602722424,-0.087817771788722,-0.149416757329603,-0.1865772302811566,-0.018602809864712206,0.095875175215449,-0.07521101617980325,-0.01841703131894508,0.11344908940533097,-0.0458252895779582,-0.015387857291821207,0.038036392660691136,0.036988713897285745,0.07662624508389532,-0.07312480311835531,-0.05549221613533463,-0.05095224401778634,0.02637880524552917,0.17003691317422964,0.05576480269597246,-0.13342134425885546,0.013590418997961672,0.13689415412617612,-0.02279504232826449,-0.020344908490985362,0.0666924753954236,-0.013684433722435595,-0.10726440858468692,-0.029463787833685508,0.09344945963378586,0.0402111550897083,-0.1815469817968829,-0.06265719986775006,0.10836017778586954,-0.1173609587999237,0.012945694914956578,-0.13672074282512575,0.004154016805583869,0.06886819516734241,-0.0070811922844639255,0.0037470258215326502,-0.04820698329618689,0.06871798720363936,0.051631104273064395,0.10411921630929921,0.015872262935322345,0.033235017206512715,0.06271591787262148,-0.1623715929329182,0.1771029216443699,0.19609575348496602,-0.05261711403402124,-0.06149205068995584,0.15714797875009773,-0.11697210959167946,0.2839016266282207,-0.1058736289643692,0.023979253517167,0.30781185372837633,0.07830579734652954,0.048236962631705446,0.03460618326366381,-0.008309941485229977,0.04690849107729872,-0.05812647353903181,0.028666404593672975,0.055811257522154434,0.09040822050190032,0.09491762024288371,-0.0033358819792882227,0.06448931444138818,-0.029715920716616745,0.05828884980127526,0.004493019840572152,0.006191955768763243,-0.00788873310904288,-0.04054888446212743,0.009823371423824093,-0.01615142611320427,-0.0021391009646866354,0.011142188863063915,-0.02709239856811229,0.003615671849970221,0.0019585861445152487,0.014842582219992823,0.009216252490875907,0.011616213638514021,0.012750177635148355,0.007188532899780433,0.026967335183155333,0.013177118218109431,0.013097649480327126,0.014135437606956737,-0.0282535985588038,0.003779463291854508,-0.025545071200648733,finance
149,-0.05191903486239838,-0.04223303892373829,0.016090778196573303,-0.10221477966853358,0.021074715677476607,0.009635107688351376,0.031145285928367888,0.005789545807559697,0.07423068917280115,-0.041460146488477366,-0.003218925239430239,-0.003222676500827954,-0.012660889311929593,0.009035295060647583,0.007483369416385679,-0.049003839568454,-0.023792623043903924,-0.037465565175885576,-0.0001944355476180894,0.012296408793743573,-0.012134585129250064,0.07877304622016164,-0.00016634104798306018,-0.001444007626894382,0.05504680642500199,-0.023910544966666728,-0.05177743562151096,0.0658990869611354,-0.04211626428792874,0.09587686072573287,-0.034397991585507576,-0.05546795036561335,-0.04393467803640083,-0.006370903218100108,-0.015663828150428705,0.03794716570926469,-0.08044255722352397,-0.08410413664154917,0.0010746932629209244,-0.0419218841356038,-0.11692909214131485,0.06739866985992864,-0.08555608516491804,-0.08313723405193649,0.07719936933176051,0.1840252428168966,0.33323539630664145,0.15484732592533237,0.1776331593446524,-0.02112555078339674,-0.10965214022536676,-0.11612947780062555,0.010311486810134395,0.2703102732657832,0.10944634233489048,0.12374391417064795,-0.21327574375587138,0.3884797357408335,0.026920142672690498,-0.016426608444263774,-0.13944563561349727,-0.11317381974909003,0.045773498235036514,-0.10678078736774853,0.0636857914560787,0.169536668981174,-0.008733353652308328,0.007879792538511794,-0.09048774476082953,-0.036751833866958926,-0.09190942576451323,0.06066165132768691,0.2442841238290665,0.0032613210125206744,0.011910027471177545,0.12747255190205717,-0.07875384614135525,-0.0029526663398796024,0.14372304231439748,-0.17759450471236982,-0.013001109324576954,0.1190502351999412,0.021552428305428493,0.0995085341624606,-0.08838365122814547,0.043217307645008335,-0.022294103647255262,0.0862892563590446,0.09368247238301651,0.08674425184521838,-0.050478315761243994,0.05704347769683695,-0.06382486665483494,-0.09837642134496664,-0.06442687502038016,0.06317858113048105,0.10071872051842022,0.03979931947899943,0.07660335753680546,-0.09275417433468881,0.0202098377315704,-0.01672384430851824,-0.06410949870454598,-0.035624939223799064,0.008698890580871392,-1.5155488223646476e-05,-0.0016147274973625262,0.03734149798961686,-0.03648202817504926,-0.016084633840498786,-0.006321009070458737,0.012429807574853765,0.022502578469033988,-0.037983769521491344,0.020520623571938644,-0.03218793306020326,0.02233508042032299,-0.025520724383739906,-0.0046809242246123655,-0.002261790933950511,-0.018365234475162043,0.007045085250330252,0.003975917327097954,-0.018032251857170837,0.012151552576760788,-0.009939652265019165,-0.0031619259891891753,-0.0160794472262863,-0.0024351505176295027,-0.014658463188012184,-0.012368402076984813,0.007686880580448093,0.017261238521743584,0.0018799203237005611,-0.0034648174539955406,-0.0030025471561861135,-0.001160060927718423,-0.009769192026887807,finance
150,-0.06650629854396267,-0.07477659443431182,-0.030188789104963604,-0.022421839918692583,-0.01378409301497579,-0.03418398411196803,-0.062389978227701086,-0.01221860619309106,-0.04049931883253408,-0.03567805191367901,-0.007168152921560029,0.09510517161823902,0.03915885567552891,-0.054221937911720204,-0.15720975376561364,-0.042916204048503215,-0.07563237583968607,0.004273553327697166,0.06825457003605431,-0.12414031952531569,-0.07117631958916117,0.01041643632827467,0.07559199219687626,0.036040605967114475,0.17704832050224262,-0.0636381058039181,-0.12762711492839002,-0.08676463472819385,-0.09924465801388598,-0.19014208244475855,0.015194505885687841,-0.0021533548379010906,-0.08736818404838197,-0.09679513375958393,0.008628083441167864,0.3414864752438597,0.023267885327004002,-0.027136067984958018,0.01118832472845085,-0.0953505435881789,0.029679654194052496,0.00116741858388569,0.07287727739599421,-0.12203958805931668,0.03268366975833183,-0.06567294096487335,0.013222617545476423,-0.08962375066106743,-0.08235992014070914,-0.011764772228191403,0.08088098832972009,-0.08547798496167237,-0.10078932584365415,0.059598555462169224,-0.1890103854263795,-0.05876621826123059,0.011672694920292118,-0.07661032924922744,0.030660524219157187,-0.051636192482790264,-0.007729391394086753,-0.07327806280116834,0.045038901787893264,0.21613444444674892,-0.03551226398019352,0.08192589047551799,0.15568674315155723,0.03263641400334214,0.08806564118459681,-0.1313087370902867,-0.03797376668825878,0.08525211788684804,-0.09366839950623561,0.12598992031837278,0.0361097913112362,0.11913974257449779,0.08331194163215136,0.008040237812444163,0.009008829993785368,-0.03550673141808127,0.024983988234061043,-0.05381406315766029,-0.22279358297902008,0.0680757725632261,-0.09893253012504366,0.15639442595422373,-0.09256095820206313,-0.036722880097426,-0.004616676863066156,0.1580157383331441,-0.03403710355045026,0.01783677609471588,0.029073793142364336,-0.008114932066033937,0.020107271361677552,0.09343155254931984,0.026183528784416828,-0.021859203017791772,0.09181218195940452,-0.08933935113886292,-0.005611585415032445,0.01019072083541945,0.05862510447244786,0.08491077765450107,0.026347496162400404,0.02398824126366056,-0.0569391044976198,-0.043313791613656887,-0.0010072120443362798,-0.044701701117009676,-0.02081542031113271,-0.0362418390091316,0.020813698405875533,-0.010414270033206562,0.021012734231545725,-0.1372493381449453,0.016671376425461133,-0.07373674196904896,0.024217302474287616,0.04854595624285289,0.024150592164206983,-0.026261546917425223,0.08746419130687529,0.11888721717769533,-0.07562735874250687,0.02570686459332526,-0.1233941812634377,-0.07360713419393139,0.11266284616981677,0.1103857626513109,0.07979730021301684,0.10497777704058617,0.055116020869172826,0.008354024573722333,0.021019821903843657,0.00025602458116857376,-0.01883259196004805,0.07102956547486142,finance
151,-0.0763751605652507,0.022134350772676965,-0.03801862131668184,-0.09397417903345373,-0.0013745061569789643,-0.03556527492045224,-0.02463385094602856,0.07426356709872257,0.07397654901148606,-0.06727481721031726,0.04545142666572728,0.07275815244648524,0.003683452134427021,0.17504105163343997,-0.01174410603475878,0.08612057760162793,-0.018645839656001955,0.003590443227390819,-0.053731709986365984,-0.0512765142398086,-0.035914312074583093,0.008070097930603676,0.025824365765251444,-0.018377667951641922,-0.010428879912494308,-0.00817577752777363,0.07714795713531766,-0.0041425497153943875,0.052907083257021,-0.034344343763588386,0.016160591443768465,0.00021061554472715188,-0.12988756577022187,0.07729197159575586,-0.028466179120988352,-0.05231295732824089,-0.07798165617375538,0.08593819779992054,-0.05346249044544779,0.12098625825636548,-0.05152805120054466,0.06138526668565957,-0.062304212303362055,-0.1438867456214559,-0.030564220169446828,0.06976489288925512,-0.031465837830255514,-0.1466944402755385,0.3753115413433912,-0.0822980583352625,0.2957276469137845,0.19661956309915884,0.022664170639434687,0.12077593208001204,-0.18934385559838385,0.0064657940987011215,-0.055586430032233694,-0.08243692530504186,0.11363184170155306,-0.050347989168943445,-0.01816343843555269,0.0694235909778157,0.10156633139195742,0.07444668688007203,-0.12779879107979927,0.05090169376376374,0.004808291650969751,0.11057395887942041,-0.11651326951975136,-0.12459491786457749,0.014042058091737416,-0.0648136854769669,-0.05965201984985448,-0.11490693497708553,-0.14239306325646733,0.03708938469624409,0.018287256927849407,0.08719877703866297,-0.04255811931350403,-0.10304024088513203,-0.046212307127043654,0.22349636268504175,0.07491480676247307,-0.1163638447080124,-0.04985284986656809,-0.16027896697438565,0.049413678996181556,0.052791777361362,-0.04865681185333996,-0.005970434892750057,-0.03610831802751853,-0.20497076520512536,-0.05487395054567274,0.1700474880848838,0.10271070115892798,0.005149258093204324,0.0020746989883277207,0.09762830085554491,-0.08800689086633434,-0.08278180329813341,0.04542047557691184,0.019333520552455227,0.0322025075753018,0.0015474041990616806,0.12480326145246558,-0.07834401909025746,0.03943461417035162,-0.014809945790848694,-0.04494918564151451,0.04458098288930986,-0.04620633809208449,-0.037636098966689555,-0.026015222429745213,-0.03197918681031572,0.025146714191799917,-0.041117352724886244,-0.006003549277397263,-0.0062399917762662,-0.03804552878285957,0.014050140825863703,0.06404257916666128,-0.023347621902803685,-0.007937866102448623,0.026482315283719294,-0.06863999750862797,-0.00481883370914094,-0.032899513551880026,-0.05302765603053909,-0.028420589086613202,0.009687716655672737,-0.018536693947873113,0.0006944431513388975,0.0022342428008242897,0.02569651661349495,-0.023449249953285223,0.0009227827882094207,-0.0015459790428873764,-0.009535210106114002,finance
152,-0.08425067151680438,-0.06902478225079738,-0.01543812816292987,-0.1367901664257379,0.10816324517574057,0.10509040056624687,0.03227216620192227,-0.01256437023670156,0.29769704161215815,-0.12868378000959013,0.22307032603144392,-0.04214738514830513,-0.21053486649488737,-0.01693901818487007,-0.0034034892284995435,0.054688717494858326,0.00035774578546460804,-0.18249548639204818,0.20391405706631324,-0.009734899081521437,-0.042396341121184365,-0.014568129771296966,-0.0438525249809655,-0.08133227633647624,-0.004030394389551398,0.10067558767400045,0.0010437173836354554,-0.008294393572529686,0.11280726885760789,-0.06763514490555543,0.08572614624576322,0.01320821480053305,-0.008984339335577088,0.03711582584816387,0.11232764997830158,-0.08359752709357524,-0.02277986603435355,0.1010775548279487,0.10441951524945935,-0.08353370662292404,0.02278013428299299,-0.14580238872070853,0.02060820667834767,-0.18055198828960772,0.14177883736436467,0.0503649844743452,0.10403868741693169,0.1169834831730432,-0.013086165257515757,0.011109465999853334,-0.09016018487509979,0.0786339687829598,-0.14520422664160668,-0.04668555359003232,-0.038209170910827164,0.0905270286074847,0.00016678082919582054,-0.0009987462625395556,0.09237847317905996,-0.04396451551244798,0.06005318700270427,0.05723000978353898,-0.007714323520163214,-0.06444899648272437,-0.06840543911492712,-0.041108613119776816,0.043951707083565945,0.05980729108954768,0.006566209101455128,0.09334800237403772,0.10336878084846189,-0.004969221066327819,-0.06388185755478752,0.06226152209681894,0.02708465120600474,0.055752801043929975,0.041295325828240366,-0.05027037778636335,-0.026779251928136866,0.006876814082667922,-0.047100631084617886,0.041629371394182615,0.07953300466951388,0.02472217964337512,0.036391348418677125,0.07898900086604539,-0.05926115086653549,0.06629040530356448,0.028887135383980838,0.008481028575834385,-0.05519023458973954,-0.06809334832901266,0.016561694998969395,0.06628411421588351,0.00466812688088107,0.05100842399415018,-0.02219781917478166,-0.012710706740925911,0.0019482095998056587,0.018315358180812834,0.021691673665632398,0.003978563469085944,0.044260294680198736,0.03153533920914469,0.06238543243442717,0.013727189698286735,-0.01757754824839714,0.039957290519145566,0.052075714637309034,-0.037380377038759474,0.11412780472958889,-0.029814292078311558,-0.028275795862179025,0.014166356341554266,0.12589342378425888,0.1435155440035801,0.1651093547243665,0.05703041600497807,0.004610912893549908,0.12788106926178355,0.01585002280726812,0.0824706380796522,0.05953983731786823,0.02729900865561006,0.018776419621119804,0.17093845208693728,-0.029399991012706506,0.1916449194208942,-0.01491570089219449,0.029133010535104493,-0.09372847442343267,0.05610305589574472,-0.033867615373767306,-0.03302895965798466,0.0028150012069140112,0.0031601092064135173,-0.060434144310531825,-0.0025729058081734803,finance
153,-0.05284122707503975,-0.04688518331851884,-0.00635294888093782,-0.190572391036002,0.016291974649147705,-0.039812171820809705,-0.10568664524093481,0.05527473859159344,0.2576795382394815,-0.07311370953979723,0.15447212541741165,0.32912175661207704,-0.023697031810030893,0.5549987102387371,-0.16472359274312445,0.26165268070804926,-0.07648535434096049,0.07421380055038089,-0.14752154596819533,-0.04596360648580845,0.0752729115275418,-0.08886838258838443,-0.0669570979326313,-0.07887807223376378,0.12003409411663639,0.09167515708511849,0.07398041509561357,-0.05693077736336298,0.12435358313665645,0.01655598172307666,0.07179409578660034,0.035747110773332896,-0.020126945453687855,-0.015375321727909026,-0.07156351204117349,0.02674612096912952,0.024233975802808307,-0.10273329544715971,-0.013587643695065467,-0.044733165983623986,-0.029708308942273318,0.023729246771423924,0.014985913391050813,0.11182811727165849,-0.07492904342937073,-0.008459516750380388,-0.01503657404867211,-0.06293788876235945,-0.01288914327358516,-0.015991147494913285,0.016234324026955217,-0.06620484091574357,0.005784421509522789,-0.05504345767814399,0.0024684101589346192,0.002092152016932088,-0.028157056445077083,0.023278971405352074,-0.028856205155991115,0.013064796092828585,-0.015749674231187078,-0.006137602539049223,-0.002278563273675515,0.012040644777627783,-0.010176869987962122,0.01516179715583886,0.013995633475460442,-0.029093166956231695,0.025141173904839244,0.025431905582047196,0.0007660356063132141,-0.0021359610200821825,0.023275669530652108,0.00636713300045378,0.019409896876989092,0.021714037835744663,-0.0030348886019039363,-0.01436500094949675,0.0731936603869734,0.028431687935471416,0.02173800941361113,-0.017736298788765526,-0.0003421162968006867,0.04160046813401371,-0.003184141982003638,-0.01781886984319481,-0.010606630835733292,-0.0006076832822044311,0.0005453541125098827,6.062165742183881e-05,0.039217778631040166,-0.012743489458295601,-0.008543010160064948,-0.00900027617623505,-0.005350877366628949,-0.009548194155276163,0.006688029227245169,-0.03915165941868393,0.04185805826106463,0.015187842246165201,-0.026820631183160196,0.004072178756456314,0.03050840031508766,0.004143737935805838,-0.049605635141471434,0.03281585430941774,-0.01436500392146725,-0.013695900129086674,-0.0036279350824921413,0.026688716855736438,0.015751272717546897,-0.02710036514348596,-0.015344123783722702,0.030562146121084717,-0.0196459248830216,0.02293002875600611,0.02912777716711664,-0.014133662456719449,-0.03869561019757603,-0.006530349530206706,-0.04638870227098755,0.015139542273397085,0.03281021426763346,-0.03464087943454831,0.03376943356599066,5.251663509449351e-05,0.005127129199440823,0.017310534151207025,-0.005553994014344986,-0.003073991900384806,0.027911303787376822,0.016368773199329244,-0.005291217097198691,-0.017313147938789505,0.010812543206120117,7.2158569943479496e-06,-0.004536910227928251,-0.015205225582040245,finance
154,-0.0650869264361237,-0.0450682556171786,-0.006536767941571774,-0.09356209309674332,0.003055449365022517,-0.05855138954242291,-0.03638700403231543,-0.00557294866717245,0.04798106460074856,0.00684662564884066,-0.03711936973534931,0.03435871487350577,0.11900940843902069,-0.08340937758366908,-0.06888792436848568,-0.21089920466386922,-0.058311425042354564,-0.11017722066430628,0.043113984026156335,-0.0838282292407711,-0.04383997257817417,-0.11961799052839904,0.11618142088599623,0.015549664718534865,0.2783651386521991,-0.13974478180120894,0.47160276043473226,-0.3103453115153681,-0.1391531805338655,-0.044980630967996094,-0.009657614473278746,0.060410672016222355,0.04453277394191322,-0.03323122449299828,-0.07580485240314085,-0.066989065324589,-0.012224193086031033,0.005954909653203413,0.06387986595741861,0.013552445608769736,0.07435341585439123,0.016017534905199415,0.051354262821176416,0.0418815424663034,0.0341719454372188,0.025089251448965316,0.016748264737480072,0.03055343939774906,0.02554164534432542,-0.04309834525457116,-0.06645841619052703,-0.044521834220652985,-0.00995284731975999,0.042280940868518066,0.030827423971017866,-0.08375683521675491,-0.012655925931092677,-0.014160847835846313,0.02529931795361378,0.0305502576062435,-0.03489875988103329,0.07458642819951868,0.040589413590550884,-0.04036998846093251,-0.02708558792223521,-0.026590464708475748,0.01917127710102766,-0.0391587457563785,-0.05702642633444273,-0.0010699941596618192,0.017118182125714386,0.028237399491468248,-0.04203349023775457,0.016772924136280377,-0.02842242620913308,0.056346699019711816,0.04463757061433999,0.024197661470135034,-0.02098855049864523,-0.0030645783342075814,-0.013519286836038475,0.01088344062843363,-0.012700271105951,-0.04946903338443258,0.06771834591464088,0.009333744843010746,0.01749376854224124,0.04692534870952662,-0.017174438012569723,0.031153855597901247,0.029441107662270868,-0.012783379695443573,-0.04048371229070046,0.0156686294787768,0.04869151989352933,0.007969764311480483,0.04836182477840046,-0.017824726326612247,0.011001045959621633,0.0037858387111848178,0.09557596890939854,0.03719359147457724,0.016353670058289194,-0.00780679905767828,-0.0077558343095884864,0.11117130329082105,-0.007702870243441501,0.0581731320752609,0.00027721511999745835,-0.04852218144112898,-0.051444857808085755,-0.00232487147498434,0.030507541852375576,-0.01860066245073044,0.05023018813856978,0.0399354130547628,-0.11359820646632177,0.0012119400373520864,-0.01749841269502501,-0.026150371968294197,-0.030086885741195668,-0.08737225663262782,0.041756208558653585,0.012925151108689843,-0.06037718597002232,0.019374696821337103,0.2006465944068701,0.0698469432065849,0.008400086638473926,-0.12577207720873906,0.05758241515199921,-0.0853135585159482,0.28024909456923686,0.013789552611555428,0.08360676254085456,-0.04997143662320074,0.08202373807195343,0.0074149331390053344,finance
155,-0.0868498406389492,-0.039190083427907196,-0.01136104042924247,-0.2418502856128731,0.037516033680993405,-0.07079277765954582,-0.18450343788760382,0.026261665699112823,0.12987249868722683,-0.07066900454953622,0.13064657006268823,0.14038290081099886,-0.007827562037776556,0.2704943727059477,-0.061995903131845546,0.15525192891871473,0.07786687244233768,0.06184507455971417,-0.005008429893439282,-0.013561010288938215,0.12008014178033723,-0.09735037643010819,-0.11553390958318023,-0.04122173989365762,0.06392860544849555,0.022006111541972698,0.007759792186851375,0.024559100966251777,-0.03310655705428859,0.017557644060700588,-0.08972520667617184,-0.03320802259483225,0.018067909458829877,-0.07568191515439658,-0.009724058120048656,0.11317836214578733,-0.052037659986521635,0.024244174684855308,9.452222159213364e-06,0.03409763236550305,0.03571716620203894,-0.022461820186494858,-0.01115042566535611,0.029227632775375458,0.04899224635535426,-0.020225613397555426,-0.030445427065400214,0.036665530022199966,-0.11869171291292781,0.0038654658029691107,-0.09632284996068831,-0.023501761911437807,0.05449479898245737,0.11302886348129584,-0.008581395059313145,-0.010651243266460574,0.06386126507381645,-0.05166166199959892,-0.05226444243746958,0.007701264076422664,-0.004049785659220125,-0.015235484150430825,-0.013279188084258216,-0.02576108655609228,0.0021173335698148063,-0.060170152168748825,-0.10516719676255515,0.02331549633418267,-0.004226017332325397,0.024002622479314926,-0.050600364395528084,0.02032994810831021,-0.02192088122318677,-0.029911517337271088,0.0405635934662827,-0.11565340379780771,0.0009344047149624132,0.06450946110387223,-0.13938535041091804,-0.04470135332901476,0.0729859535562402,-0.04938083012569081,0.040171693930142506,-0.010612604083062553,-0.10697608815882415,0.08339959293590751,0.029545714158977953,0.06835988325473354,0.08241863040228734,0.0319392634199964,-0.04640212636910372,0.04855294149357564,0.014588988574320946,-0.15998923517163682,-0.012007389292439836,0.026080852965783562,0.024645856811705634,-0.005728750854702031,-0.12370300171208347,0.09255214292297034,-0.0859984505881215,-0.028526145319058165,-0.11585614202993992,-0.04874329785561943,0.11850832733034818,-0.11145913439569478,0.09267712621749714,-0.0251415827932607,0.0520646728363937,-0.13004267116494433,-0.1392036241494409,0.11559472992807093,0.08689977488407248,-0.100261137251946,0.10837061741891195,-0.1155598538205192,0.013278982928136502,0.07223439411718043,0.11376965941305205,0.04240230582224729,0.22107773202081807,-0.140959937905,-0.09893152520262193,0.11523781605882584,-0.15320282638322627,0.0016916181047015627,-0.021669313087034184,0.0035384150154582346,-0.1570044727705299,-0.03489076042423071,-0.07090633366909758,-0.002702458104363085,0.005033036797807375,0.05155419564732191,-0.05284593315996619,-0.05603440124903731,-0.028050067325261215,0.028758309328364814,finance
156,-0.08659954277455195,0.0077038575456664,0.016829506129802267,-0.10960182228626814,-0.005829314570205405,-0.0815784003025929,-0.1295008872075033,-0.015052360928166402,-0.1265830260253137,-0.04406140042873423,-0.04557927469163177,-0.055843255082916134,-0.009080704908307641,-0.06253016178016368,0.04506387499006441,0.1437186934539414,-0.07306781105316056,-0.0007350527868927948,0.02737656889442722,-0.045316654238938714,0.024791039554906677,0.05629356779778903,0.05634483143686731,-0.016668564901522923,0.02871767013956241,-0.07253072952883768,-0.03229841750383826,-0.03411677537165279,0.037060030930603394,0.18727112073814517,-0.07101173046204898,-0.21571417768447113,0.19910097226375878,-0.08403849582136226,0.1326977538485493,-0.0031965091613041434,0.007396183724158358,0.19705564031061837,0.030649991946552362,-0.050802739211408585,-0.13430330671958568,0.12808250233323823,-0.002134808585267848,0.17582967066254282,-0.20230653710308646,-0.20012921315752893,0.15012736893223638,0.05541389438553761,0.08721396378377202,0.026475204180221333,-0.1267097706257389,0.007205795922991676,-0.14369386448377466,-0.08180532360326258,-0.04349756025668754,-0.09987465205734818,-0.1413880420981268,-0.07466696793994262,0.11020712470118371,-0.06616009952948765,0.009221032279764356,0.05021260957847673,-0.09489450139095779,0.12688840374988147,-0.0859706195175978,0.0777713355357337,-0.0008567525250262147,0.0333518759136887,-0.005380101495224991,0.006711723521476643,0.08008863877161246,0.029150784181482946,-0.024096185126158878,-0.056006986707189725,0.06152714355243023,0.0485179344526383,0.0837700552261496,-0.030228999431402153,0.0006723018309535882,0.06566034386443358,0.03195516877727079,-0.018541289671194557,-0.044356606237528955,-0.04386167763158318,0.0020886409883172437,-0.04168071966951041,-0.02371831943966689,0.00758751189700397,-0.004551014990957303,-0.014164963595848928,0.058806876132487154,-0.0367100288796888,-0.059652559246554986,-0.05019923297773806,0.0306708375605882,-0.038095838361731964,0.05731462656297649,0.02490820777780079,-0.08462729213083951,0.02661259554587735,-0.026372978733256863,0.023009966869882624,-0.020038245297227846,-0.10372028682746197,-0.016313015349075095,-0.04779928244542393,-0.05957519409364204,0.04715782729058124,0.0563485539437756,0.022222674487737192,-0.014597208290341241,0.010395471143945017,0.12148355172519242,-0.04029369105399638,0.1674992175584576,-0.10841074837180244,0.2778744804281546,-0.013876197069118003,0.060940909986217186,-0.012451039714585672,-0.06339247845983112,0.10697031224472707,0.07409556419087342,-0.09105635800150215,-0.04570633710781815,0.03143688853221744,0.08987908212058796,-0.13197748274467022,0.07061844621537794,-0.09649869594619058,0.028197601485106395,-0.043258180141104254,-0.016106413652349733,0.058317217098937384,0.06087439975509054,-0.01740272184041963,0.007946184297641016,-0.03647893246677738,finance
157,-0.17999135525562554,0.31659385604454804,-0.08024844258450017,0.0687410186803291,0.0017974915718445435,0.033641712235836556,-0.015350388006592436,0.010902368585790467,-0.020101304798271616,0.001253036755278611,0.02931796428104934,-0.00397316158796365,-0.048260234684116915,0.0616314547069947,-0.006541602523027301,-0.006034994390720484,0.05159778849114461,0.03521344440141025,0.024612734374180587,0.017254776220562203,0.009783513826029475,0.034547867884894896,0.012123013180828132,-0.013794859709674716,-0.010145270817137956,-0.087341473046856,0.0449021923226074,-0.009059073792724973,-0.04670514568322694,0.047261759390286824,-0.05995319619408357,-0.09920158896272642,-0.22467477927638643,0.16102347054222543,0.027069723222703342,0.04766235662786074,-0.2570274979066394,0.1368129022762082,0.033336848198195344,0.09003267027638552,-0.0027137324815784706,-0.02416463092733181,0.04016911860548848,0.09008883940434159,0.01051842582601022,0.08364955350283926,-0.014405343745639761,-1.912930333822655e-05,-0.1492158809632273,0.03178626904743972,-0.03363602032527846,0.08528205785896116,-0.1118908581366446,0.0033464478625726242,-0.06079680723034853,-0.00951117718059853,-0.011061985549188903,0.024988622020674305,0.06389192273218534,-0.035330850214562774,0.04192551147741797,0.021773213047372397,-0.003958840408432342,-0.02368581282766552,-0.00282323694556684,0.034589056183633074,-0.0026203478886056846,-0.03961169068882795,0.02553881235329555,0.05840551158709738,0.0225077693405556,-0.016097838106880372,0.023007902000309215,0.011303546482333017,0.033117395811933056,0.08946840151810712,-0.028885568427136642,0.08020354076762334,0.13465532278788203,0.09970109987434203,-0.07892970631761745,0.12780365224340764,-0.07825493166650278,-0.09769628972279461,0.008833065763847257,-0.02293543130779183,-0.034623488351186546,0.06415437673100345,-0.07061480168899749,-0.10910111957478753,0.005820206215986847,0.07644301107608852,0.057794583161541756,-0.025491774375220166,-0.07099932264949181,-0.0641357201757906,-0.14487455197475124,0.031335399693350835,0.0707555345202136,-0.019249493011619937,0.05406633762331154,-0.0421139323079264,-0.05351773675618342,0.0441035913356431,-0.2119032625940898,-0.16648947166242417,0.06676538254073977,-0.24531198127812937,-0.07372004745067878,0.0178229927800297,0.02563558118131553,0.15126265626007993,-0.06723043898143316,0.0034729172050720434,0.0748341034706286,-0.12994171572030488,-0.007256736227648263,0.085241433056306,0.007030789796943219,-0.07108487152036178,-0.06618318147205192,-0.0694506258451262,0.058052996428330464,-0.06244443826562437,-0.014106808794414262,-0.027975561393727547,-0.016013686371841317,0.020628581241813493,0.028031810965176596,-0.04746892289034429,0.020302782699867686,0.12390645312633161,0.04189352648869493,0.05888490244167471,0.010631747645996881,-0.03838905334284284,-0.11074003054054217,0.026567521882939014,finance
158,-0.06148209700715925,-0.0275834118890057,0.004287365801328135,-0.10049202718580219,-0.010047528940905319,-0.028455991318173657,-0.009224670142997136,0.04803081874138352,0.0718139089802466,-0.05767414127378192,0.017464118648662947,0.11385736216065277,0.05169537587607384,-0.012892974615622445,-0.05904842108653362,-0.0668088965573951,-0.10424912850819712,-0.06778184963327703,0.012684253932094172,0.0958235198784485,-0.04684031769067626,0.07271896220667785,-0.02839929982620633,-0.041948129458482385,0.02842306107311386,-0.03635054395773465,0.12411762295122616,0.047718612472651356,-0.0497542742320306,0.07218841766429954,0.1758559365367289,0.01835381914884651,0.039488342864785655,0.01722210428280209,0.09626345373563935,-0.2192544165025131,-0.014272560532017609,0.008757201009346316,-0.042622579971336595,-0.05068347263960311,0.09605492284738167,0.02284939839824925,-0.08493572759096024,-0.25841553712137716,0.07656446439287873,-0.0005328581335114838,0.0019899066222280005,0.025179114645963504,0.08345618702111958,0.24858150327567802,0.09882551003416416,0.34722607981440134,-4.731776190356782e-06,-0.03533836163180029,0.047327927552083496,-0.10596808982947713,0.09365896229323491,0.048212228167714616,0.2408095170915368,-0.08670732895089447,-0.13067368598139775,-0.0033979618940908046,-0.13136614219095322,0.15835675656651027,0.10312256845986416,-0.02591585961469018,0.05943789188835354,-0.11476062950946317,0.07091308819232764,-0.08294994621087769,-0.1157442148358908,-0.06389465842788127,0.09098229391955412,-0.0552652373119808,0.1557956831501803,0.04708440550034104,0.09782254055554528,-0.057011168315839335,-0.010058423966345272,-0.03145130362165911,0.22141042190081023,-0.022842346715211233,-0.042302013906693296,-0.004766777566134752,0.0311638630918945,0.05601739102422408,0.00836948824312247,-0.0429686316613588,-0.021385687196161966,0.12073250591103482,-0.06275339613719878,0.018066669529144895,0.001450465508315614,-0.02799370357661153,-0.06363346957815705,0.05927556780744748,-0.0796325206137664,-0.08269608109472228,0.0022766033883332188,0.11313072491476157,-0.01749372880451502,-0.03708277955949274,-0.020079382470467592,0.025039050676226533,-0.08745352320749684,0.021197350745713845,0.022127309789156547,-0.07344210735804327,0.02104823021440459,-0.1249873884893241,-0.05096324894432177,-0.05480727789458121,0.02807238878187266,0.09390643400525313,0.008511717538988248,-0.05275938193989825,-0.03579947120241153,0.022639479389274367,-0.020563427988085914,-0.05572729769259265,-0.006846746152241028,-0.03206943661462903,0.037355773938640625,-0.06799380728099279,0.10425685631665924,-0.004128735498317534,-0.0014055371230456048,-0.02447263231045344,-0.0597684430324201,-0.01884715571001035,-0.007531351745155057,-0.04844522911596599,-0.050083256054285465,-0.008073390557393902,0.025603815108406987,-0.021724144639903638,0.03805617806340923,0.015571855992336356,finance
159,-0.18635606116873552,0.29898397531806065,-0.13786098440223418,-0.0386695509453929,-0.018203491937921416,-0.12656532318448466,-0.2868020645097627,0.0033961297549777616,-0.3774249008747034,-0.1861536906683857,-0.012767814303025773,-0.1437230887375525,-0.2064996356207896,-0.04351002887764884,0.10502822179193295,0.25472639805143094,0.014205378285380618,0.106344371950197,0.1626588894641306,-0.10272716803181019,-0.12996687642404775,0.04368608571326365,0.08186981184780366,0.08407912031253911,0.047225945668548215,-0.02136802527504536,0.12147759318022364,0.019371452519476428,0.14027709388376222,0.17622712205097124,0.20003375549837085,0.1281408083373844,0.0459794959138469,0.03395364760084101,-0.0035502903248433543,0.03111500440211156,0.164264573402423,-0.12767139323065235,-0.038626969114976845,-0.002949774449616127,0.0073008876779421614,0.02058163958607813,-0.009727261785876695,-0.008828703338126059,-0.03413563216261995,0.000443532195051167,0.010412940214060902,0.01044913891625775,-0.0432622977759781,-0.0225791064926051,0.009024375481006302,0.05418838831643295,-0.052857173287978974,0.07400614679003459,0.025963690766938424,0.006308603385050395,0.043068552463104696,-0.008053769501640428,-0.06354765472760543,0.015231875697550969,-0.030877803568984247,-0.016579288921983373,0.050362175140156236,0.013160343564976765,-0.012441754450137404,0.021256834226036664,0.019509235558672598,0.03622448475327987,-0.010326212324526669,-0.0156872644562056,-0.0379989797776378,-0.03093623204809893,0.015399543025176309,0.05810118870307696,-0.031192755627896564,-0.01562547075895262,-0.0103267683994291,0.00230169785206891,-0.028132728553783053,-0.006360464806173932,0.01954961911573436,0.01038148412998231,0.02944894333364176,0.005529114226803412,-0.03181255084841205,0.017335242563672446,0.025855904697953402,-0.009709004109718613,0.017594584325588126,-0.016046335693703763,-0.014083801662430095,-0.0027654766433843924,0.012527189893926259,-0.000987533412616473,-0.00834612443343571,0.0013635167632735353,0.01956150846449081,0.016768969884263976,0.00798226217612346,-0.002535894726319474,0.00465718533539771,-0.02174930921080138,0.02365110192226454,0.03170886629152474,-0.029953560573015233,0.015489689111723475,0.01157181056147193,0.009131481036880764,0.02017080473015361,0.0035078325806177685,0.0029945458224282188,0.008843245562528572,-0.021851673548571676,0.0012129485908143017,0.01347835496071414,0.0013349116300344457,-0.001852249309048997,-0.004681605610614549,0.029587628735357033,-0.0006483304243979603,-0.03273964060811795,-0.01619596529402575,-0.024736564064120677,-0.0021687976357518774,0.005888217117916324,0.0034963755718633777,0.009145528813716653,0.027595156762885282,0.003018057370755924,0.016263918491545695,0.018384362476605503,0.013343179455681177,-0.002810688778708426,0.0046789447423638796,-0.0008738955656666906,-0.028043256532545156,-0.01934561771971887,-0.013487629273159139,finance
160,-0.17085066493451556,0.3863223465915447,-0.1657284421045878,0.17489219331989445,-0.0013591098776335401,0.07039180446054148,0.07693658035742387,0.024373182914867557,-0.022815718244090236,0.09640660763133387,-0.00244437838663948,0.03694528297664112,-0.18387122703330458,0.1582947093235306,-0.17010145084873107,-0.2918414511840998,0.11749254481096603,-0.03143350300518975,0.06301157497934606,-0.08888949515484458,0.2818420446070966,0.15096509742808037,0.08727353610951905,-0.037955469686440466,0.10731613035174596,-0.0875158618189454,-0.12896307428241333,-0.011898125430552556,0.014957504286106961,0.06499558698040457,0.03455157704766688,0.09288532307087202,0.1467176146210945,-0.06013117724057157,0.05893648337935682,-0.04720181697703675,0.08469534350610998,0.062422901644649385,0.030888607713789824,0.015051890769842303,-0.05562336366123691,-0.01750136382159,0.0171110756575629,0.01806079228121159,0.03830870103130576,0.00460635981031578,-0.07473824649671464,0.025483574542604723,0.015410125103860734,-0.06169213515892396,0.04161834682106692,-0.002751276292913393,0.023200368375108683,0.0073636349505897146,0.040921314229756256,-0.026056996036078018,-0.01380067085839669,-0.004381618943594289,0.0056135547439749725,0.0027245095840043145,0.011989572552888456,-0.009793217228382427,0.02746002602673853,0.005206588164146688,0.019320112790427266,-0.026943999750293303,0.008054638403651932,-0.016951233317778466,-0.017466666808937163,-0.036061037120681864,0.007469793161344849,-0.020098409074579857,0.030441784633506656,0.005701632247278687,-0.054700011913940784,0.0116160700140515,0.006548961536898455,0.03528049340794045,0.016958425167566866,0.012407833963698956,0.03504806957669308,-0.004578101081929445,0.011153991506643325,0.005106822556452556,0.03489236046102668,0.004264274242774569,0.012908710980846044,-0.023792216992933605,0.006694758601084214,0.014998186083302334,-0.006699883598091547,-0.020892645857000597,-0.00826884026372481,-0.0036002221558938735,0.031274750451470594,-0.0006453070977132829,0.029489793008756808,0.044740346087196244,0.0259298020078141,-0.016755750843264253,0.009787644191405735,-0.0173533078471229,0.01715135524227744,-0.014089284142882963,-0.014516876576462853,0.021328257797015943,0.014874400153407878,-0.0017241642861370937,0.0021518944691662286,-0.025702843764147103,-0.00186457905620793,0.014998835205730027,0.01797108787050183,-0.01031330772464954,0.00764959741533178,0.007993492309679086,0.025375740995780625,0.06100356908881502,0.025437440334026225,-0.02134516394499058,0.0522221136960609,0.0060015534667073505,0.06073727003590597,0.03606021119596978,-0.04632636318430251,0.045869419963545516,-0.04183626404011585,0.04619399156330448,-0.07240217410244268,-0.03040292372680006,0.004641149544771586,-0.09665055286265757,-0.007361407323888221,0.0211191557668959,0.07529815302020168,0.014346690342378388,0.0009704098088500552,0.062461092308187686,finance
161,-0.09403647643742538,-0.03545409843758806,0.00867971692962977,-0.41176601294750786,0.29654100269126943,0.5792721832710214,0.2876700108511907,-0.03752010966780968,-0.24762497585003293,-0.14437464245537873,-0.04489163677859608,0.04216563140685603,0.022603467079733663,0.04271732088849767,-0.016370110274558862,0.002042697543221147,0.015282150977009013,0.050910496908368706,-0.016209521842772065,0.006156120888776983,0.029680085319229325,-0.02672639023921335,-0.04917453435718127,-0.026853131800655152,0.024430311344136608,0.01958293238357646,0.012934353898018947,0.008199525871011592,-0.04260922499136851,-0.017371434456211213,-0.018419342489688916,0.030525619420496277,-0.0059704237380095735,-0.009501831421221298,0.010665526042611992,-0.006887723626069286,0.016211782972141226,0.004203294033939733,0.011466766068902463,0.007977694269002713,0.01259560974281403,0.008069525598488293,-0.008552068880846895,-0.002664779932027894,0.013714792273282614,0.031378132944187204,-0.016159604151081516,0.02255678381661437,-0.014120957536961494,0.018783751341684817,-0.007209383567078812,0.04049127460088556,0.007694590548507287,0.008237845193286806,-0.0002981864509323074,0.01556778543842068,-0.017434016453978025,-0.034721344499984715,0.015625681048681155,-0.005805194347586342,0.010239117266545384,0.000994535150497522,0.040286196008297956,0.004768743329297624,0.004317325514749226,0.02062311430462155,-0.010019204039597013,0.011796447258957656,-0.05536818768701132,-0.006937014620485965,0.017793021051445174,-0.027255143237824006,-0.045489497873663166,-0.014308502796288413,0.0011257579710643357,-0.024368102579894926,-0.010240921655404172,0.007776931618055517,-0.009854470903187043,-0.005628051846270699,-0.03468392985827765,0.03195099950705944,-0.009644786386046031,0.03301754146192263,0.007674271409612865,0.017063959052380093,-0.012876085130435868,0.046352221426353264,0.02584808129624,-0.04658799903434612,-0.02870306314837345,0.032514106924281375,0.03415612717887449,-0.009671134955086536,0.024444128106277975,-0.011138095640597518,-0.039627742009417426,-0.005326304852776926,-0.008686957667696456,0.010915877259560074,-0.02555298292860952,0.021114245205653324,0.00657090510076071,0.01217955412326312,-0.052570867962405184,-0.03545823467498461,-0.036286737542449043,0.038161189569750516,-0.013936500462335905,-0.014010115115299435,-0.010363136950247213,0.025224000811638895,0.03647675201783116,0.07297892868583386,0.06771395486450005,0.12145900472647773,-0.053339056981439745,-0.1761712599783882,0.09389036711273452,-0.0015111544148144823,-0.01942996321523372,0.03905088315732284,0.07978274610324164,0.0439130214889552,-0.016260684434577476,-0.045406552723108895,0.002810649037348871,-0.021701555478099915,-0.011042630110669388,-0.025170059581956034,0.02604706973446003,0.019217723743708514,0.005344012877505256,-0.004269947220573656,-0.02058470218667403,0.005810122281442355,-0.00434235239169388,-0.004957249695574579,finance
162,-0.22919792030586764,0.5131358271850888,-0.18034519557073939,0.20121244675959857,-0.015169125942102483,0.05753413037978758,0.036141288958554736,0.006985982346130741,-0.05796010795099711,-0.0032925339347357383,-0.0015212850389236725,0.007534567574159953,-0.10510360625942017,0.12111732658598887,-0.06971133183905501,-0.0810646567998178,0.03868764458250563,-0.011392903640306056,0.0329618819341614,-0.03356106602102426,0.05941030529390032,0.024781261189948313,0.0229512179246283,-0.0023364481940689546,0.013868160296798717,-0.030242096653313556,-0.005186817017262731,-0.0020406460677030447,0.02876574588974443,0.00860602435376949,0.023617716988202826,0.05584351605498502,0.04458968268440138,0.012228978340814883,0.010100456067986508,-0.04061734377149613,0.08585276217297501,0.008946492850268543,0.030526629856453307,0.010854218814011905,0.008621406761362697,-0.009713439364431682,0.013041243735098004,-0.04895836373749523,0.03272670037083472,-0.013287762327924927,0.005711161399164744,-0.018816265492770167,0.025480408894742006,0.012327507695822927,-0.01120471742999605,0.038286506231317845,0.04892793733840648,-0.013385116305487067,0.04916654553039513,0.0248245277645379,-0.02150972465939508,0.030179252409287108,0.026443925312205744,0.004728555067038886,0.06058545258991663,-0.03712532823908146,0.04872962122707798,-0.014991506586999057,0.004562877755309094,-0.03316364256931053,0.007530377808983581,0.013521256810743332,-0.01745055789865147,-0.029751291282176077,-0.03249247958271259,-0.0019583875697704706,0.07534147159620885,-0.06146922274599912,-0.08104908452476083,-0.041247995847134254,0.01961838336001437,-0.011537936180671142,-0.016427889791011844,0.06097882675993072,-0.026328242173242315,-0.03097972937053734,-0.06180427990027514,0.09955584914507883,-0.0356978473344258,-0.048963177996274185,0.02293019703554657,-0.11268556388600494,0.01894690461836228,-0.058672276865533744,-0.0031610794616052074,0.0022325762587949946,0.0987702048114041,-0.0017639736527213243,0.19622121442209395,-0.027303635578514705,0.0824634941891306,0.049980298230555435,0.05943025217230681,-0.036008542549227744,0.03295380189143313,0.02125928743229306,-0.007522164473548356,0.013042255323979832,-0.10147328609504719,0.09225098315421065,0.05731826607361443,0.0016986270858622232,-0.026458961896231266,-0.04589454854248137,-0.010889191275097373,0.05920952116195217,0.016633209851197716,-0.003270978430455744,0.0716928146760832,-0.06204808939133819,0.019809186299477137,0.0502253817488504,0.06339524875504497,-0.018200033668805005,0.006435884868821442,-0.02470456011672235,0.011695804372398488,0.06654630751035144,0.024193633209899368,0.041757515022318586,-0.03795617391291064,0.09123843207250464,-0.10339964135790741,0.04731853588894994,-0.004910453483221662,-0.09847936049639804,0.044493427556562236,0.1041325594198864,0.10036513527088144,0.04679740675949159,-0.05118852861559495,0.04779037869428164,finance
163,-0.09173036555903524,-0.0180156506585172,-0.01126825864936057,-0.1306053733033308,0.020542005170331702,-0.023397333111938232,-0.0037887988659961527,0.06406534587442039,0.22922268869220716,-0.09938280582158068,0.16319777845553846,-0.04125549399958217,-0.09802054116730649,-0.013977279992298593,-0.023317260888843654,-0.08035278733593756,-0.17787300930311153,0.04071166874698029,0.2875549484987712,-0.0013244820965564448,-0.014767721709761024,0.047806956137817797,-0.11941121015257392,-0.1058806337801816,0.0237572351491049,-0.05309070788776479,-0.08844238388158422,0.08844922896872505,-0.41371584586694093,0.260998400629484,-0.1490173308953466,0.19994883206529368,-0.10904298067411028,0.04877781144906561,-0.1186054651969608,0.012162932204614474,0.019279610157439106,-0.06376715258561531,-0.11209298596257415,-0.02145885617592889,0.042170938786413745,0.01494899497725205,0.005811810531455856,-0.045380954047304245,-0.05850894468338504,-0.0760898192972277,-0.0899347042835039,-0.01194345699003149,0.0657954421843563,0.047077609710975236,-0.08936683761968427,0.04552386809166465,0.007981418963965967,-0.15303558742067408,0.05902178646114263,0.010959564920493148,-0.007097184161002499,-0.10202872531134859,-0.04264563405727495,0.026498206330243048,-0.03714392865670012,-0.06633114673961812,-0.013556172619577962,0.006149580303832169,-0.00026161417367149794,-0.026240830345193724,0.05453524788218073,0.041555327041709375,-0.08319066611250435,0.003186776489464373,-0.011516149829177851,0.006582941038841212,-0.021588720717758324,0.012324303385749144,0.0015109716936511988,0.009341042566506532,-0.010302913594460873,0.009413704715398666,-0.01569586143154643,-0.020752855940703016,-0.018444307593253995,-0.02337275382593942,-0.009716088301273646,-0.026964154714786234,-0.041654965703690025,-0.01113145482832116,-0.0013480521848489898,0.013418438704811986,-0.03134018372206798,0.0182086898577221,0.020478853864327563,-0.011844563036812115,0.021134011300489704,-0.0209036432582014,-0.048792004039182955,0.029696384433630457,-0.02361728429861959,0.009059719870229545,-0.006359424146300874,-0.001830493576353639,0.024169154746898402,0.00807310541467889,0.0012309689367010516,-0.024797748650790714,0.00845710527186184,-0.03837591951557573,0.0485034567015826,0.013175942508897235,0.004646021727450892,0.015583343734874485,0.014830799607647556,0.045468847103632686,0.0021028518133135773,0.0514027755069501,-0.008777623166794493,0.018033841685855964,0.026779392456131014,0.019050426221863183,0.02122782713387754,0.031082000568662376,0.013325835015768395,0.013253888778121344,-0.012086758352676445,-0.030493554116535832,0.013768112600305672,-0.01793471528857401,-0.03730487776493783,-0.03940004564278135,-0.03922891266288125,0.0371491901150201,-0.041269605119271226,-0.007415105088822489,-0.03313699720198358,-0.027784619702231516,0.019390613962742224,-0.01062313593535504,-0.09038830891582128,-0.06141744244715904,finance
164,-0.0583448101135931,-0.02838935335061461,-0.01665959103894954,-0.12598475533993994,0.019791825205784697,-0.1308085459247938,-0.10004108889903997,0.026119891114605522,-0.024729749215847564,-0.05805711218586109,-0.035267187156386076,-0.011081213522539565,0.05143317288082708,-0.07271635471968575,0.03900028940964476,-0.1246588589982039,-0.05360866552847105,-0.11237710376884806,-0.10880942627487154,0.09617723561275307,0.10242643609353676,-0.06349344408872551,-0.11692730985820575,-0.05895288975295635,0.013374917322880852,0.03655779011143775,-0.005883741417756312,0.053907338196037505,0.012538797251248752,0.0800088281140461,0.05175749608930918,-0.04335002755396574,0.13672543296764672,-0.030648814643428248,0.07973334850319053,0.020761481568803104,0.03087378729240789,0.027748881345176786,0.0689381309590103,0.006175653587027,-0.06925698426519857,-0.004959994351758917,0.047154490512212065,0.0504905258619212,-0.019862211382359468,0.07944033802231175,-0.003912560561228873,-0.15837029549033346,0.06647372481617009,0.15208636568789813,0.10561951276644685,0.15014979870476453,0.13232741694561082,0.03588712948881696,-0.028259985155883478,0.15248380167578401,0.16203663786483197,0.037489672146287796,-0.06598386150962153,0.03171368674555423,-0.093410548175152,-0.212326521306278,0.27125035601947417,-0.04437665943076403,-0.0642041342629875,-0.03731977097091149,0.00589182795592897,-0.09521095766721048,0.11551090328389842,0.02055367088208976,-0.08474664105529511,0.10409294088386108,-0.18711039248641606,0.21704452042858347,0.21175381648315852,-0.05542481684941555,-0.06029027908777333,-0.06015055492834574,0.20328859956226195,-0.09420111737736075,-0.09347017150603432,0.05297409376981069,0.04835410097432413,-0.10937133095256873,0.0941919076817572,-0.06016355329594281,-0.104660815857965,-0.07159019068576451,-0.04664511395825534,-0.13008899488623005,0.12100154775604419,0.08432985293457149,0.08517354728468275,-0.046352501226452104,0.07705559966265516,0.10150458218196798,-0.06184139168228191,0.167761643525154,-0.0026581590257049722,0.030757888949365125,0.12479234553748766,0.11690487091401366,-0.015998720741450596,-0.008144190476182285,0.0035112051268362584,0.043278000894158786,-0.04887830938245014,0.005007389486887493,0.06150039853104232,-0.049765740760855326,0.03550769251251152,-0.004308116472959074,0.06153967383103384,-0.05977314418529666,0.023920582768767473,-0.019870959575265884,0.0784317560299277,-0.02741914901877507,0.03013822761219349,0.0357089421103962,0.009077193511502291,-0.046926699618780404,0.001831740914755221,-0.012892410463730249,-0.013804004154859268,-0.02367918647257172,0.030966193038949458,0.009444560688088204,0.012227334913641315,-0.010884119698461989,-0.03087854718750554,0.041735578479614496,0.005782800802228744,0.0017159879920003226,0.002033992851442314,-0.0494437693086756,0.024427801503448896,0.009344750912439092,finance
165,-0.06576995588510814,-0.016177764181288353,0.0006813487941825067,-0.1574052010901535,0.024929349547950327,-0.03125040565391712,-0.09162547830809366,0.02694213483029324,0.03180385549856129,-0.02359156780262346,0.037564172911961465,0.0011293903475222214,0.01116821181701139,0.02378833397356378,0.012365026040272347,-0.02642192006368274,0.11106768827851735,0.07125598161179814,0.0840778012980246,0.02825490344825487,-0.057261169374028184,-0.008694927991069898,-0.06157415066147374,-0.07759293600924207,0.07142086849211969,0.014822058365008627,0.02114089631058369,0.0026408840733454664,-0.09744951990287759,0.0608682567731957,-0.07535159996295862,0.004639698194121043,-0.011743718864636982,-0.014451622677307655,0.03102316617250524,0.11649405111123419,0.006807515272444767,0.09218662105035731,-0.03027668390504863,0.0960601175988655,0.0007309305177014925,0.057599747170647315,-0.13267710566485588,-0.030235137367580097,0.17535117877273793,0.018653474478631495,-0.052637936761166695,0.15431274410023557,-0.08597633685558755,-0.07587997276645635,-0.07290744183501849,0.01333681224454994,0.022608808130683302,0.2921917898448898,-0.024426637088506654,-0.1133745730779258,0.09152086169387542,-0.09893582420436113,0.029629838850556672,0.07156028014319517,-0.1191078983458371,0.30706923196815966,0.040939699357955696,-0.2066195054777597,0.009292513530874407,-0.1035830378832582,-0.0326548511744068,-0.14337944527705157,0.15505678323443525,-0.17077489308736382,-0.005654393508477755,0.19780382940593758,-0.11321434406427332,-0.18625343321443083,0.03441068181736263,0.13195265916469082,-0.16950938062944412,-0.23189292146155935,0.05838376507050924,-0.051170380006573986,0.0629158475862404,-0.1134462986629079,-0.10964115959774762,0.05679537144862318,-0.017151978914786998,-0.18681430702672674,0.09703808505301258,-0.19008115843805848,-0.09238417811824429,-0.07664652368340967,-0.0074616304477127,-0.004223239975026686,-0.022213939437107363,0.07749881542082813,-0.04548388970806705,-0.06216657629278226,0.050601288887915284,0.023857748715587716,0.040064836378029885,-0.033131431258831695,-0.027057124261229196,0.05328424140952402,0.01815439811426632,-0.0317013970644159,0.10323179271422628,-0.01817802521724195,0.00907684505397473,-0.04093955943935915,0.016475240632217034,0.07761356128260317,-0.008305230859445178,0.0008134169661332011,0.03341670965169095,0.04382987778005993,0.0005774531177570457,0.02681638834959862,0.028846138084744625,-0.014027616700565453,0.032427334237848396,0.0008695740708289289,-0.06799912400561596,0.03933178488572026,0.025770234433887002,-0.0328510569181422,0.009791884339466853,0.028180978311139984,-0.008037759387471496,0.027680138007792936,-0.0034358289113278714,0.03538122104776558,0.001432453942089591,0.03673154317400225,-0.05534425450665314,0.0017718998605350175,0.018259162049091608,0.006693822877041517,-0.005622364254695895,-0.0068139032324665266,finance
166,-0.07706586852008074,-0.025273480283487783,0.005022739494728092,-0.09688965299687974,0.001223514218983931,-0.06163234666173475,-0.013987091130907306,-0.029446669893143648,0.02644700493403309,0.058053594388291524,-0.035491927790790204,0.02015753740748265,0.1461835614355409,-0.054934540903527625,-0.03626068314720673,-0.18386080603378968,-0.021761918961477136,-0.08604063176815697,0.0537135755156053,-0.06270950085415045,-0.04156097779855851,-0.1646586268445847,0.1232237084282706,0.07533396316398787,0.20393727870983439,-0.1382907362783591,0.4716563973869103,-0.21534802587175625,-0.06759804240115651,-0.033248623651722535,-0.0034505840393744343,0.05829369838119708,0.050552861919718896,-0.054322693648277826,-0.04426823473848889,-0.10207350975463178,-0.017732598390997244,0.03200082888541316,0.0754048949687215,0.012958557147199123,0.10810707495531281,-0.00664817122185864,0.06473454638142447,0.049420106998209284,0.002978015124484738,-0.035987671074399784,-0.010301192995135763,-0.012675208314686222,0.03758157202753592,-0.09117018383155723,-0.07310199150142133,-0.04444368508045787,-0.06204003156664046,0.013975202228164502,-0.027250610255141132,-0.02590306323506842,-0.01950060218936276,0.04193328002528999,0.005207741340175937,-0.0222772905512776,0.031652934381316375,-0.025238425291160882,-0.0327432589632536,-0.014511127073505955,0.045808227178802494,-0.01813363330075215,0.054464008085989335,-0.02675612331472613,-0.0505491165544542,0.042196268049861534,-0.016910475249686915,0.007009488223151675,0.08853527168413469,0.0067121740021426415,-0.03261258486479963,-0.03119759098054875,0.10145998110673218,0.046212086249495535,0.07927126229231264,-0.043118402102061804,-0.010804996065366694,-0.004209355972377908,-0.020608369966619494,0.024953672494041953,-0.00081873510713123,0.024731138878934904,-0.1064686145152733,-0.006115020247465778,-0.012569004457051555,-0.08939470811661167,0.10109923607682576,0.003430442484931061,0.03395531409087649,-0.024555943764242524,-0.013090264052865896,0.028126194946220436,0.13805369734423623,0.04159827272879587,-0.05006569905613764,0.2377628414628908,0.11333024946846171,0.07186626757303326,-0.03606876301263548,0.11179254990156481,0.08925480982195355,-0.04425842854783281,-0.01552375980455649,-0.03701570450175458,-0.03156419752385355,0.09909418566612267,-0.07366657811809552,0.05317378691888361,-0.13927899351732234,0.004602222864030163,0.026690918938780867,-0.0035610635562136382,0.0007544400496724182,-0.009657597597368901,0.06980269921421196,0.030025601631188722,-0.0083631106341619,0.06009130505817892,-0.08483027061970921,-0.032672918607250925,0.004009504028433453,-0.003187397442277547,-0.11547066452872227,-0.017630860395664562,-0.04082624503699026,0.03250366727277162,-0.049781905212778636,0.0882913374066408,-0.2260647009334138,-0.019741681649016237,-0.11348859346865023,0.059681054110226145,-0.05941231140048247,-0.02483594916556787,finance
167,-0.06951675992092195,-0.05235245115368711,-0.005580537420879309,-0.12125527894608404,0.030237042296960167,-0.04142190786999083,-0.0396517688420319,0.021058936345065667,0.2192271657060662,-0.07312668790787348,0.11057702120136106,-0.03751169784955945,-0.08230341125690521,-0.04511194327875788,-0.009390209754336328,-0.10795087993299786,-0.07804997798374194,-0.07491038465686461,0.19604435779381213,0.022175415246485846,-0.04804134795052347,0.041938226987124634,-0.06656593977249288,-0.14895357869092835,0.041499228925182666,-0.018996118587173955,-0.06167291038353793,0.0960390434928308,-0.4273420064028828,0.3146678689571212,-0.1781133192647794,0.22120163104746998,-0.09593441440235857,0.02405114702406981,-0.1522579572647215,0.03116582194266638,0.07728918984863231,-0.138481107639159,-0.1137165876501354,-0.09521612696524955,0.0813647440435686,0.07877285188298273,-0.02633493252562802,-0.004558614536483251,-0.11105459499872541,-0.10393325820261173,-0.009891588505515012,-0.05722029429413884,0.09848036609188968,0.01596040302803148,-0.059848675783772905,-0.014836322189135718,-0.035465239006538515,-0.14695211165245223,0.0037684303225147507,0.0393471893115499,-0.06202938977728112,-0.024542718364633495,-0.09165600058634418,-0.011913144774607143,0.023158185689765087,-0.008361900714634439,0.01900090839475417,-0.0475943248768168,-0.0005002482463588698,-0.03766685701329744,0.05379320954221356,-0.030798197545379758,-0.1009739588945833,-0.004616797888340146,0.03032962696975941,-0.04393101648191725,-0.024762784962673097,0.051596871335808224,-0.022857928304753434,0.02166417942684563,-0.026121681016197027,-0.002924902647291878,-0.010219552019991165,-0.0002800758486992864,-0.009447677987817031,0.0026652202567810025,0.0498314776833309,-0.012293294942298147,-0.03843041124107475,-0.052968313676330085,0.009770073913864608,-0.03868206316524327,-0.012675278020800927,-0.03936773186119099,-0.0034593614357578575,-0.00749927863556165,0.026282830505210398,0.011182892863351054,0.053413761070856686,-0.022744857279668677,0.011248534615420079,0.004034839600555485,-0.016878138200298137,-0.05643476293610827,0.007863889501532887,-0.003671132605076529,-0.0315191575276015,0.00901186577514477,-0.04084403205859949,0.0389671763948801,-0.03484757342260386,-0.036367519481513476,0.012924632174058578,0.01826012412682921,0.013568033842373437,-0.04291539576236085,-0.014086017045210716,-0.09650852258396043,0.007850431681395816,-0.024626024068225175,-0.0064602878454334866,-0.03469819351653814,-0.03093238354082938,-0.06524262219051788,-0.029722528000877296,0.005935975685402388,-0.011645397315790694,0.016626782233148986,0.0027954354452515576,0.005055173508978244,0.005059349754212509,0.005885296833275387,0.01931138120229187,-0.006378943532515777,0.050748543114355574,0.028489734085003902,0.018329279609882558,0.018985746867951053,-0.004424338714482429,-0.0060472335329981464,0.0723639047517361,0.06393240904048,finance
168,-0.16558340956166162,0.22991714804155908,-0.12324223632636064,0.006193057277906657,-0.0053155583283924085,-0.05953292318914563,-0.14247977159167574,-0.017866626119384266,-0.214670091880103,-0.1741975332776003,-0.025493764361986433,-0.025302352459768352,-0.05384125489676596,-0.059201227378201986,0.04889257363568317,0.1337561747878985,-0.14153110584108478,-0.04449678619605088,-0.04193139797808858,0.007804380325823223,-0.11318795482831807,-0.06543996492308225,-0.018510100029079823,0.04219935519750114,-0.013629091750618234,0.08106596389361563,-0.00980853116422232,-0.022800457157575026,-0.0717955367716861,-0.16802979688200942,-0.0960200683370906,-0.03557488527499201,-0.021074162713360413,-0.1538863415281985,-0.05915221630756166,-0.06985904416388765,-0.13715872320748648,-0.06906704605180926,0.012380230569676158,-0.09068615859058736,0.04533157105569363,-0.04621708912529931,0.0547689583724878,-0.010519204572624133,0.034534948549310635,0.08403620613044112,-0.06662968266360447,-0.01607353613107757,0.06905461259387556,-0.00966094042700024,0.1073870973196823,-0.11451856140044708,0.05679347552358651,-0.08805588842825325,0.06065637653487825,-0.016431503475539115,-0.06453382401641178,0.049356526495537394,-0.019179865692919584,-0.0200003948572279,0.1022837828920429,0.02872495045148917,0.0031772445774376863,-0.07909014419811461,0.016343571694555442,-0.04649173823290473,0.03156897761567774,-0.17009446188991117,0.08088053477154684,-0.020505222152768336,0.10310591404200792,0.003812366956068078,-0.05445059096478333,0.012966695959867458,0.01880342005243382,0.023980633857643853,-0.018077926821452237,-0.0670972120046408,0.032327865185628635,-0.07766508786523692,0.030762441980434846,-0.03959461190628865,0.05777731497076086,-0.11205358193304707,0.0747704254737532,-0.0026857214510864055,-0.02908853386279712,0.014604528893721947,-0.006654177904525717,0.09929629937590717,0.02940069331164262,-0.021882889551373828,-0.0507894896145036,-0.013721726779360642,-0.17722198264687647,0.06370359555277198,0.023157150740858334,0.017745589701548766,-0.09318791480343108,-0.042532725904674065,-0.03116109181102848,-0.05853546861812455,0.061573760737923935,-0.04475049950375941,0.036974072750195965,0.0337383994412625,-0.04079107712182867,0.003931336854440875,-0.030499513737098142,-0.04145761889393504,0.12154319433795575,0.016195421301352205,-0.03294730689786798,-0.051839919886544995,-0.078897673344979,0.010304991997551928,-0.0819256678298081,0.09216065029402729,0.07997138091835822,-0.17266910705297686,0.01869218734216097,0.03153775799867049,0.10748645497284685,0.06696715709163129,0.004852968052062246,0.08005376297953125,-0.1129400400999986,-0.08507337091066476,-0.10427557476297108,-0.16378017374307607,0.10061108112429236,-0.004205640332389343,-0.12081004106975614,0.18023612583091603,0.04038472936697093,-0.029799331738412545,-0.0251424553368231,0.08807406817639972,finance
169,-0.11702611652321816,0.02961375223782076,0.1498085520196247,-0.19903414232238115,0.07786241106697996,0.041727081810083284,-0.1853242515066421,0.08998523801876558,-0.08245806382703645,0.7300733510694765,0.13478853022293308,-0.02755132331136404,-0.16496428112792805,-0.05249452241731239,-0.007214900089925686,0.13813551921624123,-0.06249647960754556,0.015344497194994634,-0.023724593926186,0.01667047197623291,0.018080831965445507,-0.00477251866579402,-0.023405244600680976,0.012172334428568488,-0.003871541622399744,-0.002687446768886333,-0.01609418607995647,-0.037477384329912496,-0.017374355208581597,-0.021548556115306268,0.007949152531602409,-0.012412162236107655,0.008857333345834177,-0.01865339478414864,-0.024198138862676764,0.00011486276773796607,-0.030376948191954023,-0.03733400076489844,-0.014678460604251816,-0.02327042450735745,0.05062732695067626,0.0016689646704682879,-0.007873640967336172,-0.009742808935799223,0.038839328543909826,0.02143735958415776,0.020827549694384724,-0.02161318604620596,0.016455064699817397,0.028720858235518634,0.001527748920762382,0.008579669635546126,0.017384139823539133,-0.013050440928209943,0.011792857014113057,0.02790864848085115,-0.01413825995337373,0.005826816737172966,-0.022346097509319353,-0.005979245034905272,0.015494731535476819,-0.008712410759961873,-0.0223163619338165,0.004767082954040011,-0.0027955968376648776,-0.01764696152380585,-0.016156665662888214,-0.0028876659113567767,-0.013494773789097154,-0.00809207579225568,-0.025666626239880273,0.010371053659563957,-0.016851497732219146,-0.012239539809870264,0.002329962931888866,-0.012980670741231177,-0.014059369674788654,0.006020702394398634,-0.010089656682008296,-0.019112957593027127,0.015321493769519088,-0.015356544267672662,-0.0025805597297702187,0.0006287754209466701,0.012770433920980434,-0.012936767031365246,0.008740341225472202,-0.015808852197685585,-0.020743041729830318,0.02682485211149683,0.0006197135912629808,-0.0026482621544230566,0.019622945281770273,0.01400053153190408,-0.025909800350404834,-0.00821061165697249,0.022194124979658485,0.012942568637053974,-0.006734768651570832,-0.009210396698325135,0.002585609547220003,0.0018569958116151145,-0.011167443367667645,0.0014074341205609895,0.02493865643757719,-0.0007054827893393483,0.008545730551712136,0.015956054582836554,-0.013957333501118021,0.0032417956493767065,-0.01807987771399758,0.018415732822344714,0.0002927330149359291,0.0042446365042874195,0.028836484574983487,0.02436560509207261,-0.014736607197692294,-0.027483733813139996,0.018042013526690232,0.020134321740645333,-0.023900891861519162,0.03450481460565058,-0.012555295532197525,0.0027729186938841317,0.008223859487601475,0.003238596481216204,-0.0033564481646022313,-0.0037997870220223755,0.021007061291341778,-0.019959680227026565,0.002942477558423213,0.040476646260547866,0.030188173039222554,-0.014495647746374282,-0.01933866926231945,-0.005975236271550612,0.001412386957750682,0.006773127473884636,finance
170,-0.20107929991718484,0.4155903017506762,-0.19025849329244543,0.13044016859019786,-0.01938354049433802,0.00038059190086777133,0.01605805268247292,-0.0036294662317677487,-0.03694745444345184,-0.053804041395584756,0.015666813265144568,0.010298437950061114,-0.016041687122772347,0.021488751402520215,-0.018678202188997493,-0.02230182962288983,-0.0044798094655287835,0.011438539164228968,-0.052897523961021105,0.017696344122099476,-0.06440527692308279,0.02568144170602945,0.025570567000625696,-0.05637101728769441,-0.1472288862803482,-0.0596154227335325,0.09950153888353643,-0.02044847710223471,-0.0030515913245739105,-0.14342734030312365,-0.07316563766970179,-0.07645469264647128,-0.11312697579671585,-0.05407337235296771,-0.10915467882094754,-0.018438733920521647,-0.12070916307787849,0.021294469463095673,-0.021378850438481593,-0.03390083283140648,0.11803320673245603,0.04378287567797802,0.012059589532624147,-0.04045013354066889,-0.041413297909438845,-0.033004579410570334,0.07503172103102652,-0.04907653192039173,0.048345879845006684,0.12350946086268938,-0.045421125902567715,-0.08849823777447735,0.0799655492159811,0.00491974686693809,-0.08183287193888682,0.08138956216286522,-0.03568635799489058,-0.06151233826603346,-0.10452751476833366,0.008673954038589499,-0.03459132746502081,0.03221093352404584,-0.07342531501847671,-0.015684169436243026,0.021969053233602504,-0.03385756316266222,0.05765790201511117,-0.02475104962897693,-0.015013503163945388,-0.04759559933208161,0.03014230082226317,-0.011129493086326872,-0.09464325172943298,0.04668852984530397,0.0633618707437517,0.029617746737911683,-0.03246538007756163,0.020550234680188895,0.038411983562656564,-0.06699976604900987,-0.015263348251454178,-0.04360818255544792,0.0723148900602719,-0.032751534393092675,0.07717286153668507,-0.015225018909326088,-0.07241707353932121,0.055044610252567364,-0.049964071370255596,0.027630577878341812,-0.0015468787001008434,0.01891702269486923,-0.11184212970636882,0.054361971585848615,-0.07475319723239718,0.0627739277162424,0.05091013895350696,-0.06498602694136645,-0.03550548954812772,0.04015350025098223,-0.03310916539940474,-0.030639569664962032,-0.012719683281898436,-0.053190645488767306,0.05329978596328713,0.029382337639193096,-0.001123112968558548,0.08752032025984123,-0.0163432086622765,-0.0002803025201247083,-0.04359817403324646,-0.0627748946025526,0.09419570984304593,0.004990711661798541,-0.060652354226549604,0.0763231629210926,0.05788705116541952,-0.010367457896824934,0.026816116735288706,0.07079831933428476,-0.01976280016056894,0.01390798912500792,0.0035949010710414242,-0.03472554663947588,-0.04037934695001491,0.025854063824468084,0.07859098870443616,0.06416137881773869,0.12822671283365425,0.15211837027991787,0.04792649301939263,-0.10629995998621189,-0.011789587696039218,-0.08488178251323261,-0.03052607525813497,-0.14723118243948802,-0.21473037857489718,-0.007247869039413786,finance
171,-0.09404655974772902,-0.027303713617178052,-0.016236783072355442,-0.17626086238656774,-0.00394975108692,-0.1735916105346128,-0.20046109919878266,-0.010083310814470163,-0.07413924187945715,-0.10675679666224569,-0.047732644415445266,-0.03527758096394113,0.09594115799639634,-0.08698503747738807,0.10096535672085884,-0.0043185669651293656,0.07508756397383853,-0.021380793931493433,-0.03277212965387564,0.02967333088162442,0.405968374706657,-0.03431254360564368,-0.09925683712176026,-0.06559703252831353,-0.10266571547433212,-0.05458271606231158,0.03965218261058437,0.16213649908195116,0.023723749632354508,-0.2546751404609197,0.02143151481962188,0.11996144906120172,-0.0780378895857616,0.15706151041781846,0.022760511992999936,0.0758880805717436,0.19917654904637347,-0.0031970362845854723,-0.04696644830543178,0.21155696727895593,0.18985644996688547,-0.01372800306369198,-0.11849985343219296,0.0050170766707027005,0.14222244590903405,0.033172284267905916,0.09941269002343592,-0.11720235612821632,0.06654393247101469,-0.056776325900875065,-0.07938843961340553,-0.08831775216136159,-0.10483843881030702,-0.11893468488282218,0.046077079872830655,-0.07165920485664212,-0.13246341032118625,-0.01755663092128569,0.007318268103233407,-0.008676900977859713,-0.035200634859691285,0.047309741327283474,-0.06897094839120477,0.03928170344563524,-0.041723001178644796,0.029877634346087704,0.07500375941486652,0.0010321977505658394,0.014977072277698494,0.008423158978975453,0.01181765555044162,-0.01763943712254723,0.06711001888032975,0.013309798940985648,-0.006444493392161253,0.019953534533859587,0.013106417530780106,0.014798563611632797,0.04792140417364776,0.022976744897811978,0.02358037877826501,-0.019706157781840646,0.0037775215294863834,0.018019945132425042,0.004879391229178824,-0.013552065933664285,0.024703211646069926,-0.03247724112194906,-0.017447388982249946,0.0138249038924442,0.0025293170013628687,0.003095401739953933,0.010288272675238009,0.0475533891342746,-0.022497305573611116,0.0062214645453453595,-0.025569715454898105,-0.01680247915132758,0.014414195996075602,0.011399871284053049,0.0005298570876878595,-0.006055732682564679,0.003715895426275835,-0.006205721729419584,0.006832343355162384,0.007439072572307662,0.010288513489636279,-0.010370955093725577,-0.021448414585989874,-0.005735431092157966,-0.005757230691968834,0.0033039410836059784,0.004708956513508164,0.015837576887806855,0.0412356746668859,0.007641051126883908,-0.03234757788365685,-0.01821669069588052,0.017928384263379598,0.025015617778003495,-0.006486504801689509,0.0066680532021673854,-0.012462068227033407,0.013559769973416331,-0.004900304888309047,0.0026477171173322064,-0.010154704585124073,-0.025608732799617263,0.015841701073744496,0.0009730013534998559,0.03970666496440021,0.007494441373734742,-0.015031266752704619,-0.06030329177492384,-0.0069348649350061235,-0.0016725156344786914,0.0012272429356766635,-0.024640685925775303,finance
172,-0.08268534027947572,-0.025015620525623773,-0.02285773756999787,-0.15519515130218361,0.07204844752317639,0.02742774655776417,-0.06360150952983686,0.011907351230783838,0.18630939399851262,0.05992841723924456,0.1724829313865788,-0.035274242391159324,-0.1212367381119057,-0.05433175450060627,0.030404800351394177,0.05542888282760551,0.009556791038574059,-0.09338161360774773,0.12661115496124856,-0.00720939333796352,-0.09620413539499811,0.046304464287689674,0.011446619334106095,-0.106547794833696,-0.0627674019147104,0.044551190230688334,0.009614636263660667,-0.02206663478692169,0.09293946171321836,-0.043740011906184456,0.1325624062739347,0.1354810813870836,-0.04267879003397543,0.07703370709545325,0.12991338233611205,-0.0578680634220428,0.027132499673608153,0.1584317557118149,0.10557289731522497,-0.0885071249798315,-0.03272169126352983,-0.17404667187510214,0.06017012871385771,-0.14030185943212722,0.14090792862535334,0.040430985479654805,0.07255064363879668,-0.006091348674872768,0.04390038757626782,-0.1114969690532295,-0.06283949306836284,-0.07794159405454416,-0.1456753103725799,-0.004502791659523678,-0.09732574731466755,0.08789293800354041,-0.033665291439606566,-0.030662154248967257,-0.00603283727970406,-0.03505586508381854,0.09212546818405311,0.11927415571189805,-0.10884556159799712,-0.10898005908452997,0.00396148347142766,-0.1058239138570506,0.01380760599739483,-0.060482810770116795,0.13609863978995515,0.15003385304234007,-0.016172802859605703,0.11685593676279997,-0.12245620054158411,-0.032311226669070305,0.11167963474895619,0.09817340098133634,0.023150753596272326,0.07162436305687576,0.028007756572884436,0.09661629510590326,0.004234058348769473,0.035161823406031946,0.25155633746406175,-0.02736961335315775,-0.09357769323717487,-0.009395443442921963,-0.09966834395955054,-0.027752998362053156,0.10889759931075578,-0.05851243889987125,-0.027792218616035945,0.030274795601383696,0.06105849047337105,-0.10533498448716404,0.18807828907580176,0.029868979909160466,0.04792769489563426,-0.06354718091407197,-0.035196896450223024,-0.09189298278218244,-0.025318041538023556,0.02046219630236628,0.004467428663332903,0.060347900037864194,-0.0690778331942792,0.015175641548766888,0.02173640309144575,0.05137611359832478,0.09055050396025291,0.024811629194066282,-0.06092117103096676,-0.0058209666378860195,-0.015596594459985985,-0.07784772133501278,-0.12463923750487178,-0.1232858630925015,-0.08696927491196133,-0.02707628062101577,-0.04505019621022936,-0.11074213776070474,-0.0345534364344392,-0.04128299146596738,-0.04349500679969509,-0.036370044270554805,-0.05369114718779059,-0.13102037879927367,0.007482624127289347,-0.16238433564492827,0.021530839273795066,0.008674588491618411,0.06497039804721391,-0.06590149519235702,-0.0017109062335032255,-0.013378935526235002,-0.0053773689849767325,0.0025490332933615855,0.02686133797696817,0.0027341721697647006,finance
173,-0.08132940470636019,-0.02842413264799699,-0.00635333893544182,-0.1849266043617192,0.006486208826972727,-0.10562870611305253,-0.1505680920540833,0.010088377645054677,0.00013412721305849288,-0.09849267038155238,0.03887712119975785,0.015557591438580608,-0.02143998471611781,0.02192048851607288,0.04858996956752698,0.08418535018040604,0.027987894631075528,0.007562314969547674,0.016291721433749365,0.006608006674868677,0.16876149137950547,-0.03178416950538161,-0.08040304532143623,-0.010114634559794191,0.029580739030759487,-0.06570009330885702,-0.0599566479914498,0.07092300172076282,-0.09890834240596556,-0.11792995371588905,-0.17088195140875834,-0.07748502826772342,0.04971685320717605,-0.10644878368982333,-0.051368561144642014,0.07502867921353408,-0.096557217226077,0.14679404041556898,-0.014453657917144909,0.08475408029424272,0.10129828262138033,0.030461673552944907,-0.017059220502142352,-0.14377940789697083,0.1310736530896262,0.025630048944242968,-0.040345354320831306,0.10980400922333748,-0.17136347693895637,0.043188303796430155,-0.029389668594047322,0.04964757333678509,0.14930524672899384,0.13447125823738915,-0.04007073516795934,0.031984484861397496,0.16612550594446612,0.007165608146717459,-0.024826051219113278,0.02020735998442286,-0.013092059980507933,-0.10570280141801991,0.07059417271873392,-0.05721587643048628,0.05834501813518873,-0.05360928386765431,-0.13185279948564158,0.07813592386438514,-0.14297588857813437,0.07831504624392298,-0.07762020837894926,-0.09582787925613684,-0.06538146215597271,-0.05226075662530505,-0.03331455623191507,-0.21212276700893276,0.059005945594084924,0.02882593186306589,-0.18540387949405793,-0.13402854238098239,0.019462997304311593,-0.031805819944482505,0.07493771302005668,-0.03717115043440041,-0.08037117140620731,0.19499517596502502,-0.09598991990926779,0.05803317926234137,0.059870879869625464,0.02775243781535208,0.023649633704810276,-0.0837866738598804,-0.11599319254681759,0.006501987966639195,0.11347159593161346,0.016306159059127388,0.07587895912014433,0.03604991965309036,0.0049644172412463515,0.053287688604425225,0.04970046093809907,-0.019373254922625913,0.08050643538361667,0.09940358267780514,-0.06922826726490501,0.06124743016151147,0.010661557834659384,-0.08795226017804852,-0.05406679989738291,0.161591183078895,0.044543802882677036,-0.07727600503884129,-0.01141758745067675,0.07669392533019392,-0.02316337597944475,-0.035960169923240665,0.10748740098360827,0.014132140138435981,-0.11029402834870738,-0.07058092044857008,-0.192552181640619,0.06602171533361971,0.06636443315784021,-0.11984435674451584,0.013273687930033154,-0.02107730695984872,0.009521205597543545,-0.06341963035123657,0.08335685443568157,-0.037406124113060345,0.0723175264673051,-0.05354194063548285,0.02959581346004897,0.0248108898711936,0.020956338875383448,0.04245790481422364,0.009091071456188983,0.02347714404628538,finance
174,-0.10382356678991536,0.02814186152351977,0.06753954787571033,-0.21715118815812848,0.0788824666453398,0.03713923530827276,-0.18446668649557843,0.08598698706796092,-0.09063987894212748,0.7932071767005966,0.1406412333588646,-0.05204502363797123,-0.19012629927313218,-0.07725241794368307,-0.012395792594124735,0.1288622138420213,-0.08414588095489489,-0.005456898953487034,-0.061450569248831334,0.020254232216249394,0.026662224073456246,0.028491463061888326,-0.012214674859914551,0.01737306313471204,-0.0010681870949142082,-0.011683542423579356,-0.0029779479697022277,-0.03502012639568467,-0.02575469009703035,-0.03206533774300818,-0.0006977631188719124,-0.033017468840374764,0.007878016840654839,-0.01376865137802966,-0.015477402349524182,-0.011251594802320195,-0.01836053677275288,-0.035028515353173556,-0.013206530425759738,-0.009800876194472858,0.02848013648509296,0.007226068419234707,0.0026854168907771737,-0.015693892294656123,0.0046656931948635605,0.007370939089448176,0.007033116451301536,-0.025468984185375076,0.03247005046491654,0.027458838229253428,-0.010873561303475806,0.004512890219815224,0.020017768190995683,-0.026236813732609523,0.014359666110671916,0.013227563848525825,-0.007619943871785204,0.0073832164504520565,-0.017979061863717553,-0.00014791126976244272,-0.002574373359139476,-0.03350791420115665,-0.025012773115777716,0.017740371254806347,0.007495358564493583,-0.0003094321218340197,-0.011437895241473225,0.011514899105012506,-0.02470873420454055,-0.02024522500704578,-0.004997693072660995,-0.001710189207204933,0.0023722583133526775,-0.014902883902999563,-0.013086366516437176,-0.012138463413567615,-0.000254101330342281,0.0027045876185669833,-0.007219451427547447,-0.012495849808077563,0.0031389562629910665,-0.01566683271964478,-0.013885535756428811,-0.010954532759997178,-1.3267063700705853e-05,0.005700103182387799,0.008487425849222007,-0.007220021485195013,-0.017920319019579373,-0.0009217510141899562,-0.0045718983101270885,-0.004335465983400395,0.010014091557701438,0.011786513153132014,-0.016564115859487336,-0.00938799556623158,0.001649848767874192,0.007502747341403003,0.009142720453148543,0.022454438217904712,0.01672051082533614,0.014736337835055213,0.00248949001645367,-0.018684556866415906,0.02886471692055467,-0.005389506403371071,0.0024494440201999167,-0.014930619266542149,-0.014507585522163715,0.0022473178920075303,0.011366284029326082,-0.004250559934101941,0.008217973606119875,0.019580449540903908,0.010901231586778961,0.022098724237997226,-0.006274773051196888,-0.010295646470840239,0.0044986832538664945,0.02002879418905463,-0.012062899871752311,0.007662626670175613,0.009558858357379492,-0.0010695405801822893,0.003675824702357422,0.007611247473249276,-0.010169132757456662,0.01154635589163641,-0.014366325831282573,-0.0008745253579752355,-0.006969976929255544,0.042210843543062634,0.005889347921117106,0.003532178349955802,-0.008146157481687868,0.0012817583340647362,-0.015355704683040521,0.003571751939119792,finance
175,-0.07850059425112624,-0.01587007990138028,-0.002394559470997425,-0.19122253064977282,0.03976529983189819,-0.0256295727892078,-0.08771392264142791,0.040431226380961485,0.21142150719995612,0.040598078902329304,0.1299451328853429,0.16360398708607754,0.022262179191005135,0.27417147423242894,-0.08348970388691074,0.06032159165210243,0.02589529344240733,0.0013320729093530663,-0.09070871621726367,-0.05079288213681568,-0.0650473762536015,-0.22016563718636872,0.1474728156845911,0.36638340541301273,-0.23098440101567327,-0.10994693318456208,-0.05057214274969735,0.09746160567505527,-0.08079620964738682,0.08524612700294905,-0.008654733640173794,0.024989777563735938,0.0819564048788753,-0.02908517400119205,0.06573454221115257,0.02434830645602315,0.082530950939673,0.0027394553558130847,0.028445825527861502,-0.008503358429370186,0.035223542319854154,-0.015455875599808577,-0.005757201448553494,-0.0002711588158105081,0.05812368569367354,0.05434467987187712,-0.0035200777619919005,-0.0003752971691497562,0.02273393485630228,-0.017377462471088168,0.0006631973464642454,0.01939369976296164,-0.019461482022421327,0.020073068400608483,0.033527136272978035,-0.025282390007607392,-0.044206203297883585,-0.03713987205229693,-0.00663684690065773,-0.01469053522559276,-0.004071204814236898,0.009576721748843414,-0.034094610341064306,0.014908476252021836,0.017820806642476667,-0.00811929259961928,-0.002948056553659699,-0.030287201953760605,0.031226606000583506,-0.039267511975661404,-0.00936912807897295,0.04196153493887751,-0.049236363621678006,0.02818103609952145,0.04747723835056577,-0.03116040619064651,0.028719869644799337,0.05716921064436527,-0.014131878505039875,-0.037686472696062324,0.005504107057039368,0.023620021301599403,-0.002353078938560927,-0.04291698973468474,0.058618110730213155,-0.006046096647765994,0.026901037850279867,0.0039866634045859555,-0.0032533687537868814,0.04348654076543835,-0.03979230038054963,0.017898389015829554,0.015915980744867723,-0.031426012022615114,0.018885743645569428,0.007448444188912405,-0.05259870687370475,0.03991526777442791,-0.023157439449868318,-0.06662491443016258,-0.0007575733203254108,-0.03457304361746502,0.018314078763042595,-0.03506625071089904,-0.003478310141993641,-0.00781805966523451,-0.007738273054246046,0.00925945732129981,-0.0031328134558709906,-0.04965636536496473,0.004980835467023145,0.026558274927122524,0.0615651219956634,-0.052006243391348184,-0.03539361131058955,0.03238190754752304,-0.17863077082203338,-0.0425671964706132,0.16890511598270377,-0.0038340262927997236,-0.04027388532888659,0.05339898236957785,-0.12814221017945093,0.06956114419877611,0.11008118014749922,0.025374816124960946,0.11392359723772406,-0.0006055316997207339,0.24836915264937173,-0.06311236823182481,-0.11056380361372871,-0.028307905427623254,0.03737470872904248,0.013180205268164142,0.007668361440074712,0.16156519527970786,-0.033044087890961575,0.05909605647843205,finance
176,-0.0702986187959292,-0.03751431586839966,-0.011035531536847571,-0.14009674681972373,0.015325567966218413,-0.05312282902359415,-0.08844351744517527,0.0004705607291697323,-0.005971337190151032,-0.008312940178755139,-0.052109407960997736,-0.026472248701942643,0.07279296058022858,-0.035545000701032975,0.015091693812998767,-0.06631550057517109,0.08570830428179896,-0.013252811378748307,0.0036828654445348655,0.013064589478640682,0.10705640070587137,-0.016828224338927125,-0.052080706216326066,0.024190598577115013,-0.005801198966885892,0.019496300121013766,-0.03274725984218285,0.0529586870757049,0.12491976268100151,-0.14181182860548794,0.07249847218282543,0.0727759722790346,-0.14706258423222662,0.09627006986825296,-0.11438698117767644,-0.02910634779844252,0.023948646168996036,0.0014309863877711225,-0.10045163779814056,-0.04514188646667005,-0.10308342755630327,0.011937313966194641,-0.0105564045577161,-0.09321873464180885,-0.14803140376391283,-0.18630585132473607,-0.053301009861711886,0.23960124482451073,0.07169676482406946,-0.1265311228731335,0.025126001091835867,0.018535565390939028,-0.17496631550754416,-0.06966029433718168,0.0659977508927035,-0.16259202329047034,0.04899933396593366,0.08930234099392172,-0.05793431732467773,-0.01423788507842318,0.03877021971122428,-0.1664361276438828,-0.11160086393195029,-0.1387039621519484,0.1952145904707788,-0.05440204281324076,-0.03394095100837176,-0.05712997414430077,0.015152878905552745,0.09469458063257145,-0.10273459950223765,0.2607317140012229,-0.0717099397227511,0.0680695912821881,0.13605076732154758,-0.15044569456974005,-0.030643486396718597,0.12194336381009718,0.024366778454134406,-0.140105923147437,-0.08055356508898057,0.007860833520402089,-0.18186422982288084,-0.03315256331267546,0.2036201686452045,-0.10324475042962361,0.033910108799538145,0.0884947640311434,-0.012519833909478223,0.03176315111624492,0.03842341766105299,-0.14480212537464252,-0.15301307757606328,0.16956376438059861,0.1449875171926392,-0.04884646716001577,0.06869380573095796,-0.11422048444978672,-0.0124203844876295,-0.0901420685483348,0.018991613278614747,-0.09384510275811765,-0.008904371470014273,-0.0509676695618384,-0.08103098796944036,0.007966501670490228,0.0343176538928064,-0.03696981161764419,-0.03539738570163128,-0.08769924406816436,-0.01850913201366944,-0.01488963328027489,-0.03423804240390352,-0.0065569071399296285,0.05261497698772132,-0.007002032670384737,0.031122919150656472,-0.00639933166130439,0.06053589547623921,0.009598205905081637,-0.0006921145529415306,-0.04161752904034858,0.018435759702661158,0.003292296351479677,-0.00831315439733353,0.002918319574700243,-0.017830954799033658,-0.009441811205208917,-0.010358725820455562,0.011388920442154279,-0.0198383060362229,0.04311251972304561,0.008418196426955791,0.01334505346430497,-0.035823630721782296,-0.0025572490808071727,-0.008737867370139856,0.020222462351883873,finance
177,-0.09491987599871302,0.04805932064292722,-0.022654163331417655,-0.12102492560878218,0.02207866193357107,-0.018263834836006233,-0.027687749957989928,-0.0010125074498991572,0.07024942022658859,0.02433514940201548,0.012322339190287418,0.03757098719163363,0.09682420211929525,0.03178096389322528,-0.01933942047011981,-0.09240878189627258,0.05134670514773659,-0.04497194134795085,-0.05864939931516124,-0.04721077178156566,-0.0776491815038528,-0.24732912815038427,0.22403452811966196,0.5288196346576015,-0.2452826209039134,-0.1483432811724288,-0.1245506431215197,0.10647505678822876,-0.04724417543164384,0.06281938251684621,0.000729577591970535,0.0402203286406886,0.042548997806816945,0.025185109346526614,0.023134332159179684,-0.02702743308223433,0.04342993763974874,0.02125064861861657,-0.004486510442745664,-0.05508374340332337,0.03971560228701072,0.005226806296914751,-0.007102174963989712,-0.00333161799944604,0.0004526658375624979,-0.021647559736763407,0.0070874937011195455,0.0341735753276329,0.006067455997997518,-0.007668283503567,-0.0030641244774925517,-0.012358902190249904,-0.04621843874998933,-0.046878400611464754,0.005769576536256628,-0.004467622020287776,-0.0036630845936883568,0.007274525361057321,0.006325066941165591,0.0020008380084789996,-0.0018835575524470886,0.022051176465063528,0.012354190428837486,-0.036162385047491204,0.01435767683865053,-0.002847357959977403,0.017068522827982557,0.008097932167622177,-0.01498106478543506,0.007636463551674041,0.012203842213140829,-0.009015189860769539,-0.021960437977703015,-0.016077653490149942,-0.0009409960381929293,0.06460484041041743,-0.013557386276336644,-0.06439757228675501,0.07449607334309402,0.04719783840901931,0.0229814589695063,-0.00676935868244653,-0.0007596377710389912,0.04422042975147352,-0.003831688849937276,-0.005102898871208907,-0.014039278926627227,-0.031382576468755564,0.009599536863196388,-0.06645321297945549,-0.008596360262058353,-0.001953169275617959,-0.021050584776434084,0.01839760212562127,-0.027458274396694037,-0.001893555322758917,-0.002811211915754052,-0.014598942432067235,0.020031622746285702,0.022086901351907932,0.0032251166644281905,0.05889447875235216,-0.021480348638470138,0.022777542713204764,0.022684353996686397,0.02491782361637948,-0.03970147855331076,-0.023035974089730984,0.010233469081839504,0.04022706559842045,-0.008232145444931505,-0.05349390804774837,-0.013155841357678938,0.06290568158996121,-0.012812279300588097,0.020761206445392238,0.1427542575239245,-0.06515339029562074,-0.2409075659678094,0.07873769880416812,0.04576650370567782,0.02749845467260106,0.06329144775101986,0.009739500376896975,-0.0188839308102189,-0.14641741472167777,-0.11798481513577697,-0.06142540230804028,-0.23495809629032832,-0.03488072016866487,0.09159715056030102,-0.052647525490373236,0.11299547499896631,0.022430085242417377,-0.19066776200778077,-0.01963700695452975,-0.06771606192983436,0.13775614667612968,finance
178,-0.08646000393002609,-0.006862401299133532,-0.007709429389335557,-0.12862071925864316,0.014210253332313353,-0.06927116957202901,-0.07168250816931418,0.029629594887910882,0.07462240569116266,-0.020912380391976137,0.019125367947072036,0.03319633340814984,0.08153442814097903,0.044677928527797894,0.020375015545620094,-0.08811746180462596,-0.003199960316955308,-0.04697622973170159,-0.11674794783570559,0.02149998653375983,-0.21334585643598375,0.3291770997696487,0.1532088836766863,-0.31760871293782383,-0.45384412134449237,-0.209846133755888,0.07450074849856252,-0.043797073777793676,0.010138589110703693,-0.03992661437635507,0.018813165824090122,0.060913815045815785,0.09747107436241188,-0.15854025929153437,-0.02028628579368538,0.07048240981726912,0.08949372100950509,-0.12110386936270649,0.028309142925415014,0.035142818341354236,0.030749060212540247,0.015268136090190607,0.011941404976890151,0.07385085044645052,0.015063439572937267,0.03407934030692554,-0.007199173376324255,0.040946462498328125,-0.05492632502542181,-0.06600441811589085,0.04349358849617447,-7.924637024416384e-05,-0.014354991171641419,-0.008340298988094871,0.010021419512806174,-0.08249652867080866,-0.004381069036864343,0.01642200875464358,0.08683438966293557,-0.03808295383470903,0.06378471166751037,-0.023033600432461922,0.047755637912465974,0.028673469848071717,0.0014936101434140626,0.0035225342823916373,-0.035092003965077265,0.019704802991819297,-0.016972743742424502,0.014111454522985232,-0.03689766829430193,0.03291509127593654,-0.03877146608590008,-0.05247121904143594,0.0014148931572165696,-0.04337721007839829,0.0011929633417311408,-0.009233969430584394,-0.024938299483013415,-0.03960017213744541,-0.032960682186958974,0.028267938258073336,-0.055090121820985244,-0.07524664155381994,-0.05420521545738279,-0.020613605387001015,0.011676202386403399,-0.0018592285244200665,0.0016720477256704743,-0.018453102526896407,0.008804389748478398,0.004640252566433953,0.030620373334236395,-0.04927473631975757,-0.04211670488398137,-0.0018848759450237592,0.017635106841680608,0.03965747021504145,0.04080582929630692,-0.00232094575079259,-0.005758213462034847,0.009776469495981337,0.034138948288931346,-0.027823758524383835,-0.008817682887226131,0.007653945325136706,0.02433862907861457,0.0048586304237742215,-0.01804930952094495,0.0022589202460459677,0.0359049651838095,0.012697350433372211,-0.056343308770951984,0.0324775214773123,0.05745458606836782,0.02522791604865139,0.0008907907319079757,-0.0337990483299835,-0.032223852954901606,0.016627945588293776,0.03615334450730066,-0.0179174191388989,0.021081554058253245,0.022944859559823158,0.02268199428946805,0.04012909779537725,-0.018712061397316807,-0.014168107164809486,-0.012943201491666435,-0.028730415979484718,0.011047012533401044,0.014973999335029551,-0.0017033950769455917,-0.06019372045424154,-0.028778912525014255,0.03024048913451234,0.04691962207027931,0.00043076587725738447,finance
179,-0.06897241505737266,-0.0493618514741138,-0.01907691679194727,-0.13396958688437838,0.0355816157011779,-0.03912146882855807,-0.07020803519580458,-0.011601084118189277,0.09989459542643347,-0.06254884007650909,0.056153981774418056,-0.04908137490708016,-0.007683189811245405,-0.12468970514904576,0.0548168378318491,-0.05481426613919253,0.046002559938807766,-0.09434385036194438,0.0603630937785356,-0.016123332983314143,0.10995118341270553,-0.041632066850499694,0.030481266841462237,-0.0009651695493967391,-0.09951424859489201,0.005548485876289901,-0.0065706950880617164,0.03706374153856192,0.0694253916072352,-0.035091044441998426,0.007867159873097345,0.0038560484748715084,0.015449414835474736,-0.002042328296071332,0.028250925041554933,-0.05779370497517298,-0.003312777542813857,0.08368890979025082,0.05214389583018449,-0.15073587684439652,-0.08794415435761938,0.06861011382029976,0.032723897767720056,0.026805176961971097,-0.08835370178441379,-0.07927619141504379,0.05752144722930974,-0.0623193366409034,-0.12132759744191125,0.0817756677070968,0.135230418732609,-0.028200233885042676,0.09442102232550861,-0.0709993325119246,-0.22805898782699308,0.2017201426442289,0.007621850069655592,0.03088911624988197,-0.03438541004277505,0.008250659244008736,-0.07923880275983398,-0.08610974055361824,0.12826908966925296,-0.13516351284856015,-0.0983069870149749,-0.0884697756612707,-0.09117434301859013,-0.09636894171394897,0.10197820785648365,0.15159724608167355,-0.12384805908025612,-0.004152235774212427,0.23834320812980103,0.012592205693553078,-0.181505981636679,0.3191572038023825,-0.006047897935542156,0.1315480596988451,-0.23410263730606673,-0.026546404431581162,0.13191440191459233,-0.10731765569869954,-0.11002696919269826,-0.1392492096496681,-0.1405283827915053,-0.045012248135572204,0.05991136045407056,-0.09646608853410385,-0.03298307621750357,-0.012768016048094527,0.14915219506491278,-0.10149334031615623,-0.09827172879527586,0.07369430698512906,-0.046444440378352866,-0.02043995860839491,0.03607943043864492,-0.15137528959346422,0.07900483355706188,0.043572788047277655,0.019148646586775838,0.05993105293896519,-0.017275052100609138,-0.023474793129344664,-0.011606227166845152,-0.042102177657620116,0.045639369054873355,0.019435418860907435,-0.009283575179940527,-0.06685296154669924,0.05633993356174739,0.03254659507265906,0.011785706420516393,0.016681683183679318,0.07409318174774444,0.03853490701501574,-0.06631759029188715,-0.04298086545491057,0.06450220103612454,-0.024588629889062515,-0.022852168318175964,0.0435782551174479,-0.0015310183268050454,0.0791803107885464,0.03651849469600193,-0.05011354904390077,0.03266681796319915,0.006653225795550017,0.004985820574173013,-0.02838090123231092,0.0035610393216511326,0.02078308374083377,-0.0067643061381279556,-0.027813008145714427,-0.011013199681762295,0.019337122881361187,-0.020551728383713618,0.00014235727904008172,finance
180,-0.17235753482277683,0.2669730317513322,-0.13600149825564892,-0.04203266396081259,-0.011131114456628548,-0.10941276910868489,-0.2218101062993092,0.0038750830513478744,-0.25125673368826834,-0.25634229678143056,-0.011045364538217852,-0.06071566243245504,-0.140174745617765,-0.00504649917284091,0.07292415136549156,0.20486874019781717,-0.13152403774565832,-0.007173896033242924,0.058913029401924874,-0.06319658302955315,-0.06909855306516165,0.011258028407565181,-0.0037836954422403,0.064984228692965,0.08988140538412985,-0.010302780483990316,-0.07127701119073293,-0.04249628157410572,-0.01793352858760572,-0.09394459439422692,-0.06573391290507435,-0.03450475075729354,0.08888683315164722,-0.1522177821335574,-0.06703786301823712,-0.08215474588471545,-0.10248587528060699,-0.014273957965866335,0.009660050031445624,-0.02215002941411654,0.07414851903453157,-0.05315710663706704,0.045022854301313496,-0.09934095442294254,0.09157258220167756,0.07237435719370654,-0.06464791465160637,-0.030530369434302315,0.07522638296893343,-0.020516811532514168,0.10896681111135167,-0.0569415644946219,0.058639437275429925,-0.11867713998155273,0.10393925732527513,-0.010004359751879926,-0.028458784364195872,0.056978589472885866,0.04961346163552721,-0.0445729793835879,0.0780016438293547,-0.016161189407971205,0.0022308086060709668,-0.050021285828895375,0.049311196883664116,-0.06563005525686262,-0.007241464656978673,-0.04971756345591894,0.0343057943274632,-0.0003985200424195586,-0.002571811654383542,-0.011048569311301791,-0.006701173986029979,-0.015496970235666619,-0.007965193908888016,-0.04396423011537993,-0.05751944363493026,0.015973484345654758,-0.007124448709490976,-0.017789029110683415,-0.0003063628262003504,-0.030443564873252074,-0.017855432327954078,-0.009862495363430562,-0.014901719554827338,-0.02628830890025397,0.03680894071357331,0.02221641763278652,0.007330598726412607,-0.00047032799164744443,-0.0002057810533120626,0.014333300689719308,0.05472146207640803,-0.003537072936087892,-0.015472309307014683,-0.0342070665711806,-0.016294743868567448,0.017124086597838206,0.034004737090209104,-0.0381179444479731,-0.05925289609935039,-0.017715504265930448,-0.03700632261506677,0.015722626355360703,-0.018688648713020173,-0.05066953652190945,0.03573950790930875,-0.020428112454498073,-0.0032658332603199233,0.01169025601355346,0.0038432697757279878,0.017529416857417095,-0.011571321912495259,-0.008065964740811529,0.07667593699383898,-0.003527095735894893,0.014681455978992702,-0.014046236378983027,-0.0097028042844794,0.020037598472213244,-0.06381068087333598,-0.02163869449835301,-0.05185920612413696,-0.046280741100602624,-0.01395884031649396,-0.0825336819907636,0.01395127084579534,0.04703865751955435,-0.00797637665010675,0.020443454697327116,-0.07193291140103888,-0.02468242045226025,0.079764516067978,-0.10600322426002357,-0.04835537418744577,0.05622435817153954,0.05948743592022083,-0.03592168971631685,finance
181,-0.07086561489130891,-0.01612119143442278,-0.025271585241744887,-0.07877596325929816,0.004209630168160173,-0.031983378081343695,-0.04358865709546104,0.018466180031911028,0.04601531362399685,0.0014258972230620352,-0.013177098812030288,-0.011201995720824314,0.02530501706132352,0.04740303900263546,0.008077378987782019,-0.012214636867566941,0.0027267564210558164,-0.019706566851054236,0.009463398366437092,-0.02002811653599616,-0.010364916959964035,0.026656579881867367,0.03026504055846996,-0.023522342126315692,-0.009205317869209854,-0.017538324667666416,-0.002862162598229989,-0.018068754145607054,0.05903895062100957,-0.0454163174766138,0.006178296659080248,-0.010492455220801266,-0.22519588056858184,0.1318711242099035,-0.06297404783817323,-0.02993473534813374,-0.09751360593576361,0.21784735877065797,-0.09324938260751983,0.1411398615607192,-0.09601474016026741,0.002957390213540572,-0.005212158751335765,-0.036394415063701994,-0.12501810750070594,0.015008043909405556,-0.14050200867067822,-0.03735506431141712,0.3488071681320175,-0.2321244988523101,0.13370740349261012,0.12570510396072065,-0.19864282020013868,0.1439963008240961,-0.05687257026561312,-0.07569640952939448,-0.033104533319974316,-0.028086255933518954,-0.054148433735877875,-0.0016375968805288888,0.09316186842912827,-0.08742310669419305,0.07374294807770616,-0.05369888349161802,0.007883063881719724,-0.017487902858434632,-0.0985358501241562,-0.12363397125807013,-0.025580551274177205,0.07238215626036655,0.009562384193726006,-0.06412070014030072,0.052065409691505936,0.18566141471955042,-0.02057271352996243,-0.10391456880019918,0.0032951249755092827,-0.11440171656890517,-0.17404607127873747,0.10051858857114411,-0.10173411962893651,-0.18745113928974677,0.006828244719734434,0.11798332903159478,-0.09943555621499924,0.11127738931482238,-0.03455896790454715,-0.13505991213805313,-0.06718890849482782,0.011458528233472745,-0.05186953746872755,0.20034992422228284,-0.06049164352742789,-0.2116406729370844,-0.1722160476970267,-0.030250876793562725,0.03354511782821823,-0.028140510645664682,0.05360316673156834,0.09078312120381819,-0.041911245613488766,0.07458283980678503,-0.023842350088734064,-0.05564232846165836,-0.01462129218122818,0.03710856544046766,-0.05910594767700831,0.03819536941705757,2.766489662737429e-05,-0.019065786089678335,0.030015192190062677,0.007607204108186434,0.057858747583553104,0.021391604628063336,-0.09750617268602557,0.00046665981255518825,0.022463737549351718,-0.02492311761519497,0.016175551564074762,0.032898714164826474,-0.024036880476773794,0.02919907640305817,0.026791345056897543,0.0010402171864667558,0.05071595877164786,-0.0006072356328240984,0.04787234140754488,0.03651760142191887,0.014311482083368764,-0.006478052245263116,0.002346837198940185,-0.005183489145121359,0.011788479540864134,-0.021474451206644447,0.03188958849375061,-0.011752855419369991,0.01344509960584134,0.01790679690815371,finance
182,-0.1091871234195547,-0.022827441118734814,-0.023713175536872397,-0.10843277890457015,0.09577344712914874,0.1160230559956945,0.05397925914181801,-0.025740359514385008,0.33992939467554517,-0.08719348347745315,0.2235962713551354,-0.07721991938022402,-0.14094163002576307,-0.16831051021764662,0.015073305858624106,0.008830312285566895,-0.0018729796372840514,-0.2730915320440661,0.3535940017544765,-0.06907124417125342,-0.006078376648341944,-0.12803759058252218,0.0587244061545105,-0.01321149896994349,-0.05421626530827372,0.12540949376577581,0.01590311319840179,-0.008516903680960761,0.15194816931269142,-0.05782335323989367,-0.006695899442813699,-0.22979962615263635,0.039757151771020335,-0.029797430354477066,-0.021736020835600094,0.0895191713962552,0.03009905609964989,-0.13687112575568067,0.014296121726058025,0.17678659778128997,-0.09887182647162218,-0.010451984422839889,-0.004152366463793208,-0.021644023129291687,-0.039850748788513836,0.008000529617601008,-0.07619618016600542,0.005937944685922978,-0.008077973335617852,-0.046553845314496745,-0.04644586647543042,0.011095455184606867,0.03851654312073648,0.012134608319621393,0.06430088351488182,-0.010049475814042377,0.040824801134745396,-0.02227602322552398,0.02332579799077679,-0.010693494087688733,-0.0009830854624132595,-0.0053056320991083285,0.005431330384640988,0.06747640999947493,-0.010235869636774383,0.006996139039879783,0.012051414381125718,0.022259407005787057,0.020039881825561396,-0.018473843389180837,0.038112262094701296,-0.04584770885447546,-0.01392371744537238,0.014931229981160936,-0.03087400503276131,-0.037640870655980846,0.031532443202247476,0.01717143548063414,0.061116607524920354,-0.007608691062805455,-0.005469612529936709,-0.04442880711349969,-0.014505154818219188,0.017645529542019027,0.040114745357713394,0.018455315810563963,0.04808788065795378,0.08323711128853008,-0.03923842313868994,0.0834420674110219,0.005847755703802698,-0.06689508044037196,0.04532587281549634,-0.01955509580628192,-0.06407884309372687,0.022632878977649276,-0.0002940324848909394,0.01799981406696717,0.05524646927894638,0.04043737804660739,0.02272892054447756,-0.041835977754781956,0.029703041774667673,-0.031179028707013216,0.040921285250369546,-0.015303684330522215,0.0034337238759922523,-0.0031067204699913274,0.0443874169823843,-0.007102815733817417,0.015145175069596365,0.04154734217321171,-0.007445467140737345,-0.01516786638705196,0.02197390832584207,0.025727898664149276,-0.003967818374767973,0.04001841530510349,-0.018913857897749763,0.021384896250147042,-0.01185498391945649,0.02461740634167099,0.00547895227302701,0.02188468604323143,-0.005108126834896284,0.04848720303088895,-0.02627079229836101,0.028764894839956184,-0.022439658947253534,-0.012627631511783333,-0.040167648279911865,0.04253487686511236,0.024037863127764854,-0.02453225580909546,0.011994993233362361,-0.05173941953724573,-0.00472387571110941,0.027743900590794873,finance
183,-0.08631373828396798,0.021415585261093485,-0.01940114952964272,-0.113822580826202,0.01153439616029955,-0.049396389087894434,-0.07943402029634819,0.010125695915447396,-0.0034729795927011453,-0.04808234214182799,-0.010037101474186249,-0.004706444449343333,0.0503146986598548,0.011921344395690835,0.03329874203023975,-0.022167175510381845,0.028856185231087607,0.004881694149111341,-0.018899161726805922,-0.039629512872816616,-0.10752620683953486,0.17285334202732508,0.11093779708788191,-0.08633906588815135,-0.15847773055016953,-0.09326845249238253,-0.0049308709682883214,-0.013917349241266601,0.10911674793796272,-0.12014502186758577,-0.02550143408663232,-0.06145693649496877,-0.03423148308071161,-0.05740726711455175,-0.14563338382909408,-0.01761430227511388,-0.16557005538691025,0.20781236159386965,-0.05289264666608495,-0.018635031333586995,0.010702185863208829,0.019719836028657373,0.04162108078607805,-0.0939114704589915,-0.03215219866928825,-0.08914814802549853,-0.04225308271592176,-0.06536921618068482,0.06844810779982917,0.061680089759175376,-0.0938706139483728,-0.018800370736656014,0.10737224610319017,0.07925481588213579,0.07752031842623368,0.13449578214273444,0.00973623247229091,-0.16487215806245084,-0.3148621574112674,0.19645785442182526,-0.1541144688353043,0.05435608804914014,0.0006181207079722742,0.0027923771580644382,0.04372096306089844,-0.016405316260805665,0.14667183737967665,-0.055111548846769574,-0.022079012399153865,-0.05979047733538258,-0.017163706648401205,-0.16281574208769783,0.07667865305867667,0.11373091604626252,-0.09590283826161002,0.11064969278389142,-0.03860418893209233,-0.010963369272256437,0.15203730141642244,0.11384331509697654,0.11301288703906835,-0.04840290155840131,0.09334188013699947,0.2786428850148141,0.19714935094574843,0.06164814961375582,-0.018824202085164846,0.052336489924029686,0.05991625793631243,-0.02152901707934975,-0.061033738007921605,0.011874605817733915,-0.003024409089027478,0.17266364789129277,0.13049131611701106,-0.03045340666343535,-0.03919381917141562,-0.04508058083356981,-0.027741638090102008,0.030184986977825935,0.01779262672835259,-0.06759179361928386,-0.07237827849143687,0.022435409807446956,-0.039693412250377945,-0.04815498195508388,0.022126833105239288,-0.06217763969926202,0.03973251464222959,-0.026456195097617517,-0.001746961811833907,-0.016942405135765316,0.048187791382275365,-0.030317060623500876,0.09863670573460254,-0.0646085586120374,-0.013950677860936142,-0.013797292140425264,0.0031541613699413835,0.016403210808378667,0.034821694619817184,-0.02829445268783464,-0.0040562324215583315,0.005099029953247904,0.030448865598065505,0.035378118606788064,0.017957868700100185,-0.04517694254079395,-0.0054355811010803725,-0.06258506789581948,-0.023271476272749985,0.04059449229803416,-0.01820571774527494,0.03724000820906318,0.005746200204417436,0.06122953202458066,0.060605967875503666,0.026902805129168768,finance
184,-0.09436778829525211,-0.035816581383916274,-0.038721965718574045,-0.09771305933755597,0.08410699760486641,0.09004527046007253,0.047382665896875543,-0.031207220557441188,0.3197560773244459,-0.08818937180739106,0.19508661998470675,-0.09229549705913828,-0.13497426774587512,-0.17473016396803528,0.032240803162553816,0.003337622601230075,-0.004261977610978522,-0.28001320894452775,0.30586725685795974,-0.051361077363637396,0.005916293969434599,-0.12113016323447914,0.04216745800703502,-0.0030550225236732425,-0.06903851584118396,0.11739848634831772,-0.0005735164301234955,0.021566868214882913,0.1337909789255493,-0.025459193011877768,-0.0029059062975953388,-0.1937949797984699,0.0513719420526869,-0.02285751839173345,-0.011743780035926245,0.08034365964777504,0.009484093124536963,-0.12711753050045424,0.01551774073874249,0.12814761989007306,-0.08724812599304094,0.03783200047740282,-0.007697093158061065,0.003507095733496145,-0.04204517055815954,-0.0012921547818367833,-0.07238480876996517,-0.042607984707038575,-0.03513021800091762,-0.06446999782263811,0.020884144386444408,-0.03993120294240794,0.06703896816716184,0.0683760034989518,0.02891491329814965,-0.030235241971648504,0.015768836024541044,0.020249266540554398,-0.007581481750204029,-0.012513845765476652,-0.03137751903087277,-0.025519058806507698,0.006596112656533971,0.10593994694460493,0.009228544651319026,0.05258570326614495,-0.04098321414087577,-0.03206649063217851,0.018727850578673468,-0.04410497021456948,0.01134294305692213,-0.06740962270026524,-0.0037738740046506466,-0.004730349461789429,-0.025768680533759133,-0.07749104722469297,0.016718272562508074,0.059622537353446615,0.09666322632772444,0.02853538582811728,0.04248273388482673,-0.05884197894541186,-0.06045114484372601,-0.009775245652271997,0.13135125101623427,-0.050583206778138934,0.0905806826530107,0.0323031118745975,-0.08480559714308517,0.016677769272857593,0.0030973450424070354,-0.023670983938272275,0.061662282404296144,-0.02142459107789503,-0.06853386596683644,-0.03141121376346133,0.025189321187153668,0.08522829745646199,0.07379678909510881,0.051680065986173376,0.027895644034801388,-0.054221827274502414,-0.035908121209394406,-0.09612811465954837,0.01873126730449346,-0.06010695135550549,-0.03553653582533947,0.010674802216025596,-0.03710041788354155,0.02132074815235796,0.0056252763966002485,-0.024027022779577443,-0.021161354995764443,0.021744886476157226,-0.033208618713463194,-0.0263172726212612,-0.0844477984195714,-0.029554412409952834,0.008115800785838002,-0.0668283749020377,-0.047419907681505315,-0.03235592606063782,-0.048420248343656616,-0.05455858139964426,-0.009878629863197345,-0.1308192286775944,0.0405042128608037,-0.1025272065109898,-0.011376888912891656,0.015663429030766462,0.10619396376011941,-0.088429133979172,0.022410172479771187,-0.020552772522244196,0.025026919813950346,0.04036418235279883,-0.019005656773581594,-0.0003907744728437219,finance
185,-0.08956601598873482,0.05911489706130993,-0.05904167424582207,-0.08954540747916079,0.011806084593243246,-0.00987323892807627,-0.007146416251823162,-0.009731529166292548,0.04372296792461818,-0.004736089881490468,-0.006259648897208911,-0.008267869012677698,0.058591510279414116,-0.0047674304011873425,0.014147621478738085,-0.01338044156605278,-0.01320842537707326,-0.019389697805059884,0.0124285429556451,-0.034855019675332034,-0.030546865497548332,0.013444423184592193,0.07336513705511616,0.03851967971039266,0.05625116378406889,0.017749713489562616,-0.0008118501175802402,-0.03538479913695479,-0.05866575403509045,-0.01663551373235131,-0.026933171139121262,-0.035498750159402265,-0.027678584862874916,0.06450044899635152,-0.03758213611231716,-0.04573031610014678,0.09648171018301396,0.08505842667624075,-0.03339957538018256,0.03495996438499552,-0.14925471350559888,0.019823599641033654,0.09585325867964699,-0.05062767405821686,0.05787640923057862,-0.16894768527291104,0.06238587599365856,-0.17869177811952522,0.018808233420445925,0.018631132687126278,0.006690349240683979,-0.26893499919911373,0.03297099614396136,0.01426104072313597,-0.13946915101479868,-0.2956828466227791,0.41039983141370096,0.3054722901379463,0.07273410510325867,0.055681589629922236,0.029419219434945184,-0.11476447343066536,-0.11179212140663623,-0.07386975065865423,0.0958406146367019,-0.047930957181943595,0.00983610545902606,0.22117601854756552,-0.10282199713121007,0.014809023453044672,0.05525294119895543,-0.05934776127055518,-0.038520426012793395,0.022388727810935045,-0.03502777650639537,-0.0014825732784342531,-0.05866652041568131,0.0026626404542926673,0.09176146746586271,0.07976062309854463,0.1829964458465564,0.07341804124232817,0.1740885609089138,-0.03394852504663883,-0.11217531098924874,-0.1043203449998868,-0.07059986686685524,-0.053954499426388344,-0.0496128453707482,-0.033908206781837466,-0.0743181276204838,0.10563442874506306,-0.01063720412195794,0.10944325384542801,-0.11793864869411111,-0.021314881086594954,-0.11544468453186219,0.01633659261954796,0.038910319069359996,-0.04080176322670443,-0.05812524584174803,0.041814600742702004,0.03418963460858945,0.02576310367199106,0.003988080516945353,0.0014391620383905743,0.025528339650019945,-0.011851430427980644,0.01920982970736023,-0.032681630358901294,0.08200461916812367,-0.013001865886140057,0.07119490648946333,0.029836684551455363,0.04545987147301729,0.03002336043161424,-0.023432301897091445,-0.012138887853880743,0.058931397055658766,-0.00015085562559477998,0.05428851628232749,0.048209806913494684,-0.011133930576288054,-0.004658256834242778,-0.01272863689187181,0.057497806645953005,0.05702222091319158,-0.02776422586875426,0.02604765439386345,-0.0034819781874932962,-0.053603968092655455,0.006230147883133011,-0.0014540339026846503,0.04069371802590443,-0.004144761379988359,0.00505037327842753,0.0049308998214144155,-0.0019292907319925765,finance
186,-0.06248388682743728,-0.0033394846222960465,-0.020649523352522427,-0.11877583696243808,0.018818046071453882,-0.06848034536992242,-0.07618956146513559,0.01913269329743626,-0.01234395254510804,-0.09386704167683138,0.01679173549330918,0.007154518744822837,-0.012473930509218151,-0.0024149239801002434,0.040672688303028275,5.181343989528228e-05,-0.06448944626662054,0.024878354132421555,0.06446617313662226,-0.04815334614317522,0.03044788217466579,0.06947081333755359,0.004635173082837438,0.00869807988722369,0.0005334657239499349,-0.058800335440618044,-0.03535679729674151,0.015071840901641478,-0.09050708018205171,0.03612632266004597,-0.059738870382886146,-0.04569080155953777,-0.05281160811439917,-0.06415954948833784,-0.013349438039125926,0.03899612567476924,-0.20484300044319753,0.12648990667215734,-0.006497709993768404,0.016616690906579197,-0.024363978029026307,-0.06477057877603244,0.042795657897280646,0.04805409592500805,0.08137512979190416,0.14253235738513173,-0.16102589078960902,-0.031056019553715116,-0.11091200461731718,-0.017964049464630483,0.08121280250539165,0.09862898920176681,-0.06832676508462832,0.01963973575203051,0.20977577639553707,-0.0034421381364051146,0.1359604479230686,-0.02622123522902491,-0.1841537162137586,0.21220912280956233,-0.08176538628914849,-0.04041866048130861,-0.19211138794039265,0.2316023723154387,-0.0818680220719904,0.030060937214403435,0.13701739804824922,0.20272400677798713,0.20029592437460497,0.14119317898109618,-0.017672255006634073,0.23561302911218068,0.29557909684648925,-0.14508435309603412,0.031138409235973344,-0.023681758510390186,0.13162691786426653,-0.0019970349417657144,-0.06755246445736794,0.05824448970728783,-0.13127192908745336,0.23760424525609417,0.062393405925127744,-0.04758948568387874,0.032429161678550644,-0.11761997648612978,-0.0762301901589054,-0.07663264403382523,-0.023374205398646472,0.007100001441877876,0.0027302214269075992,0.011921648795981928,-0.06210585244216581,0.0022392620695596624,-0.0757703881916737,-0.01431689826194023,0.11163854738442901,0.013532511814797693,0.05309053758458283,-0.012085946859152862,-0.017492378230862523,0.05286335305686326,0.0321343101951289,-0.03811242177476688,0.03322597290111325,0.08561956396959564,-0.05437172007146631,0.06587406211976478,-0.015091279892647153,-0.023896504116121094,0.029029862390167457,-0.03528250577776026,0.03666868935684113,-0.007316338004342786,0.01304340281412869,0.057067203826419124,-0.010485488533489452,-0.06824205792388327,-0.010272093949543492,-0.014852101307938848,-0.016841911957054284,0.03173756391667341,-0.038462211781611036,0.043972525134447646,-0.016464551775738436,-0.01208420932324786,-0.01071019710419355,0.03505408741980888,-0.0232563917743067,0.009427696577889179,0.028385174368773324,-0.01242559686858131,0.004504220632536706,0.0011830280032093202,0.0011449407043118119,-0.0072481745718651815,0.014377270349002581,-0.0011657331467618782,finance
187,-0.08647078299136664,-0.0006905526625681379,-0.018055145149372006,-0.12328036028444216,0.01334985143771241,-0.05688987338725025,-0.055381252457594336,0.011155677146026137,0.08767767088112877,-0.030687646168151714,-0.010901655767058644,0.034938196015431536,0.10510412413617774,0.03770566731950065,-0.0002962590229345991,-0.08437729686596407,0.01229855258976876,-0.03951007159036387,-0.13050246368155557,-0.018076063243811603,-0.21079299873226234,0.3319021127812473,0.16656728082216193,-0.2694516110543709,-0.42172764080192915,-0.1754402369917984,0.08017677953832357,-0.04122350156991958,0.07711479013046763,-0.09083153716924852,0.011040061695324949,-0.012525656038183326,0.08070556622428489,-0.09920514519470978,-0.02962360259008017,0.03282556457859842,0.028127164836150523,-0.0027586266996508933,-0.016233193865552234,-0.007791117140753295,0.009443049273538414,-0.0007212803338887993,0.037465467948872844,-0.006727658138429469,-0.017951333217643736,-0.03156198028471563,-0.025936267630775316,-0.0011922944724009192,0.01126629540164258,0.037795079454158526,-0.09593971657527355,-0.052122213489007876,0.005820877339285076,0.04069128265799888,0.0021379727549311477,-0.0057497234421661145,0.030154866335862104,-0.04345114176531672,-0.010195222503544713,-0.016916857532978072,-0.11739624523927877,-0.009241503949547172,-0.06802736282420205,0.02467640458379236,0.09516163593537659,-0.0329858240634678,-0.015088529772644832,-0.026037102810884328,-0.057131797558429585,-0.12238688406667915,0.055848093935597545,0.05173821128752882,-0.028654001983623393,0.05471360813509384,-0.0006064404161951058,-0.05901032229952604,-0.06317331648066107,0.1586840927319841,-0.024559116159202067,-0.02879798727550052,-0.03282165213176555,0.005783808665017189,-0.028472072401889252,-0.15155977939171475,-0.11006199543828207,-0.061315765878825534,0.044184833105780585,0.04079720831913916,0.013695930679041835,-0.03044477557106631,-0.008812965329966544,-0.00432297774714729,0.043149149964370866,-0.2068702140215222,0.006832650091636997,-0.012203731965144599,0.004995291348274609,-0.009395251444776013,0.04181037341135078,-0.005740425934720549,-0.028982134558872386,0.040748786506374125,0.036902933883907064,-0.010998298628716383,-0.04286621647626654,0.031232744922315377,-0.003380927373547732,0.002675539161049692,0.009163531070396996,-0.006868741310891984,0.01683471874383453,0.027544924046928244,-0.07842388422649367,0.04223665775964288,-0.014841939705115192,0.05789506298277555,0.03145679101537743,0.00039396590285196054,-0.011080310777172067,0.014813472509660764,0.0016805044402169065,0.035556493164698194,0.019665937723960185,-0.0011598811711652829,-0.014123275516213403,-0.02430404734941614,-0.037879029904212956,0.04199735863301808,-0.051975543234614126,-0.008106722799911724,-0.010617019407618444,0.007817051121948608,-0.0054670064002005055,0.031106841314160458,0.029754384533546507,-0.00582765339390086,-0.0065970758852058435,-0.00310651156007036,finance
188,-0.2135398681874184,0.5015713303540495,-0.24795227661856228,0.1803116072425651,-0.006252997196897277,0.0983897475933791,0.1588721562503591,-0.04557607160124162,0.21509484637615628,0.05948617883594558,0.026982705510581732,0.039360038308594275,0.24529469885450444,-0.14231369011891434,0.10155147346748852,0.16137410114842138,-0.017238940588275638,0.013098632684873707,0.03858658423260596,0.01475359930114296,0.03705769003649972,-0.08224753040091924,-0.026623839539847635,-0.007304895521475088,0.0029285380687461386,0.022605746648986316,0.009574010427343174,0.03577901172841469,0.05343169458920983,-0.02549597245293775,-0.01940403573787178,-0.10319486836876092,0.06276253188961119,-0.06953075078562822,-0.0618755582135529,0.0806796726962561,-0.033399055757664185,-0.13868082204253926,-0.025904119327057416,0.025957044691355072,0.057799219229890786,0.042270100883163644,-0.026744779349153574,-0.009631500038991995,-0.02583059945123601,-0.01677128948960494,0.026811123509265088,-0.005598749303715931,0.013499570016006258,-0.018706924218185296,-0.014052014719978712,0.08709504758606157,-0.05588210342351386,0.017088507908943763,-0.00823817978839765,0.018907580311703764,0.03758157302494123,0.00930605779725037,0.0027023149253600732,0.027740296321403877,-0.010430590311577516,0.007822845155720461,-0.00932694141069371,0.019149681481596337,0.0010155037623149317,-0.020140336070199993,0.010925503855291974,-0.011972414562250988,0.012963954255837738,0.03421546227706591,0.0026276843459832155,0.009037988893935357,0.007664339788784056,0.004678631093719712,-0.023552028473997844,-0.01917867896887129,-0.0185779092333958,0.0021568685160619485,0.013883098619844133,0.04853665736813699,-0.015399152497680533,-0.014267102027493653,0.0059484917430016665,0.04003862683783004,-0.04622050911438144,-0.041073841215894885,-0.025215126790903042,-0.00997741509515793,-0.013894098789982483,0.014068877473107505,-0.025414151689328313,-0.008454934090042986,0.041334878748382556,-0.009756128414606822,0.0333470959269471,-0.011989981354919408,-0.0038525261063507748,0.00299604758843388,0.005723726995449727,-0.03553583329633358,0.011015577914909274,0.007486193747209695,-0.009054722235164065,0.011260899310239,-0.004600456033130944,0.0037685869403269318,0.013350866868801124,0.01168148441193,0.01825763079309568,6.365611479435629e-05,-0.0008717389310810193,0.015407453115806368,-0.026195508828861076,0.02085067793092867,0.003181310691073177,0.0031174839268690974,-0.03444208816211563,-0.019953973616916712,-0.028734554530904302,-0.009658487482081557,-0.006686129728885961,0.00516221909844004,0.0054699252051678155,0.00426247908089349,0.014805054572693247,-0.041516409858933734,0.00377957664848462,-0.06088910084829601,0.020791871067069485,-0.01469859752589094,-0.01863203429227745,0.06273162040325135,0.02185084140442989,0.0025859651250137515,-0.008705618396890085,-0.03674852915344746,0.018304765872609503,0.015971628148388185,finance
189,-0.0689403434986772,-0.011432984634000509,0.002397867519099768,-0.14666730673729345,0.013411217172558831,-0.06160714397908741,-0.0813198273201365,0.03373090361844543,0.053247055306291736,0.03165410045242423,0.009736377803483064,-0.0038695107235085665,0.0763251353576645,-0.02372797348874614,0.027653819676077628,-0.1214819813367065,0.12405196325195413,0.03446649986901822,0.019085413906840053,0.048019199758408536,-0.16655420646251323,0.15323921028841408,0.05616124009292273,-0.17690898678399836,-0.19990979158780686,-0.09839313499031013,-0.02763876729591014,-0.02066993419181433,-0.06677463227418445,0.07299921592467842,-0.02524049400599911,0.055110341302751116,0.052566990790363595,-0.07592390329521445,-0.006099027317483306,0.041912806733168634,-0.026932575993590266,-0.1725761395383646,0.024100425654109078,0.037814308872543695,0.06156144001897427,0.0463248195986667,-0.026863685486765685,0.16355438630518437,-0.009461661708244279,0.05678587945174528,0.0005970285826542998,-0.02487813891108216,-0.11671095972031531,-0.14538415494896909,0.24569315728945637,0.031929063603046724,-0.03112454294352768,-0.017461337681356368,-0.0572994880700191,-0.08120688640622202,-0.10241722796526305,0.11049440596382512,0.07134326701815304,-0.042207952660295506,0.2669122499492625,-0.045271351348954235,0.0875075931610793,-0.05773385106951788,-0.11713910027505679,0.01675043355756724,-0.07740688911409287,0.056606685102563586,0.0457478120082736,0.27843135862212864,-0.13237263533935434,-0.03934986518694191,-0.021282081798464032,-0.14811871043484026,0.058290919602171164,-0.006732487375802483,0.09451868831789434,-0.17320287197490625,0.06793771246771535,0.02245189771083011,0.1189133163638705,-0.017597588022082746,0.08695944881534498,0.2593175345438791,0.1399069715890197,0.09882047686648426,-0.04739244530093572,0.004519913658282625,0.028711993938591883,0.07265324883196024,0.02556391613665619,-0.017583797582820977,-0.020011260441406876,0.1936942805601425,-0.0025028739253095816,0.05089813085919254,0.008781212147848156,0.022812494255960967,-0.008133452564699453,0.012126901646468428,0.041287384876229884,0.010601746447970602,-0.053314185041479153,0.016598818636091577,0.03734526730641778,-0.07960920344185228,-0.0010881768946330763,-0.05798270574411001,0.0027052034058984765,-0.0023976954741346287,-0.01424212342166657,0.0005833462587472566,0.12286692359541568,-0.01359211977984004,-0.006597054415773828,-0.010915084776601507,-0.022260168941502446,0.008597012397909302,0.020642490224697878,-0.0027470623471056582,-0.024752773605164192,-0.03334070003387556,0.01890972752866059,-0.008364148831054578,-0.020836529290336272,0.005924680833181479,0.010642097446914113,0.03628203749031898,0.03305198439483668,0.02925582388107103,-0.03418447041579673,-0.009118691663411546,0.0222567336512947,0.028710984993372404,0.0148349140478865,-0.026051971655343616,-0.03627896938793519,-0.0064667392035670426,finance
190,-0.1939874672441985,0.4679471388760963,-0.2126561406217681,0.22874636959830577,0.0014773074680785273,0.06732697761911535,0.10678003315613281,0.00828675656838425,0.003441372983690243,0.07246974221362198,0.005086208944555729,0.06244772832800952,-0.11296928473105372,0.08529147699260556,-0.12921909440508786,-0.1939979572084112,0.12410098052993698,0.0008218261608701586,0.06168634058956177,-0.10617711756819573,0.293004545137133,0.10384592771895716,0.057051164978207246,-0.04523247094722549,0.07526102072948754,-0.10613385521511254,-0.10151871536257655,-0.023483727115079064,0.02540840914872996,0.08619465882352194,0.02171669400592477,0.0245953278913107,0.1316131397352808,-0.09381633317047072,-0.005862128325945077,-0.004861007942653856,-0.00990943067436167,0.02709976340174478,-0.017775686595977752,-0.02692390346202474,-0.013890158072909385,-0.009661613712734494,0.0053076755293558165,0.025818069806076496,0.033165170386912704,0.054315315470457835,-0.04174572786164478,0.03540473910711457,0.02458265594554937,-0.05598660880313579,0.06130312969882142,-0.005942780404158668,-0.016885383121379327,-0.029464212738007624,0.001980659203869907,-0.011994825496187338,0.023719034241502557,-0.02225868055004173,-0.006515988806798034,-0.0005303854097701806,-0.005271740550318109,0.028117272464031354,-0.016319687834785386,-0.021132514561200712,0.02310126181005698,-0.0417505295595212,0.011321801181899545,-0.05142820598483674,0.02798333784784257,0.015628227021976738,0.004486815784907038,0.00016675826183241074,-0.020029556544046923,0.059358898561801404,0.03280359206920582,0.02721921213588593,-0.03800294041037282,0.020147307344458906,0.00984453999408548,-0.03803249128756028,0.024794249841733687,0.029126452614086983,0.026017845605876715,-0.042294612563457665,0.021817271007236943,0.03538156233372777,0.00892317013218779,0.06642696049329387,-0.00011602445395966108,0.04592683640058173,-0.022591274195098106,0.011119165428625052,-0.0448934173831341,-0.014999648123099263,-0.08773695484304248,-0.005089357760498584,-0.04137936110498932,-0.04028715766477939,-0.031808062440402705,0.012173057491454836,-0.02578208935855571,-0.01816954880969712,0.01485540117362776,0.01583499402632348,0.07372192165307202,-0.05698988479433094,-0.030967660220926948,0.0019631247653465558,0.02184078213519332,0.039547069886767296,0.013682132977148485,-0.03647103205311275,-0.028280849343020987,0.006707563078611543,-0.02981955708927827,-0.00415937302603538,-0.00034955129297899537,-0.07134181150825106,-0.03149683691232077,0.03441571577416555,-0.03435943325446388,0.029299620874601466,-0.060187792332570655,-0.043571284610263855,-0.007028716850341717,-0.05052167494214468,0.04698082319141563,-0.057170557830350396,0.07862095051339801,0.020308314400824562,-0.00416274861999676,0.05502962704418887,-0.0003635562333015107,-0.0474733662942158,-0.08657423382214434,-0.011254314820403651,0.023436294163621373,-0.07109344337256103,finance
191,-0.20291678352889522,0.4718669226694059,-0.2374236970231824,0.16126059431704526,-0.006716762603211464,0.054475695640691914,0.06704220308841578,0.0030706776615912657,0.023320049546069446,0.011903531597596722,0.03246670975599037,0.0026387294434809974,-0.05900616045650161,0.04980333631158812,-0.032837805982836824,-0.08238836488056998,0.03212830887340238,-0.03966498849689002,0.04790135811024513,-0.0007837901271513984,0.02894148340736896,-0.06279449805671439,0.03047468557562396,0.0055395703199778564,-0.056457251586461074,0.00020657971365536728,0.05568744238339038,0.007394440671380722,0.02930768564937355,-0.014299800566122206,-0.02025998793024605,-0.09693769171829202,-0.13560817573810383,0.10003548821745384,0.0005723079028566172,0.024712460080897614,-0.033850768565810915,-0.0522872332341364,0.055904328326276495,0.10448945610818353,-0.013715353081279868,0.031447892418471644,-0.014571737798879844,-0.04239579117307874,-0.05683571014717481,-0.04092603916100556,0.0592083331609761,-0.07567898733704058,-0.008234003159108116,0.09248550906524197,-0.11241768831084123,-0.010849812819771903,0.12860492798870135,0.004986506985438468,0.012634894913004565,0.03384779325449487,-0.020534357150408303,0.00438799990893683,0.07555752246774415,-0.029131071962606225,0.04055532408507059,-0.0360231556238691,-0.0018447222801678414,0.04019692953556194,-0.004094172760748129,-0.02690813394584528,-0.0894924912930479,0.016523106944592157,0.02205875929689108,0.04574134607801168,-0.05759796328185693,-0.002808801791441247,0.00638768817011309,-0.13571159486842313,-0.005939555260392451,-0.1341641328225262,0.01321603006875832,-0.06165922213834548,-0.010659111911171068,0.07120631302459812,-0.07318864854418185,-0.04783488122565479,-0.0815493686140224,0.0964724159336346,-0.03279215292253691,-0.09623306130247096,-0.05654088363458127,-0.13250626999084383,-0.029324798027475476,0.04888098421631846,-0.021474966099214194,0.006254613068959709,0.04763318372122128,-0.025203327159061588,0.12565950115630792,0.02222960497603597,0.11610819650713657,0.0025972236794932118,0.008999462040182832,-0.063875962898882,-0.0005067885384270129,0.046121953318449635,0.028843146856621333,0.04154078255053833,-0.024261133471170503,0.08132251780739931,0.030562740401718008,0.04857032121739222,0.010574656106259647,-0.058722223739025615,0.03494567884482849,-0.03519075660707601,-0.013411918673534723,-0.014593381096531133,0.0417426056022543,-0.004245314698321368,-0.041148339151715875,-0.042449900892719376,-0.02358250290803482,-0.046740447798704086,0.10182306437016911,-0.029536335126864117,-0.003294546831727533,-0.016588617470020744,0.0830440633786517,0.0005760475838930458,0.014931918199268994,-0.12126225365367556,0.049869601328566444,-0.15240505228120793,0.03100039651653541,0.13172542628472772,-0.12360179552888484,0.03242877114254303,-0.05754685609127592,-0.05223651991807734,0.021550295301364715,-0.04926778929467208,finance
192,-0.08021688924042064,-0.01938603129065692,-0.012018896571520518,-0.19691730576571476,0.02223428826153464,-0.09370177051002136,-0.18701596294919057,0.04515575576374392,0.0009688004679932248,0.07825806951258854,-0.015488276522219738,-0.0026849130845379714,0.15427896305803593,-0.0003766319388132784,-0.010832428186411664,-0.16976398795448663,0.6280852614662383,0.3567400674673326,0.20848629076926292,0.11422436238039244,-0.1647418942581563,-0.07527410185781537,-0.2058732830399017,-0.03905976544507694,0.037664182093354225,0.1878830757913055,-0.03657669029845582,-0.07968816018151849,0.02077436093769489,-0.03267189225032212,0.021364102829313378,-0.04198585100951829,0.08151772704540186,-0.02961039004424489,0.00768315775368971,-0.041330526084449634,-0.04521782611246319,-0.036211740419195976,0.0249483638677837,-0.04214194383096448,0.01575548275986603,-0.026567558120129904,0.036657114465876446,0.0007054657983035085,0.004110093749363811,0.0029953807921855296,-0.028343636274586415,-0.06705183812951565,0.08835715531498195,0.04548923448834301,-0.030239627393465408,-0.022743117428589116,0.006297449389398559,-0.028765017978183375,0.022367930721580692,0.01248461526857289,-0.03464648319619252,0.007928462342509334,0.022210102148611934,-0.0015656773437263444,-0.008408334729677579,-0.019449661354507316,-0.009020823990245239,0.04000262626035974,-0.0030999631078169774,0.00792332039525304,0.04283219580998343,0.007079879479181671,-0.01058936360461993,-0.021703586898330025,0.025595189486479417,-0.020255605413633648,0.032203299926494344,0.02860530317505363,-0.009221483417560234,-0.007442506812235386,0.009948193994255016,0.02725943368922058,-0.00825363792271466,0.0173132628983202,-0.021344430366724912,0.029639080716465056,-0.025425460008188704,-0.03514304551724976,-0.01839578193893035,-0.0066065920601664305,-0.011467106322540688,0.01557660129673877,-0.004465409498735714,0.010416631560548681,0.0077386194166535775,-0.008379426842861276,0.008156073073809838,-0.021720006018372557,-0.01395263189621254,0.0007285374453224491,-0.006535286479037417,0.00496333101735325,0.0029196109694871178,0.003513182182245137,0.011575718835781212,-0.019283638666629063,0.012227682876953389,-0.004042519901402061,-0.022397980050882258,0.009806591312260022,-0.001615062171820752,0.001627142616751926,-0.01163431278335763,0.0007725927739440995,0.009872864063597551,-0.006803869697219396,-0.013549021835769424,-0.002431144394038231,-0.012039420447214755,-0.004369207471808575,8.017614069627699e-05,-0.014038600154706045,-0.023954329190020256,-0.0033367523703893604,0.006040382552703375,0.01588926768368311,0.017254253947914334,-0.014394814348528148,0.014925904462128613,-0.006933992070312856,-0.00377590768373172,-0.0120055642821099,-0.0027479782476149367,0.006273240114401983,0.010201067728098671,-0.011952867691105722,0.006193999824109255,-0.004144049103610787,-0.007715141587724906,0.020031071405774176,-0.0009416168226652653,0.006049459465588795,finance
193,-0.10028643609517546,0.03889480418749141,0.09540381719266543,-0.18512358736814852,0.07284641826601267,0.06556784674021157,-0.14479009251676675,0.07904419635503199,-0.10080084919619556,0.759663450194576,0.11734681607660366,-0.05505816382406866,-0.1944183803659888,-0.09739228573616995,-0.007752109650852421,0.12333695876354357,-0.11281201304896732,-0.025420292553725587,-0.03994891289532422,0.00030147060541642156,0.04356661128305591,0.05944539588581165,-0.0054764003768987,0.004750806536212936,0.014558311593669954,-0.012303353850625472,-0.02645038480978649,-0.05091289604739073,-0.002204642791890677,-0.03930556860965842,0.011623647258377123,-0.024469191970820196,-0.0025281399374916347,0.002549798797029833,-0.018935133234648356,-0.018327944386560945,-0.03617182240874055,-0.0147583303013783,-0.022019817380284582,-0.0011266263608976333,0.02278176273079484,0.002045246286699729,0.0025755921643032444,-0.032008158198276335,0.0017823072386845846,0.007595492388518161,0.006662027632170125,-0.03257524069290108,0.062365226145247865,0.024065697502709,-0.010117731929447966,0.0001051581707878938,0.006658440699394224,-0.02841207239221304,0.014486519914112763,0.0244775982317471,-0.017598553189485278,0.0055127502522035595,-0.04032056918340852,0.002042612700750085,-0.0034376256242517685,-0.03284836760355852,-0.021970198244109257,0.02817312179511156,0.004000542587376334,-0.0010209267004750349,-0.01021258371823247,-0.0009323109824911712,-0.009611929621357455,-0.011587273791468705,-0.012010848451512181,0.007549340358644574,-0.01224240261746646,-0.020132516146758025,0.019041137002586632,-0.005593401938266689,-0.01236548400913363,-0.024880013114616805,0.007498119651253807,0.01366325981648208,0.008125180526364401,-0.0167921504813948,-0.011314458649244671,-0.012190744371432102,-0.015458713244976052,-0.02224836718291569,0.009678675589731612,-0.019369141426783743,-0.01306026184959126,0.003963744975173711,0.0074981977489864396,-0.009879562218096358,0.010885730813105092,0.0038449151316120485,-0.0034506350134607855,0.01070618469206828,0.008526422857947191,0.006720710340460061,0.015944731587915404,-0.006367022341469982,0.014953785917995135,0.014859267063182946,0.001684421255556407,-0.02478050006996922,0.020575252347567026,-0.0151920561049806,0.019388283215753453,-0.04701644601808192,-0.011492197596151202,0.002366107491401526,0.012956734185154419,0.0023258849632257555,0.004077656400094256,0.03657347278809383,0.013573740388527494,0.018190482251076574,-0.0035262990948013717,0.007421012583376688,-0.01620358901473169,0.00352752691026752,0.00035273290975948245,-0.020856276460720562,0.03704906056958854,0.009837284016357025,-0.00708039986476544,0.025137378432114537,0.002129930876467567,0.024990016179105186,-0.03211968031585519,0.019578824786704405,0.017939949128541157,-0.012028800173615559,0.012460429224363126,0.023166650561739142,0.0324787200847379,-0.014144708283201671,0.010715894905605124,-0.015145828821697398,finance
194,-0.1051457943360212,0.10516869224590646,-0.06275569773160031,-0.06852040949931044,0.013821018350444601,-0.022787967694935057,-0.030174493284302658,0.000156811113258809,0.07274195855760299,0.056251079655551664,0.007824913319682457,-0.013559044756849707,0.16637187405670764,-0.10027909383854415,0.11812984630291636,0.16610779345835525,-0.030382679230775173,0.10250411164986184,0.050269781231720344,-0.006790271139654747,-0.10001816248522297,0.08698011640376878,0.030898559677246848,-0.010549262590589678,0.082537607853232,-0.004440702361242591,-0.022449026941018864,-0.034675009387738105,-0.08242683868965023,0.09687951399815281,0.10020226415641371,0.21393621248166175,-0.18428156326519807,0.22558839066392888,0.121830999157787,-0.05819025065716014,0.04613980282258599,0.2540294463423093,0.0814246623864414,0.14053151688815585,-0.18415163646333294,-0.09133973715681558,0.05792199564139848,0.04398663756288557,-0.014514021213808494,0.08415122186110799,-0.09745286498195457,-0.0024432453156228986,-0.0861724353250341,0.039068675707595556,-0.014469674817401213,-0.1622531974866762,0.2099275193550693,-0.007147179501307237,0.05988870611085517,-0.009396638875385029,-0.13364144030983996,-0.11357677111847024,-0.012956367260575393,-0.03972323150493519,0.006965751048485036,-0.041804268359366945,0.05844755012073994,0.05143701994476981,0.022061571092626936,0.059620403419356406,-0.04064742940592444,-0.06482489399268863,0.04347618354373965,-0.0006557575588841256,-0.04227454224367605,-0.009108737722839863,-0.028284250170890153,-0.06252294958685685,0.05085478891076751,0.011755615121293094,0.018500226724405627,-0.03788294360253317,0.05679484547548195,-0.07215928318911978,0.02877462503828733,-0.025946020322605002,-0.04694926330140586,0.003235823544236577,0.08212249132603959,0.05499405002305509,0.017557927891420723,0.05395273559533939,0.04386659663216245,0.09243789895184128,0.06278409723851479,-0.010480856010902765,-0.029180844296436595,-0.02948795033638179,-0.10980575969290338,0.04036584083297439,-0.0038894683328216497,-0.0006748398485463967,0.06522022554425318,-0.005423722223063656,0.012798164197059796,-0.0010476816090951653,0.04533441411060169,0.03142552838911195,-0.00026774968023420063,0.06215497234810279,0.013453662490487864,-0.012393832505451476,-0.0895034846647782,0.0267681727633229,0.14782213552322127,-0.002863651444927514,-0.18721210354266907,0.12323190813381747,0.08138648259016103,0.09310063200896075,0.05889784679403555,0.044171292116456255,-0.0545789627308742,0.05987183209890102,0.18600639874615488,-0.053018184143696356,0.04001638459961464,0.01584773040240264,-0.12441865899958167,-0.023164727271072563,0.12081467868277958,-0.1343027249369357,0.07168594280988287,0.011382666441510411,-0.14300229723219735,-0.11811832713412734,0.01839573914543151,0.009005822039771877,-0.03213185625473423,0.03785979702572862,0.02979841591697996,0.026055199048243025,finance
195,-0.06829996418220532,-0.02194410817939489,0.0026989702926332798,-0.1171402879633758,0.015913554908654964,-0.11512921128774212,-0.07185748512393872,-0.00379003459072882,-0.008816390593025606,-0.0309976871471868,-0.05443704363523298,-0.02767328630837204,0.06015046975341805,-0.06871768193892858,0.03217812661288001,-0.10347641078843202,-0.05320461111091527,-0.08591522083911193,-0.09993532002853112,0.07793001921576503,0.16119571724974985,-0.05461961218138493,-0.10964162911556757,-0.03940855676895317,-0.0497250906989325,-0.047643980048887695,-0.0018301112939516128,0.09404899553218625,-0.02681909589499316,0.11476460039412373,0.01741695203112033,-0.0480673431550135,0.07152747863265424,0.03026340501025536,0.09131859563935747,0.030827419834336622,0.03638290041994065,-0.05079177118907136,0.0640196388569365,-0.14071636446820965,-0.09289814477919738,-0.04781392586858269,0.21036115418599383,-0.007894927550182809,-0.1565079098392186,-0.09499913670691705,0.06740543258824137,-0.11182304617326567,0.04508623994271159,0.05716730047362009,0.0018660075919671,-0.002624764537226204,0.020856674312804618,0.23711904920656202,0.14885931531321392,0.11068927412613135,-0.007477210284464992,-0.010728176927247672,-0.0680147607563413,-0.000907278633073696,0.34507522473414265,0.11721208074643448,-0.054038419512065054,0.006599901745590067,-0.04005292562351692,-0.005471650369646817,-0.024878443787406952,0.012995325338698559,0.005054926454200016,-0.1529174423856335,0.014375035554056625,0.062380755815955716,-0.006761912026163793,-0.056018516847940916,-0.0574596532421329,0.03729969181426982,0.04812900006317206,-0.09427295106078046,-0.017587834141008497,-0.1632422377490089,-0.11972414441959896,0.033238687557557496,0.05127115906091969,0.017087872266250918,-0.07902777084979055,0.05604848221051215,-0.14642490249476756,0.0752499340268307,-0.2450993064532846,-0.002490981434097908,-0.05247219589209096,-0.016453564903751147,0.07706307240222618,0.08295418320190699,0.0028948882977858177,-0.13653011018291594,-0.036603907772867324,-0.14077198821380624,0.14545709964298392,0.16070087771265915,-0.18557621085235326,-0.16175499192237164,0.1132493360913219,0.06591921125712258,-0.009750683989244878,-0.01563320837094414,0.05957577333707477,-0.03033927727757764,-0.02705369823456514,-0.09527386958091126,-0.10675903611968955,0.007742073628645498,-0.06531248848040688,0.029732736709281987,-0.012471471339540163,0.012308750532010642,-0.05671775931224435,0.01447407543357839,0.0016607423879065177,-0.012582133935668422,-0.019656295446076326,-0.02620298823598857,0.02600031219899696,-0.053830300586371144,-0.050189603634274924,0.0023537302530946464,0.051658509995851004,0.011205104054074383,-0.003100932693964928,0.011056764576987682,-0.008999798915914028,-0.028627491715649964,-0.0020726680769473584,-0.0025544307276543126,-0.03927773487187884,0.00032077064324773156,0.03078330103565549,0.022504159019864096,finance
196,-0.08985608662161056,-0.03315622742823158,0.024996163963334452,-0.3495583291970988,0.23467534844274984,0.45471011811940254,0.21181556844836105,-0.023022809580024364,-0.21847228179657255,-0.12518141073404174,-0.06390407972875989,0.011895759972599599,0.034786732929154476,-0.00833470430130608,0.008089306715499405,-0.009805958442963726,-0.018731887238131753,0.03035585740907237,-0.04132032353673568,0.0042700668150348385,0.0006958271377764568,0.015446303910112716,0.01250571424150567,-0.027262698531501605,-0.026538880296863993,-0.003605014480019209,0.022187105477787423,0.0004004929951495919,0.0026840821554135435,0.0034213013630887542,0.00280598614922342,0.020093871825778164,-0.00412745839230359,-0.023314818983591543,0.0005888538814236669,0.011376005721381829,-0.009323765339774049,-0.032869689433996756,0.004364116793344265,-0.03213594311549705,-0.004001555327550105,0.01670843654476228,-0.01800389812751056,0.04316731180808104,-0.015486848617251853,0.0132947847723396,-0.009752500335184105,-0.03166914819559277,-0.017637698105699005,-0.020289707842378032,0.03062923459210908,-0.017582793607334023,0.007278955626966305,-0.02973879827629516,0.018446277096351337,-0.0016503841693342332,0.0013173142905335208,-0.023776417351203987,-0.00363945277543628,-0.011069935212156512,-0.019705411075048963,0.0034039117817764395,-0.001346133816425701,0.021313624013193623,-0.05378802964593995,-0.02879177068277315,0.029981723743914654,-0.03042775976988695,0.0524179832797017,-0.029241684176905244,-0.01933359371520991,0.04576258633509933,0.0323965423831774,-0.005042724309090995,-0.010622303824464644,0.02340103466856876,0.004150726010154913,-0.01971557985557291,-0.04052007796610699,0.007922128421666341,-0.0036636775712114993,-0.029380861045685852,-0.005555516793479565,-0.042707331431132235,-0.030198137082286178,0.013998120647248709,-0.020639958497163324,-0.05885546492457159,-0.02842308133886787,0.07399662119535107,0.021615729244200858,-0.03798051222755255,-0.06146767105159667,-0.01111036022287377,-0.021914548544214783,0.029533555104969227,-0.0040295183820828655,0.02228985882783211,-0.01844393442904455,-0.03607716566673945,0.03489606681291939,-0.04487740624697576,0.014873513150386476,0.010279280583905833,0.041740197153352546,0.08836822431843508,0.04508862158035946,-0.026151475805592496,-0.008808191867231457,0.00893625440657971,0.014161668014437965,-0.01348913429744107,-0.04775351172954834,-0.1053100895531749,-0.07815299856509066,-0.12338475494487991,0.028520283254044255,0.26919228416655716,-0.11102739205231646,0.05253786494978256,0.0426580005084732,0.039349166727114096,-0.1744840521716046,-0.08674654910900728,0.09022915878030865,0.17040241944589982,0.020854686854559476,-0.0040100286115673294,0.07322705850418777,-0.06009674327738712,-0.09455714083112468,0.10293607321128413,0.09088498574472802,0.026087036734710547,-0.11739408959112198,0.022037732780058165,-0.08643744273813703,0.028465980374974626,finance
197,-0.13754446694160213,0.213959291234334,-0.10692875417998539,-0.015258126805306074,-0.01483514772004192,-0.05430407901137935,-0.13376248317136857,0.014703524701030556,-0.21476493849011624,-0.029673403805706766,-0.0038000954899130046,-0.0901291399409955,-0.13395039021792698,-0.03405656077553668,0.05498452976680327,0.13721625776697383,0.09081083060519295,0.10156789199239499,0.1197576642312096,-0.06567689858508029,-0.075477491133226,0.04871464548703711,0.05782186397662508,0.05084402028567508,0.017235718915965915,-0.01919767439656496,0.16159047709750057,0.049738927598481864,0.1680978622662533,0.2471888030781509,0.2626618528812628,0.12464092724354993,-0.04197657727236489,0.16965192808263874,0.01805480393622525,0.1284984287810144,0.20321465401908062,-0.18647011895056528,-0.06504199843850725,0.019714115039091054,0.05540001934081299,0.03348401070470739,-0.04453197606637783,0.04932714654356149,-0.09183564336919575,-0.03212627254326352,0.0850877278928562,0.07487733853944144,-0.1407569674154586,-0.009624255654363536,-0.07596114878678815,0.10519207785749927,-0.14584658283446092,0.21619204139115938,-0.056642762046267524,0.031443523423803243,0.10180385804419195,-0.041510291646366305,-0.14005366841962927,0.04831042570972997,-0.0957561829314583,0.01661079026284188,0.008938487212918672,0.03214259445797803,-0.01983675776503152,0.05150454642966708,0.014595816681433532,0.054748484561599135,-0.01980985453225385,-0.02278737784101982,-0.060394828418764604,-0.03384615587614198,-0.024353089208099744,0.09619546032664633,0.03293871840632904,-0.010944493584884673,0.03033415304611376,0.03429392059412646,-0.05735457985004615,-0.012934113537221587,0.05487819292981884,0.035352590382591635,0.11215471919716348,-0.06075477942134528,0.0020834768938625577,0.04848524539374338,-0.04310681739789098,0.05763140573066252,-0.001092954836956449,0.026564420256113774,0.05089244784956708,-0.03535886004805297,-0.09330688444936518,0.035270843542586555,-0.045420896632480987,0.0024003498443873244,-0.010221892774881985,0.009050815784456056,-0.03241619160327578,0.04422416050942615,0.03097120075892573,-0.007988794489562768,0.012537910135679266,0.004175415612842574,0.013484603952372401,-0.010954404547796573,-0.026272763194101247,-0.0444671759807572,-0.018080648431842955,0.04432616976540785,0.05089380874088764,0.02091607441276379,0.05698319123161443,-0.00885516348945642,-0.10596943152196692,0.06780478515835324,-0.07432908046898683,-0.0019941304045633275,-0.04052658521471014,-0.0162261645085919,0.041193826408800996,-0.01910480393296661,0.08484282755774154,0.05091040197775499,0.04533773858950181,0.03764944329631893,-0.013995147518486533,-0.044748409484134506,0.001069703446484888,-0.08735847994848235,0.00510995653879715,-0.011697346182744353,-0.06408294908968538,0.04604173191523894,0.010272851914018851,-0.035843714620534844,0.005201118513140661,0.0038962451807499493,finance
198,-0.176307696378226,0.4059982627152214,-0.17460423036191533,0.18961241320679095,0.0008785560082709709,0.06328171665646831,0.08796563749949506,0.018323783318763137,-0.01339575912188093,0.09516812635390165,-0.000553849488640468,0.05448414800008719,-0.16169488916299984,0.12266815827841747,-0.16732099672812598,-0.27698308573151625,0.15667809643910585,-0.00315715643492164,0.07280070257510685,-0.1159686056689727,0.33713423228464484,0.1531052186509936,0.08216242977141221,-0.03810629942493411,0.10336647816334334,-0.11443502870008887,-0.13928400161120605,-0.02180059503117568,0.037862613295935856,0.09341472590216826,0.05536916800253084,0.08313976657681875,0.1657562693349612,-0.09396981062337638,0.03595930349208111,-0.02820205144955971,0.021612635472001054,0.06418676389269945,-0.007576312832681401,-0.02293073395092338,-0.06238563359934276,-0.01521080623085157,0.024015680082440895,0.029474248516704327,0.04880746010991002,0.056243816968506624,-0.084207044751422,0.05686221265071612,0.01792144384461708,-0.08267750535784951,0.07438157630152518,-0.015498967484069462,-0.00283039255232719,-0.017972138084653762,0.025699590836037085,-0.03292913301937583,0.008505424738743,-0.022458625030708102,0.0005619185226086212,0.0006863887109141065,-0.008735469806194548,0.026424330659647548,0.026813006395066657,0.005409837574820648,0.023036106522058158,-0.023796689837453807,0.017023234052344557,-0.0776818662138148,-0.003472047659583504,-0.009482601154479586,0.025643413445068403,-0.02734907893133947,-0.01392325731386792,0.04657576271362651,-0.017398088449004905,0.043257597047942416,-0.030974653368049925,0.049565395951490177,0.036465728897212134,-0.02443903220098695,0.04031352510494636,0.037296581985360865,0.04181804964041787,-0.0500475810833567,0.03698575720681704,0.04911912505344159,-0.002814055078757215,0.051368429717103245,0.0024750761814782496,0.03787370523859145,-0.02413924002497367,-0.008012783267915062,-0.05329706388028777,-0.012873827994559604,-0.08900972943041861,-0.004674517846043174,-0.03906350028426808,-0.011141787390471263,-0.025911808677993226,0.00641724246562002,-0.02111083575286344,-0.03041250869644106,0.019768957416270494,0.00792022903652603,0.050537589712642036,-0.051971861608777765,-0.03795936630487035,0.004846388878293302,0.01839129760910164,0.023730067361428332,0.014376435445908352,-0.024891657884947894,-0.030875410033591854,0.0011417947496771613,-0.02027173555312395,-0.0071527532908791,-0.006027671277590842,-0.018381881410117262,-0.01122201403941249,0.002551248738822588,-0.009715252004965272,0.03366027202307952,-0.024537970993927176,-0.01750695966199701,-0.025240419905929245,0.0015772187924139077,0.006462837959556817,-0.03473516217357831,0.025731372878626826,-0.01597941905862593,0.02408475229765575,0.04675027341070595,-0.028909907998059745,-0.008818217742550791,-0.04542834754096388,-0.02561430257451337,0.00845025394589732,-0.015054249529513319,finance
199,-0.0996717166891483,-0.03200673473697192,0.008396964812130673,-0.4030319873912679,0.2887998509409842,0.5459429271263637,0.2543114847503273,-0.03399960420214523,-0.24236026913133527,-0.12839089503218748,-0.036046747788780815,0.03930526540284417,0.006779331642627796,0.03563581113770635,-0.011732538913806406,0.014370650614093672,0.017646061821357053,0.05763101861008872,-0.017892324189505815,0.0035942615603497025,0.026067476807666422,-0.022832154414146766,-0.040202462191608314,-0.021407084098094872,0.012638226803919754,0.02610039479371819,0.010370858380174272,0.0029582271440118813,-0.03716442678947015,-0.0238000584443203,-0.0065883547644133445,0.03351926942884952,-0.011403914166114143,-0.010789048894166353,0.020378448861251466,-0.016776112470803902,0.001429462129084789,0.01341892776171572,0.013867136601654709,-0.011501038198261227,0.03587416276108129,0.006388424084794556,-0.010741928193678474,-0.007001172208297558,0.014382088857516262,0.03574737634188864,-0.013252248115579516,0.02443101367585306,-0.008478391837426897,0.01852139144711911,-0.0069741326602253155,0.039164734145347574,0.010109885345653345,-0.001269344281812458,0.013801757737874872,0.00984786161546139,-0.01443297062090211,-0.050193629042584786,0.01899947631710566,-0.012457985227237553,0.041234791374681126,-0.00366495293401143,0.027999225808969932,-0.003125996328917737,-0.003677556591287582,0.024233262913600503,-0.03138696596921987,-0.002493028937467981,-0.055032488654834164,0.005250524224306717,0.0221912647431643,-0.0038092383207293883,-0.05368962382840394,0.0032018188389002947,-0.004361326747375982,-0.023434262481947736,-0.009835624687522014,0.0005678764575813156,0.0024044155474612816,-0.006883502151454278,-0.023642591830532335,0.03914891274257838,0.0009949630459308765,0.03623456593819345,0.008131075414348233,0.01635385032542071,-0.025347224171556253,0.05751619814727664,0.03445949338206954,-0.04796836595902864,-0.03934053991437708,0.030623075662617256,0.03700020124819847,0.0038131218472037733,0.0068091369423443895,-0.010203346852356568,-0.040063668447209815,-0.01502034933591558,-0.021465307536457718,0.008343057881432692,-0.017584174074551668,0.018168326367215614,-0.004921752324061355,0.011837297927945481,-0.047643424795944495,-0.04782900139984271,-0.04712283452491023,0.06363526799064623,-0.01572035628847629,-0.022187352038525166,0.006297757089130234,0.030652888286437703,0.04520258398561414,0.07830393415514592,0.10239862267091858,0.14494028789940577,-0.06559929454684377,-0.21078030753361376,0.1257864291866838,-0.022502719212834983,-0.03482681661924612,0.0482072630350504,0.11987761114789042,0.07614268214486569,-0.026344172223057464,-0.07075663062308489,-0.019564408452530692,-0.05179388326133656,-0.04360565934913393,-0.04443626447400846,0.05123144630181596,0.00769141684103787,-0.0296091356830485,0.007943857798927562,0.008941363391232976,0.00486286386989596,-0.007340071024622959,0.0073723053807632066,finance
200,-0.18116612550840064,0.2494302261693601,-0.13148137993588346,-0.06868504775641304,-0.025875539748710298,-0.15866195192411875,-0.3097764068253187,-0.0033984903316152757,-0.3521751904856706,-0.24013238467699738,-0.019042601467259366,-0.1306384585203154,-0.16396035169928327,-0.043298892805357495,0.10875063333170484,0.2666759063676118,-0.050698516960949014,0.0836880582517309,0.12101531758879523,-0.07869948747988503,-0.12646044958399527,0.011194314787967372,0.06228281339539462,0.079775979880118,0.04446804657031298,-0.009461103699026377,0.0549638958456118,-0.0030066452619589364,0.043929339048787416,0.03298742161705392,0.05611913352012636,0.06606995666107451,0.06038129905405086,-0.07191157889402185,-0.009250210548811099,-0.050282981034982556,0.04725659571199113,-0.01693324533022738,-0.006470467669861496,-0.008796679581545817,-0.01848803199018162,0.00856781133201515,0.0050894466885095,-0.057669963880997516,0.031249966182838283,0.027974758340383703,-0.03022067610608552,-0.04071330826939465,0.054848093258682167,-0.024874654144315972,0.07632811133624201,-0.03112183423157789,0.04821488419603272,-0.0655790490199048,0.05605848292407382,-0.017143137887988612,-0.018670058577037935,0.018792946178005726,0.024959227909712518,-0.02828075332501088,0.04095273415686366,-0.012515499087680192,0.053029042510948886,-0.008694078670269001,0.001534201566141726,-0.011530578333108454,0.012854167806735404,-0.004956244647160391,-0.004028713768035053,-0.00572338306904572,0.019742034804026046,-0.02968516191908705,0.015947869181235377,-0.007519755397166701,-0.06014931265055643,-0.0052269683181056,-0.04514346083535738,-0.03137075930464969,0.017910601377248092,-0.00993073843282028,-0.016033359621424857,-0.016071628174227512,-0.040484524899255706,0.04901880421072955,-0.033242288872870854,-0.019440157085947304,0.062224651390521,-0.044475005169415244,0.027867946507859825,-0.038743294571644146,-0.05683922638999025,0.026644362220718917,0.08851736291505459,-0.027946642130990674,-0.014086511989285842,0.004107825455861162,0.02737877025568262,0.0033335168997533976,0.02443538818802569,-0.0335921749295309,-0.02475567490360242,-0.025341355374437727,0.01719302553774977,0.024431636393321594,-0.052208217949833845,0.01650251177478672,0.028924068882139175,0.06063776527123567,0.04504682062704011,-0.03246001388234839,-0.02721847895214119,-0.018725100477623352,-0.07585547106873915,0.00840316039755456,0.10914373778343636,-0.04782089408569794,0.050084732193132184,-0.02873203118345677,0.0671435791180561,0.009667110312513981,-0.08019539754236926,-0.00010946444286323958,-0.09943217342269686,-0.052856957153246134,-0.03777985419619778,-0.03870581925344416,0.01634557270572741,0.07389544629637101,0.0077251743216881445,0.09246246589098354,0.024029170034061333,0.045383449460797406,0.052693263238895865,-0.052430548079620644,-0.045621512865172124,-0.0029232230248930798,-0.030413497737273563,-0.015132222164001534,finance
